case_id,diagnostic_steps,ground_truth_ids,ground_truth_text,top1_diagnostic_id,top1_diagnostic_steps,top1_score,top2_diagnostic_id,top2_diagnostic_steps,top2_score,top3_diagnostic_id,top3_diagnostic_steps,top3_score,top4_diagnostic_id,top4_diagnostic_steps,top4_score,top5_diagnostic_id,top5_diagnostic_steps,top5_score,top6_diagnostic_id,top6_diagnostic_steps,top6_score,top7_diagnostic_id,top7_diagnostic_steps,top7_score,top8_diagnostic_id,top8_diagnostic_steps,top8_score,top9_diagnostic_id,top9_diagnostic_steps,top9_score,top10_diagnostic_id,top10_diagnostic_steps,top10_score,hit,status
9,Verify field excitation and checked for imbalance in flux distribution.,Verify field excitation and checked for imbalance in flux distribution,NOT FOUND,D311,Check excitation stability,-0.4615,D260,Check current imbalance,-1.7965,D126,Verify field polarity,-2.3575,D157,Verify field current,-3.1437,D317,Review excitation status & field current,-3.5022,D221,Measure current imbalance,-4.8692,D312,Check field insulation,-5.4802,D244,Calculate % imbalance,-6.065,D174,Verify earthing,-7.3991,D333,Monitor excitation & stator current,-7.506,False,❌ miss
54,Review motor starting frequency and load variation history.,D194,Review starting current,D219,Review voltage/load history,-1.9663,D226,Review temp/load history,-2.6134,D252,Review starting/load condition,-2.7153,D332,Review load trend,-5.9871,D322,Review load changes,-6.2337,D350,Review load/speed,-6.45,D153,Review load pattern,-6.6438,D255,Review drive fault history,-6.8884,D180,Check load history,-6.9576,D159,Review load cycle,-7.5294,False,❌ miss
53,Review motor starting frequency and load duty cycle.,D234,Check starting performance,D252,Review starting/load condition,-1.5244,D236,Review duty cycle,-2.4525,D159,Review load cycle,-2.9043,D350,Review load/speed,-5.1518,D153,Review load pattern,-6.565,D322,Review load changes,-7.0283,D332,Review load trend,-7.2208,D261,Check non-linear loads,-8.3784,D194,Review starting current,-9.0092,D294,Check load/speed,-9.9457,False,❌ miss
12,Inspect creepage and clearance distances at terminals and busbars.,Inspect creepage and clearance distances at terminals and busbars,NOT FOUND,D229,Inspect lugs/busbars,-1.5512,D326,Inspect terminal box & windings,-2.1935,D185,Inspect terminal box,-3.2142,D330,Inspect stator/terminal box,-4.6256,D127,Check terminal markings,-5.4435,D33,Check bearing clearance,-6.8211,D71,Measure bearing clearance,-7.3413,D250,Inspect cables & contactors,-7.918,D304,Inspect slip rings/leads,-8.2013,D200,Inspect hub fitment,-8.2982,False,❌ miss
40,Measure insulation resistance between star point and earth.,D171,Measure IR to earth,D99,Measure insulation resistance,-0.1528,D36,Insulation resistance test,-1.482,D133,Check insulation resistance,-1.8693,D68,Monitor insulation resistance,-2.4152,D170,Inspect star point,-5.7059,D297,Measure field resistance,-6.1465,D217,Measure phase resistance,-6.9368,D312,Check field insulation,-7.2401,D156,Measure winding resistance,-7.4476,D184,Measure winding resistance,-7.6704,False,❌ miss
12,"Check for moisture ingress, oil contamination, and dust accumulation.","Check for moisture ingress, oil contamination, and dust accumulation",NOT FOUND,D215,Check moisture/oil ingress,4.0237,D31,Check oil contamination,0.5151,D113,Check contamination,0.171,D23,Check oil reservoir condition,-4.4155,D30,Check oil viscosity,-4.4869,D341,Check oil condition,-4.8759,D80,Check oil level,-5.0145,D21,Check oil strainer/filter,-5.0199,D10,Check oil level in reservoir,-5.0641,D347,Check oil level/flow,-5.1434,False,❌ miss
63,Inspect stator winding resistance and insulation.,D73,Check lubrication condition,D218,Inspect winding insulation,2.4085,D337,Inspect rotor/stator surface,-0.5339,D266,Check winding resistance/IR,-0.8136,D133,Check insulation resistance,-1.2304,D68,Monitor insulation resistance,-1.4912,D134,Inspect end-turn insulation,-2.1098,D99,Measure insulation resistance,-2.1472,D36,Insulation resistance test,-2.1812,D156,Measure winding resistance,-2.4876,D184,Measure winding resistance,-2.5053,False,❌ miss
12,Measure insulation resistance and polarization index.,D300,Measure IR & PI,D99,Measure insulation resistance,2.4381,D133,Check insulation resistance,0.7233,D36,Insulation resistance test,0.5719,D68,Monitor insulation resistance,0.2507,D297,Measure field resistance,-4.4695,D217,Measure phase resistance,-4.5593,D38,Check mica insulation,-4.8097,D156,Measure winding resistance,-4.9408,D312,Check field insulation,-4.9734,D184,Measure winding resistance,-5.1047,False,❌ miss
12,Visually inspect insulation surfaces for tracking paths and carbon deposits.,Visually inspect insulation surfaces for tracking paths and carbon deposits,NOT FOUND,D218,Inspect winding insulation,-0.0242,D134,Inspect end-turn insulation,-0.137,D38,Check mica insulation,-3.1793,D54,Carbon dust,-4.5897,D68,Monitor insulation resistance,-5.7872,D166,Inspect insulators,-5.8057,D169,Inspect environment,-5.8715,D312,Check field insulation,-5.9783,D286,Inspect contamination,-6.0015,D220,Inspect cooling,-6.0667,False,❌ miss
50,Perform insulation resistance and polarization index tests.,D222,Perform IR & PI test,D36,Insulation resistance test,1.4909,D133,Check insulation resistance,0.0571,D99,Measure insulation resistance,0.0087,D68,Monitor insulation resistance,-0.2247,D312,Check field insulation,-5.3815,D38,Check mica insulation,-5.6478,D218,Inspect winding insulation,-5.6927,D134,Inspect end-turn insulation,-5.8933,D126,Verify field polarity,-6.7138,D360,Check RTD resistance,-6.9457,False,❌ miss
59,Measured Total Harmonic Distortion (THD) of voltage and current using power quality analyzer.,Measured Total Harmonic Distortion (THD) of voltage and current using power quality analyzer,NOT FOUND,D259,Record harmonic spectrum,-1.9703,D262,Measure voltage/current,-2.8481,D295,Measure field voltage/current,-3.3873,D276,Check voltage quality,-4.2178,D151,Measure current density,-4.977,D168,Measure current,-5.2163,D241,Measure current balance,-5.4891,D39,Measure field current,-5.6457,D221,Measure current imbalance,-5.6528,D131,Measure motor current,-5.6546,False,❌ miss
43,Inspect motor for internal short-circuit or insulation damage.,Inspect motor for internal short-circuit or insulation damage,NOT FOUND,D218,Inspect winding insulation,-0.9172,D134,Inspect end-turn insulation,-1.5864,D188,Inspect internal winding,-2.7377,D68,Monitor insulation resistance,-4.2395,D133,Check insulation resistance,-4.3979,D36,Insulation resistance test,-5.3984,D99,Measure insulation resistance,-5.4241,D312,Check field insulation,-5.8388,D109,Monitor motor current,-5.8477,D38,Check mica insulation,-6.1761,False,❌ miss
44,Measure brush spring tension and contact pressure.,D190,Measure spring tension,D67,Verify brush contact pressure,4.053,D56,Check brush seating & spring tension,3.0629,D135,Measure spring pressure,1.9343,D51,Brush pressure,0.858,D190,Measure spring tension,0.3587,D61,Inspect brush contact,-1.4941,D154,Check spring pressure,-1.647,D149,Measure brush temp,-3.2493,D138,Check brush movement,-4.9854,D306,Inspect brush gear,-5.491,True,✅ hit
43,Measure stator winding insulation resistance phase-to-phase and phase-to-earth.,D212,Measure IR phase-to-earth,D217,Measure phase resistance,-0.6271,D156,Measure winding resistance,-1.5664,D184,Measure winding resistance,-1.887,D99,Measure insulation resistance,-2.0054,D212,Measure IR phase-to-earth,-2.8149,D36,Insulation resistance test,-3.0501,D266,Check winding resistance/IR,-3.8431,D133,Check insulation resistance,-3.8643,D68,Monitor insulation resistance,-4.0443,D218,Inspect winding insulation,-4.283,True,✅ hit
45,Review vibration history prior to failure.,D178,Review vibration history,D178,Review vibration history,0.8914,D187,Review maintenance history,-7.4204,D255,Review drive fault history,-7.9475,D205,Review alignment history,-8.1734,D316,Review alarm history,-8.2446,D292,Review lubrication history,-8.3179,D303,Review thermal history,-8.3405,D214,Review operating history,-8.7152,D219,Review voltage/load history,-8.741,D1,Monitor vibration severity at DE & NDE,-9.3139,True,✅ hit
43,Perform winding resistance measurement for imbalance.,D184,Measure winding resistance,D156,Measure winding resistance,1.8668,D184,Measure winding resistance,1.632,D266,Check winding resistance/IR,0.1882,D223,Compare winding resistance,-0.226,D221,Measure current imbalance,-2.5244,D260,Check current imbalance,-3.269,D244,Calculate % imbalance,-5.0021,D217,Measure phase resistance,-5.0599,D225,Inspect winding condition,-5.3004,D218,Inspect winding insulation,-5.4596,True,✅ hit
45,Check motor-to-driven equipment alignment.,D196,Check alignment,D5,Verify motor–gearbox alignment,4.531,D115,Check coupling alignment history,-1.6654,D72,Check shaft alignment,-1.9166,D196,Check alignment,-2.1989,D280,Inspect driven equipment,-2.3187,D242,Check foundation alignment,-3.3654,D310,Verify holder alignment,-3.3842,D144,Verify alignment,-3.5715,D90,Check alignment of shields,-4.0587,D57,Verify neutral axis alignment,-4.1469,True,✅ hit
45,Visually inspect coupling bolts and coupling condition.,D195,Inspect coupling bolts,D195,Inspect coupling bolts,6.0411,D4,Inspect coupling condition,5.3999,D85,Inspect coupling alignment,1.2473,D225,Inspect winding condition,-0.5605,D43,Inspect coil connections,-1.2722,D75,Inspect bearing & shaft,-2.8875,D137,Inspect spring condition,-3.0499,D250,Inspect cables & contactors,-3.139,D188,Inspect internal winding,-3.1954,D115,Check coupling alignment history,-3.3808,True,✅ hit
43,Inspect motor terminal box and busbar connections.,D326,Inspect terminal box & windings,D326,Inspect terminal box & windings,3.6056,D185,Inspect terminal box,1.7165,D229,Inspect lugs/busbars,1.2116,D330,Inspect stator/terminal box,0.4332,D123,Check terminal connections,-1.6769,D43,Inspect coil connections,-2.6135,D127,Check terminal markings,-5.9848,D5,Verify motor–gearbox alignment,-6.0266,D188,Inspect internal winding,-6.2266,D213,Inspect end windings,-6.3723,True,✅ hit
43,Review recent maintenance or wiring changes.,D187,Review maintenance history,D187,Review maintenance history,-4.9569,D322,Review load changes,-6.3358,D255,Review drive fault history,-8.9156,D247,Review supply stability,-9.288,D219,Review voltage/load history,-9.3036,D339,Review current trends,-9.4967,D252,Review starting/load condition,-9.6323,D194,Review starting current,-9.8516,D26,Check RTD wiring,-9.866,D226,Review temp/load history,-9.8996,True,✅ hit
44,"Check brush condition, grade, and wear pattern.",D176,Inspect brush wear,D146,Check brush grade,2.5438,D176,Inspect brush wear,0.8716,D148,Inspect wear pattern,0.3868,D308,Inspect brush condition,-0.3344,D138,Check brush movement,-1.6648,D60,Check brush holder material,-1.8489,D50,Brush condition,-2.5807,D56,Check brush seating & spring tension,-3.1908,D67,Verify brush contact pressure,-4.1981,D306,Inspect brush gear,-4.3912,True,✅ hit
44,"Visually inspect slip rings for burning, pitting, or uneven wear.",D189,Inspect slip rings,D304,Inspect slip rings/leads,1.9019,D189,Inspect slip rings,1.882,D298,Inspect slip rings/brushes,1.8429,D81,Inspect oil ring condition,-3.5883,D112,Inspect oil ring operation,-4.1421,D79,Inspect oil ring rotation,-4.354,D148,Inspect wear pattern,-5.048,D240,Inspect bearing wear,-5.1268,D338,Check pitting depth,-5.9644,D176,Inspect brush wear,-6.235,True,✅ hit
44,Review starting current and load conditions.,D194,Review starting current,D252,Review starting/load condition,5.26,D231,Review current/load,0.9938,D194,Review starting current,-0.5853,D219,Review voltage/load history,-3.6406,D332,Review load trend,-3.8334,D322,Review load changes,-4.0496,D226,Review temp/load history,-4.317,D159,Review load cycle,-4.4057,D153,Review load pattern,-4.6189,D350,Review load/speed,-4.7047,True,✅ hit
45,"Inspect coupling fitment, keyway, and hub condition.",D200,Inspect hub fitment,D200,Inspect hub fitment,3.5068,D197,Inspect keyway & hub,3.4836,D4,Inspect coupling condition,2.334,D195,Inspect coupling bolts,-0.0425,D85,Inspect coupling alignment,-0.1835,D225,Inspect winding condition,-3.5584,D115,Check coupling alignment history,-4.3427,D201,Check key/keyway,-4.9915,D203,Check hub bore,-5.2479,D213,Inspect end windings,-6.9393,True,✅ hit
44,Check rotor circuit resistance and connections.,D192,Check rotor circuit resistance,D192,Check rotor circuit resistance,6.4599,D266,Check winding resistance/IR,0.8457,D320,Inspect rotor field circuit,0.1872,D237,Check rotor cooling,-1.2062,D84,Check rotor runout,-1.3245,D3,Check rotor free movement,-1.3346,D281,Check rotor movement,-1.3687,D360,Check RTD resistance,-2.2621,D193,Verify rotor earthing,-2.5441,D321,Check cooling & rotor temp,-2.7617,True,✅ hit
44,Inspect brush holder alignment and clearance.,D191,Inspect holder alignment,D55,Inspect brush holders alignment,6.1005,D191,Inspect holder alignment,4.2516,D52,Brush holder alignment,3.0872,D310,Verify holder alignment,1.2026,D60,Check brush holder material,1.0707,D306,Inspect brush gear,-0.6625,D61,Inspect brush contact,-0.8538,D176,Inspect brush wear,-1.013,D150,Inspect brush surface,-1.1895,D308,Inspect brush condition,-1.6449,True,✅ hit
43,Check current transformer (CT) polarity and wiring integrity.,D186,Check CT polarity & wiring,D186,Check CT polarity & wiring,3.8537,D329,Check CT polarity/ratio,-0.0772,D129,Check interpole polarity,-3.4574,D35,Check armature current/voltage,-3.9252,D126,Verify field polarity,-3.9305,D26,Check RTD wiring,-5.05,D270,Check current & PF,-6.0149,D157,Verify field current,-7.2036,D266,Check winding resistance/IR,-7.2511,D262,Measure voltage/current,-7.5124,True,✅ hit
44,Verify earthing of rotor circuit.,D193,Verify rotor earthing,D193,Verify rotor earthing,6.4569,D192,Check rotor circuit resistance,2.766,D320,Inspect rotor field circuit,0.3833,D174,Verify earthing,-0.0449,D84,Check rotor runout,-2.5676,D281,Check rotor movement,-2.7191,D237,Check rotor cooling,-2.7768,D3,Check rotor free movement,-3.0459,D86,Inspect rotor surface,-4.0372,D302,Inspect rotor poles,-4.1701,True,✅ hit
45,Check for overloads or shock loading history.,D199,Check overload history,D199,Check overload history,4.0857,D180,Check load history,1.4454,D118,Check shaft for overload signs,0.6265,D219,Review voltage/load history,-1.1494,D226,Review temp/load history,-1.5173,D78,Verify load conditions,-4.3564,D294,Check load/speed,-4.7509,D261,Check non-linear loads,-5.5215,D267,Assess load condition,-7.0864,D275,Inspect mechanical load,-7.2777,True,✅ hit
46,Visually inspect coupling hub fitment on motor shaft.,D200,Inspect hub fitment,D200,Inspect hub fitment,4.2075,D195,Inspect coupling bolts,1.2103,D4,Inspect coupling condition,0.313,D75,Inspect bearing & shaft,-0.9202,D202,Inspect shaft surface,-1.4475,D197,Inspect keyway & hub,-1.4755,D206,Inspect shaft journal,-1.775,D85,Inspect coupling alignment,-2.2086,D177,Inspect shaft fracture,-2.5835,D179,Inspect bearings,-3.2719,True,✅ hit
49,Check terminal box for loose or shorted connections.,D123,Check terminal connections,D123,Check terminal connections,0.3175,D326,Inspect terminal box & windings,-2.433,D185,Inspect terminal box,-3.3767,D228,Check connection tightness,-4.5024,D127,Check terminal markings,-5.015,D330,Inspect stator/terminal box,-5.29,D299,Check connections,-6.2199,D26,Check RTD wiring,-9.1183,D46,Check cable condition,-9.6762,D43,Inspect coil connections,-9.8332,True,✅ hit
49,Inspect stator end windings and slot insulation.,D218,Inspect winding insulation,D218,Inspect winding insulation,1.2217,D134,Inspect end-turn insulation,0.7297,D213,Inspect end windings,0.3178,D337,Inspect rotor/stator surface,-1.349,D225,Inspect winding condition,-3.5779,D326,Inspect terminal box & windings,-3.697,D188,Inspect internal winding,-3.7854,D318,Check stator voltage & frequency,-4.7112,D89,Inspect end shields,-5.3261,D43,Inspect coil connections,-6.261,True,✅ hit
49,Perform winding resistance comparison between phases.,D223,Compare winding resistance,D223,Compare winding resistance,-0.2748,D156,Measure winding resistance,-3.9375,D184,Measure winding resistance,-4.4781,D217,Measure phase resistance,-4.5664,D266,Check winding resistance/IR,-5.518,D192,Check rotor circuit resistance,-10.3959,D218,Inspect winding insulation,-10.5084,D245,Measure phase currents,-10.5198,D121,Measure IR of interpole winding,-10.5361,D297,Measure field resistance,-10.5696,True,✅ hit
49,Measure insulation resistance phase-to-phase and phase-to-earth.,D217,Measure phase resistance,D99,Measure insulation resistance,2.9131,D217,Measure phase resistance,2.2511,D36,Insulation resistance test,1.8801,D133,Check insulation resistance,1.1909,D68,Monitor insulation resistance,0.6599,D212,Measure IR phase-to-earth,-1.0862,D297,Measure field resistance,-3.552,D156,Measure winding resistance,-3.9125,D184,Measure winding resistance,-4.3879,D312,Check field insulation,-4.6176,True,✅ hit
49,Check protection relay event records for phase fault indication.,D216,Check relay records,D263,Check protection relay,-1.6207,D323,Check earth fault relay log,-2.4056,D216,Check relay records,-2.5251,D211,Check earth fault relay,-2.5502,D183,Check differential relay records,-2.7804,D249,Check relay logs,-5.0244,D173,Review relay records,-5.1816,D274,Check relay/VFD settings,-5.2562,D279,Check relay settings,-5.2964,D328,Review differential relay records,-5.5672,True,✅ hit
48,Check moisture ingress or oil contamination inside motor.,D215,Check moisture/oil ingress,D215,Check moisture/oil ingress,3.0858,D31,Check oil contamination,-0.7752,D113,Check contamination,-0.9912,D21,Check oil strainer/filter,-4.831,D23,Check oil reservoir condition,-5.4162,D30,Check oil viscosity,-5.4247,D76,Check lubrication oil,-5.8931,D10,Check oil level in reservoir,-5.8937,D347,Check oil level/flow,-5.9187,D341,Check oil condition,-5.9471,True,✅ hit
48,Review recent operating and maintenance history.,D214,Review operating history,D187,Review maintenance history,0.7524,D214,Review operating history,-0.692,D226,Review temp/load history,-7.8686,D255,Review drive fault history,-7.8805,D303,Review thermal history,-8.1827,D219,Review voltage/load history,-8.3402,D316,Review alarm history,-8.4509,D205,Review alignment history,-8.5283,D292,Review lubrication history,-8.5508,D178,Review vibration history,-8.875,True,✅ hit
48,Check stator end windings for insulation damage or contamination.,D213,Inspect end windings,D218,Inspect winding insulation,-2.1515,D134,Inspect end-turn insulation,-3.1106,D213,Inspect end windings,-3.5858,D318,Check stator voltage & frequency,-4.2714,D133,Check insulation resistance,-4.9383,D266,Check winding resistance/IR,-5.0857,D277,Check winding condition,-5.3929,D312,Check field insulation,-5.9654,D38,Check mica insulation,-6.1535,D124,Check winding temperature,-7.0323,True,✅ hit
48,"Inspect terminal box, cable glands, and busbar insulation.",D326,Inspect terminal box & windings,D326,Inspect terminal box & windings,2.5448,D185,Inspect terminal box,1.3826,D330,Inspect stator/terminal box,0.3061,D218,Inspect winding insulation,-2.0746,D134,Inspect end-turn insulation,-2.3833,D250,Inspect cables & contactors,-2.8482,D123,Check terminal connections,-5.179,D127,Check terminal markings,-5.6241,D38,Check mica insulation,-6.1158,D46,Check cable condition,-6.2905,True,✅ hit
48,Measure insulation resistance phase-to-earth using megger.,D212,Measure IR phase-to-earth,D99,Measure insulation resistance,5.2143,D36,Insulation resistance test,4.5357,D133,Check insulation resistance,4.4592,D68,Monitor insulation resistance,4.121,D212,Measure IR phase-to-earth,3.1695,D312,Check field insulation,1.1524,D266,Check winding resistance/IR,0.9641,D171,Measure IR to earth,0.4214,D217,Measure phase resistance,-0.3587,D324,Measure IR to ground,-0.4497,True,✅ hit
48,Check earth fault relay indication and trip records.,D323,Check earth fault relay log,D323,Check earth fault relay log,2.7293,D211,Check earth fault relay,2.2643,D44,Check earth fault,-0.9622,D29,Check alarm/trip setting,-1.9629,D216,Check relay records,-2.7555,D183,Check differential relay records,-2.8748,D249,Check relay logs,-5.3087,D313,Perform earth fault test,-5.5222,D173,Review relay records,-5.9213,D274,Check relay/VFD settings,-6.0689,True,✅ hit
47,Verify lubrication condition and contamination.,D210,Verify lubrication condition,D210,Verify lubrication condition,4.4865,D73,Check lubrication condition,2.479,D7,Check lubrication & grease condition,1.5349,D282,Check lubrication,-0.1721,D76,Check lubrication oil,-1.0306,D14,Check lubrication oil pressure,-2.3917,D361,Inspect lubrication/grease,-3.2707,D113,Check contamination,-3.3003,D20,Inspect lubrication pump,-3.4832,D69,Assess lubrication practices,-3.7651,True,✅ hit
47,Check alignment and vibration history.,D205,Review alignment history,D115,Check coupling alignment history,3.3637,D205,Review alignment history,1.7325,D178,Review vibration history,1.4629,D290,Check vibration,-1.4694,D164,Check vibration effect,-1.5023,D196,Check alignment,-2.2261,D72,Check shaft alignment,-2.4477,D242,Check foundation alignment,-2.7314,D144,Verify alignment,-2.8218,D90,Check alignment of shields,-3.217,True,✅ hit
47,Review bearing installation method and tightening practice.,D209,Review installation practice,D209,Review installation practice,-1.2096,D70,Inspect bearing for displacement,-7.3762,D348,Inspect bearing liner,-7.4371,D240,Inspect bearing wear,-7.5006,D88,Check bearing condition,-7.6475,D179,Inspect bearings,-7.6574,D75,Inspect bearing & shaft,-7.6895,D33,Check bearing clearance,-7.8792,D289,Measure bearing temp,-8.0518,D116,Inspect bearing seating & housing,-8.0908,True,✅ hit
47,Inspect bearing inner race for fretting or polishing marks.,D208,Inspect inner race,D208,Inspect inner race,-0.9987,D240,Inspect bearing wear,-3.9288,D179,Inspect bearings,-4.3958,D75,Inspect bearing & shaft,-4.5002,D70,Inspect bearing for displacement,-4.7795,D348,Inspect bearing liner,-4.8474,D116,Inspect bearing seating & housing,-6.4393,D33,Check bearing clearance,-8.5276,D88,Check bearing condition,-8.6884,D66,Check bearings & seals,-8.7309,True,✅ hit
47,Measure shaft diameter and compared with OEM tolerance.,D207,Measure shaft diameter,D207,Measure shaft diameter,0.7096,D136,Compare with OEM spec,-2.7002,D92,Measure shaft runout,-6.1113,D198,Verify bolt specification,-7.1299,D146,Check brush grade,-7.2172,D82,Check shaft surface,-7.345,D202,Inspect shaft surface,-7.4021,D293,Verify grease type,-7.564,D206,Inspect shaft journal,-7.6238,D72,Check shaft alignment,-7.8129,True,✅ hit
47,Check bearing fit and seating condition.,D93,Check bearing seating,D93,Check bearing seating,3.5218,D116,Inspect bearing seating & housing,1.7484,D88,Check bearing condition,1.3206,D33,Check bearing clearance,-2.1278,D66,Check bearings & seals,-2.8682,D56,Check brush seating & spring tension,-3.8347,D8,Check bearing oil pressure gauge,-4.3134,D240,Inspect bearing wear,-5.7941,D289,Measure bearing temp,-6.1113,D348,Inspect bearing liner,-6.2206,True,✅ hit
47,Visually inspect shaft journal at bearing inner race location.,D202,Inspect shaft surface,D206,Inspect shaft journal,1.0886,D75,Inspect bearing & shaft,1.0345,D208,Inspect inner race,0.8532,D179,Inspect bearings,-1.3199,D70,Inspect bearing for displacement,-1.7906,D202,Inspect shaft surface,-2.3915,D240,Inspect bearing wear,-2.5527,D116,Inspect bearing seating & housing,-2.7923,D177,Inspect shaft fracture,-2.8432,D348,Inspect bearing liner,-3.1306,True,✅ hit
46,Review alignment and vibration history.,D205,Review alignment history,D205,Review alignment history,4.0536,D178,Review vibration history,3.6661,D115,Check coupling alignment history,-1.1064,D303,Review thermal history,-6.8094,D187,Review maintenance history,-7.0129,D292,Review lubrication history,-7.0147,D214,Review operating history,-7.1393,D145,Monitor vibration trend,-8.6937,D196,Check alignment,-8.7878,D1,Monitor vibration severity at DE & NDE,-8.848,True,✅ hit
46,Check tightening condition of hub locking bolts or shrink-fit arrangement.,D204,Verify locking arrangement,D6,Check foundation bolts tightness,-2.6983,D204,Verify locking arrangement,-4.063,D200,Inspect hub fitment,-4.8071,D203,Check hub bore,-5.4831,D172,Check joint tightness,-6.0743,D228,Check connection tightness,-6.3015,D167,Check tightness,-6.3076,D141,Check foundation bolts,-6.9207,D195,Inspect coupling bolts,-7.5804,D197,Inspect keyway & hub,-8.5421,True,✅ hit
46,Verify coupling hub bore condition and tolerance.,D203,Check hub bore,D203,Check hub bore,-0.2598,D4,Inspect coupling condition,-5.0044,D115,Check coupling alignment history,-5.7022,D200,Inspect hub fitment,-6.6781,D33,Check bearing clearance,-6.7196,D228,Check connection tightness,-6.8665,D195,Inspect coupling bolts,-8.3995,D85,Inspect coupling alignment,-8.4466,D5,Verify motor–gearbox alignment,-8.6168,D277,Check winding condition,-8.7076,True,✅ hit
46,Inspect shaft surface for scoring or fretting.,D202,Inspect shaft surface,D202,Inspect shaft surface,2.3814,D82,Check shaft surface,0.6387,D206,Inspect shaft journal,-0.7556,D75,Inspect bearing & shaft,-1.7036,D177,Inspect shaft fracture,-2.1945,D72,Check shaft alignment,-4.2747,D86,Inspect rotor surface,-4.6353,D337,Inspect rotor/stator surface,-4.6739,D59,Inspect commutator surface,-4.7129,D118,Check shaft for overload signs,-5.2865,True,✅ hit
46,Check key and keyway condition for wear or shear.,D201,Check key/keyway,D201,Check key/keyway,-0.2661,D197,Inspect keyway & hub,-3.5867,D277,Check winding condition,-6.9545,D88,Check bearing condition,-8.2016,D240,Inspect bearing wear,-8.2198,D148,Inspect wear pattern,-8.4632,D354,Check air lock,-8.7791,D46,Check cable condition,-9.021,D7,Check lubrication & grease condition,-9.1935,D176,Inspect brush wear,-9.21,True,✅ hit
45,"Verify bolt grade, size, and tightening torque.",D198,Verify bolt specification,D6,Check foundation bolts tightness,0.9868,D198,Verify bolt specification,-0.389,D141,Check foundation bolts,-1.0058,D204,Verify locking arrangement,-4.1628,D334,Check pull-out torque margin,-4.6977,D195,Inspect coupling bolts,-5.948,D344,Verify thrust load,-7.0725,D5,Verify motor–gearbox alignment,-7.452,D107,Verify fan mounting,-7.4637,D72,Check shaft alignment,-7.8255,True,✅ hit
43,Check differential relay trip indication and event records.,D183,Check differential relay records,D183,Check differential relay records,3.7217,D328,Review differential relay records,1.3194,D216,Check relay records,-1.0778,D29,Check alarm/trip setting,-1.2143,D274,Check relay/VFD settings,-4.0314,D249,Check relay logs,-4.0831,D279,Check relay settings,-4.1074,D173,Review relay records,-4.7583,D273,Verify relay settings,-4.83,D254,Check UV relay/VFD settings,-5.1924,True,✅ hit
1,Monitored vibration severity at DE and NDE using vibration meter / physical assessment.,D1,Monitor vibration severity at DE & NDE,D1,Monitor vibration severity at DE & NDE,7.4162,D74,Monitor vibration,-0.0366,D77,Monitor vibration under load,-0.1455,D346,Monitor bearing temp/vibration,-0.5516,D34,Monitor bearing vibration,-0.6778,D145,Monitor vibration trend,-1.7865,D140,Measure vibration levels,-2.3425,D91,Perform vibration analysis,-2.491,D238,Measure vibration (radial/axial),-3.092,D117,Vibration spectrum (1X peak),-4.4644,True,✅ hit
42,Review foundation condition and rigidity.,D181,Inspect foundation,D181,Inspect foundation,-8.5904,D288,Review storage condition,-9.4091,D252,Review starting/load condition,-9.6618,D242,Check foundation alignment,-9.6691,D6,Check foundation bolts tightness,-9.8448,D247,Review supply stability,-10.5205,D141,Check foundation bolts,-10.6107,D187,Review maintenance history,-10.9751,D205,Review alignment history,-10.9824,D209,Review installation practice,-11.1285,True,✅ hit
38,Verify encoder supply voltage and signal integrity.,D162,Verify supply voltage,D162,Verify supply voltage,3.4567,D28,Verify signal/transmitter,-2.7682,D160,Check encoder alarms,-3.5714,D258,Verify cable sizing/voltage drop,-4.0349,D268,Measure supply frequency,-4.7775,D276,Check voltage quality,-5.4478,D318,Check stator voltage & frequency,-6.5378,D257,Check control supply,-6.7134,D247,Review supply stability,-7.3633,D78,Verify load conditions,-7.7619,True,✅ hit
38,Inspect encoder mounting and coupling alignment on motor shaft.,D161,Inspect mounting,D85,Inspect coupling alignment,2.1672,D5,Verify motor–gearbox alignment,0.1741,D72,Check shaft alignment,-0.0965,D115,Check coupling alignment history,-0.9757,D195,Inspect coupling bolts,-1.0888,D161,Inspect mounting,-2.0308,D160,Check encoder alarms,-2.1848,D4,Inspect coupling condition,-2.315,D75,Inspect bearing & shaft,-2.667,D206,Inspect shaft journal,-2.7153,True,✅ hit
38,Check encoder fault codes and alarm history in drive panel.,D316,Review alarm history,D160,Check encoder alarms,3.5112,D255,Review drive fault history,1.0983,D272,Check VFD input,-3.5711,D316,Review alarm history,-5.0606,D29,Check alarm/trip setting,-7.6409,D323,Check earth fault relay log,-8.252,D163,Monitor feedback signal,-8.3338,D211,Check earth fault relay,-8.4434,D180,Check load history,-8.5092,D44,Check earth fault,-8.6342,True,✅ hit
37,Review motor load pattern and duty cycle.,D153,Review load pattern,D153,Review load pattern,0.9666,D236,Review duty cycle,0.6791,D159,Review load cycle,-0.1885,D350,Review load/speed,-3.615,D322,Review load changes,-4.4182,D332,Review load trend,-4.8285,D252,Review starting/load condition,-5.5279,D261,Check non-linear loads,-6.5333,D231,Review current/load,-7.1557,D275,Inspect mechanical load,-7.8435,True,✅ hit
37,Check cooling airflow and ventilation paths.,D64,Verify cooling airflow,D64,Verify cooling airflow,2.7207,D125,Inspect cooling/ventilation,-0.3166,D96,Check cooling fan operation,-1.3533,D227,Check cooling,-1.405,D106,Check airflow,-2.7361,D349,Verify cooling,-2.7876,D321,Check cooling & rotor temp,-3.3379,D237,Check rotor cooling,-3.7233,D220,Inspect cooling,-4.9596,D132,Inspect cooling system,-5.1543,True,✅ hit
37,Measure operating temperature using infrared thermometer.,D158,Measure temperature,D158,Measure temperature,2.676,D359,Cross-check temp (laser),0.596,D124,Check winding temperature,0.2561,D149,Measure brush temp,0.0997,D19,Monitor bearing temperature,-0.1092,D25,Compare panel temp with laser,-0.399,D97,Measure air temperature,-2.3938,D283,Measure IR (5 kV),-2.5053,D108,Measure temperature rise,-3.1245,D324,Measure IR to ground,-3.4989,True,✅ hit
37,Verify field current and compared with rated values.,D157,Verify field current,D157,Verify field current,0.7707,D295,Measure field voltage/current,-3.7231,D126,Verify field polarity,-3.9419,D39,Measure field current,-4.0704,D301,Monitor field current,-5.6493,D317,Review excitation status & field current,-6.6315,D35,Check armature current/voltage,-6.8009,D162,Verify supply voltage,-6.9403,D270,Check current & PF,-8.4982,D262,Measure voltage/current,-9.0107,True,✅ hit
37,Check insulation resistance of field and inter-pole coils using megger.,D47,Field winding IR,D133,Check insulation resistance,4.4527,D312,Check field insulation,3.6496,D36,Insulation resistance test,3.4171,D99,Measure insulation resistance,3.2796,D266,Check winding resistance/IR,3.0485,D68,Monitor insulation resistance,2.9332,D277,Check winding condition,-0.9303,D121,Measure IR of interpole winding,-0.9437,D47,Field winding IR,-1.0816,D297,Measure field resistance,-3.4326,True,✅ hit
37,Measure field and inter-pole winding resistance and compared with baseline values.,D156,Measure winding resistance,D156,Measure winding resistance,-1.281,D223,Compare winding resistance,-1.34,D297,Measure field resistance,-1.4392,D184,Measure winding resistance,-1.7408,D121,Measure IR of interpole winding,-2.4407,D266,Check winding resistance/IR,-3.6401,D47,Field winding IR,-3.9743,D295,Measure field voltage/current,-5.408,D217,Measure phase resistance,-6.2183,D39,Measure field current,-6.4704,True,✅ hit
37,Visually inspect field and inter-pole coils for discoloration and insulation damage.,D122,Inspect interpole coils,D315,Inspect field coils,1.6003,D122,Inspect interpole coils,1.1801,D218,Inspect winding insulation,-0.0893,D155,Inspect coils,-1.0684,D134,Inspect end-turn insulation,-1.4031,D43,Inspect coil connections,-1.4574,D312,Check field insulation,-2.8926,D225,Inspect winding condition,-4.1565,D38,Check mica insulation,-4.2451,D188,Inspect internal winding,-4.3032,True,✅ hit
38,"Check encoder cable continuity, shielding, and grounding.",D46,Check cable condition,D160,Check encoder alarms,-2.8256,D327,Check grounding system,-3.4226,D305,Check continuity,-4.2872,D46,Check cable condition,-5.6552,D258,Verify cable sizing/voltage drop,-6.0285,D90,Check alignment of shields,-6.8978,D133,Check insulation resistance,-7.4361,D324,Measure IR to ground,-7.5409,D26,Check RTD wiring,-7.6183,D312,Check field insulation,-8.1102,True,✅ hit
36,Check brush spring pressure for adequacy.,D154,Check spring pressure,D67,Verify brush contact pressure,0.109,D56,Check brush seating & spring tension,0.0089,D154,Check spring pressure,-1.3598,D51,Brush pressure,-2.8987,D135,Measure spring pressure,-4.8006,D138,Check brush movement,-5.2526,D146,Check brush grade,-5.3369,D60,Check brush holder material,-5.9542,D149,Measure brush temp,-7.2912,D308,Inspect brush condition,-8.1961,True,✅ hit
36,Inspect commutator surface condition and film formation.,D152,Inspect commutator film,D152,Inspect commutator film,3.5227,D59,Inspect commutator surface,2.5851,D37,Inspect commutator,-0.7924,D65,Inspect commutator for oil traces,-1.5857,D63,Check commutator condition,-2.6707,D49,Commutator condition,-3.9612,D128,Observe commutation,-5.445,D202,Inspect shaft surface,-5.7817,D42,Check commutator segments,-6.0238,D337,Inspect rotor/stator surface,-6.7769,True,✅ hit
36,Measure brush current density.,D151,Measure current density,D151,Measure current density,2.0239,D149,Measure brush temp,-1.7078,D51,Brush pressure,-4.2133,D67,Verify brush contact pressure,-4.7942,D131,Measure motor current,-5.255,D39,Measure field current,-6.2725,D168,Measure current,-6.3803,D146,Check brush grade,-6.5733,D241,Measure current balance,-6.5747,D221,Measure current imbalance,-6.5993,True,✅ hit
36,Check brush grade suitability for load and speed conditions.,D146,Check brush grade,D146,Check brush grade,-1.3738,D78,Verify load conditions,-4.7538,D138,Check brush movement,-5.0919,D67,Verify brush contact pressure,-5.1177,D60,Check brush holder material,-5.337,D308,Inspect brush condition,-5.9752,D56,Check brush seating & spring tension,-6.0487,D306,Inspect brush gear,-6.9055,D267,Assess load condition,-6.9702,D50,Brush condition,-7.3321,True,✅ hit
36,Visually inspect brush contact surface for glazing or polishing.,D150,Inspect brush surface,D61,Inspect brush contact,1.8552,D150,Inspect brush surface,1.383,D55,Inspect brush holders alignment,-1.6421,D176,Inspect brush wear,-1.7782,D308,Inspect brush condition,-1.8401,D306,Inspect brush gear,-2.4945,D298,Inspect slip rings/brushes,-3.8891,D67,Verify brush contact pressure,-3.9756,D202,Inspect shaft surface,-4.5224,D59,Inspect commutator surface,-4.6444,True,✅ hit
35,Check commutator surface for burning or glazing.,D59,Inspect commutator surface,D59,Inspect commutator surface,-1.5689,D63,Check commutator condition,-4.426,D65,Inspect commutator for oil traces,-4.6812,D42,Check commutator segments,-4.7042,D152,Inspect commutator film,-5.9267,D37,Inspect commutator,-6.2218,D82,Check shaft surface,-7.501,D49,Commutator condition,-8.3507,D53,Commutator runout,-8.7238,D202,Inspect shaft surface,-9.6771,True,✅ hit
35,Measure brush temperature using infrared thermometer.,D149,Measure brush temp,D149,Measure brush temp,5.9575,D158,Measure temperature,1.1562,D359,Cross-check temp (laser),-0.7277,D124,Check winding temperature,-1.0092,D19,Monitor bearing temperature,-1.5931,D25,Compare panel temp with laser,-1.7933,D51,Brush pressure,-3.3843,D150,Inspect brush surface,-3.4475,D283,Measure IR (5 kV),-3.6745,D67,Verify brush contact pressure,-3.7267,True,✅ hit
35,Observe sparking intensity under no-load and full-load conditions.,D58,Monitor sparking pattern,D139,Observe sparking,0.085,D58,Monitor sparking pattern,-5.5289,D77,Monitor vibration under load,-6.974,D128,Observe commutation,-7.3948,D78,Verify load conditions,-7.6917,D252,Review starting/load condition,-7.8255,D114,Monitor temp rise under load,-8.2339,D267,Assess load condition,-8.2399,D261,Check non-linear loads,-8.3617,D275,Inspect mechanical load,-9.2096,True,✅ hit
35,Inspect brush wear pattern and contact surface.,D148,Inspect wear pattern,D61,Inspect brush contact,3.409,D176,Inspect brush wear,3.1188,D148,Inspect wear pattern,2.6359,D150,Inspect brush surface,1.8283,D55,Inspect brush holders alignment,-1.1099,D306,Inspect brush gear,-1.2589,D308,Inspect brush condition,-1.4335,D67,Verify brush contact pressure,-1.5083,D298,Inspect slip rings/brushes,-3.2923,D240,Inspect bearing wear,-3.3825,True,✅ hit
35,Check brush resistivity and hardness characteristics.,D147,Check resistivity/hardness,D147,Check resistivity/hardness,2.66,D146,Check brush grade,-2.1098,D60,Check brush holder material,-2.7888,D138,Check brush movement,-2.9188,D67,Verify brush contact pressure,-3.044,D56,Check brush seating & spring tension,-3.8215,D266,Check winding resistance/IR,-4.1718,D133,Check insulation resistance,-4.952,D150,Inspect brush surface,-5.4739,D308,Inspect brush condition,-5.5512,True,✅ hit
35,Identify installed brush grade and compared with OEM recommendations.,D146,Check brush grade,D146,Check brush grade,-0.7305,D136,Compare with OEM spec,-4.5002,D293,Verify grease type,-9.2318,D198,Verify bolt specification,-9.4164,D306,Inspect brush gear,-10.3833,D55,Inspect brush holders alignment,-10.4322,D60,Check brush holder material,-10.4389,D308,Inspect brush condition,-10.5653,D61,Inspect brush contact,-10.5813,D52,Brush holder alignment,-10.5847,True,✅ hit
36,Review operating load pattern for prolonged light-load operation.,D153,Review load pattern,D153,Review load pattern,-1.2445,D159,Review load cycle,-5.3329,D322,Review load changes,-5.6533,D332,Review load trend,-5.7533,D350,Review load/speed,-6.156,D252,Review starting/load condition,-7.0024,D271,Review grid/load events,-7.188,D261,Check non-linear loads,-7.5259,D219,Review voltage/load history,-7.6754,D226,Review temp/load history,-7.7557,True,✅ hit
42,Verify material and manufacturing details of shaft.,D182,Verify material quality,D82,Check shaft surface,-1.9512,D206,Inspect shaft journal,-3.542,D118,Check shaft for overload signs,-3.5927,D72,Check shaft alignment,-3.595,D182,Verify material quality,-3.6184,D75,Inspect bearing & shaft,-4.2603,D202,Inspect shaft surface,-4.2798,D344,Verify thrust load,-5.2268,D207,Measure shaft diameter,-5.5069,D198,Verify bolt specification,-5.5994,True,✅ hit
38,Monitor encoder feedback signals using drive diagnostics.,D163,Monitor feedback signal,D163,Monitor feedback signal,5.5124,D160,Check encoder alarms,0.9525,D272,Check VFD input,-3.4255,D109,Monitor motor current,-3.4974,D280,Inspect driven equipment,-5.05,D255,Review drive fault history,-5.2623,D346,Monitor bearing temp/vibration,-6.3672,D333,Monitor excitation & stator current,-6.476,D145,Monitor vibration trend,-6.6596,D77,Monitor vibration under load,-6.6764,True,✅ hit
38,Verify parameter settings related to encoder resolution and type.,D165,Verify parameters,D165,Verify parameters,-3.2541,D160,Check encoder alarms,-5.6659,D273,Verify relay settings,-6.3769,D293,Verify grease type,-7.9291,D274,Check relay/VFD settings,-9.1279,D279,Check relay settings,-9.6888,D258,Verify cable sizing/voltage drop,-9.7879,D28,Verify signal/transmitter,-9.7938,D198,Verify bolt specification,-9.7963,D254,Check UV relay/VFD settings,-9.8926,True,✅ hit
42,Check load history for overloads or shock loading.,D180,Check load history,D199,Check overload history,3.8379,D180,Check load history,1.637,D118,Check shaft for overload signs,0.2972,D219,Review voltage/load history,-1.2644,D226,Review temp/load history,-1.6438,D78,Verify load conditions,-3.5486,D294,Check load/speed,-3.5582,D261,Check non-linear loads,-4.5473,D344,Verify thrust load,-6.2208,D275,Inspect mechanical load,-6.6809,True,✅ hit
42,Inspect bearings for abnormal wear or seizure.,D179,Inspect bearings,D240,Inspect bearing wear,3.1562,D179,Inspect bearings,-0.7018,D70,Inspect bearing for displacement,-0.7887,D348,Inspect bearing liner,-0.9631,D75,Inspect bearing & shaft,-1.4502,D116,Inspect bearing seating & housing,-2.2206,D148,Inspect wear pattern,-3.2299,D88,Check bearing condition,-3.9404,D66,Check bearings & seals,-4.8046,D176,Inspect brush wear,-5.3554,True,✅ hit
42,Review vibration history and trend data prior to failure.,D145,Monitor vibration trend,D178,Review vibration history,-0.7225,D145,Monitor vibration trend,-3.6679,D332,Review load trend,-7.2148,D187,Review maintenance history,-8.2465,D130,Review temperature trend,-8.6489,D303,Review thermal history,-8.6787,D219,Review voltage/load history,-8.985,D255,Review drive fault history,-9.0615,D316,Review alarm history,-9.1586,D1,Monitor vibration severity at DE & NDE,-9.1886,True,✅ hit
42,Check coupling condition and alignment records.,D4,Inspect coupling condition,D115,Check coupling alignment history,6.5125,D85,Inspect coupling alignment,2.3683,D4,Inspect coupling condition,0.681,D205,Review alignment history,-0.9537,D196,Check alignment,-2.1271,D242,Check foundation alignment,-2.5491,D72,Check shaft alignment,-2.7267,D310,Verify holder alignment,-2.9336,D90,Check alignment of shields,-3.2876,D144,Verify alignment,-3.4612,True,✅ hit
42,Visually inspect broken shaft surface and fracture location.,D202,Inspect shaft surface,D177,Inspect shaft fracture,4.6038,D202,Inspect shaft surface,2.445,D82,Check shaft surface,0.2385,D206,Inspect shaft journal,-0.0274,D75,Inspect bearing & shaft,-0.3588,D86,Inspect rotor surface,-3.503,D179,Inspect bearings,-3.8454,D150,Inspect brush surface,-4.0873,D337,Inspect rotor/stator surface,-4.2717,D59,Inspect commutator surface,-4.4196,True,✅ hit
41,Inspect commutator surface for burning or pitting.,D59,Inspect commutator surface,D59,Inspect commutator surface,1.3658,D65,Inspect commutator for oil traces,-1.1122,D152,Inspect commutator film,-1.5592,D37,Inspect commutator,-1.8185,D338,Check pitting depth,-5.1698,D63,Check commutator condition,-5.6424,D202,Inspect shaft surface,-5.9151,D42,Check commutator segments,-6.1282,D128,Observe commutation,-6.6379,D49,Commutator condition,-6.9672,True,✅ hit
41,Check brush spring tension and contact pressure.,D190,Measure spring tension,D67,Verify brush contact pressure,5.0446,D56,Check brush seating & spring tension,4.116,D154,Check spring pressure,0.043,D51,Brush pressure,-0.9399,D135,Measure spring pressure,-1.1991,D61,Inspect brush contact,-2.11,D138,Check brush movement,-3.0985,D190,Measure spring tension,-3.1123,D60,Check brush holder material,-4.6673,D146,Check brush grade,-4.7548,True,✅ hit
41,Verify brush holder alignment and neutral axis position.,D55,Inspect brush holders alignment,D57,Verify neutral axis alignment,3.5613,D310,Verify holder alignment,2.5177,D55,Inspect brush holders alignment,1.7512,D52,Brush holder alignment,0.7661,D60,Check brush holder material,-1.3722,D191,Inspect holder alignment,-1.4376,D67,Verify brush contact pressure,-3.1488,D144,Verify alignment,-4.1716,D138,Check brush movement,-5.6757,D5,Verify motor–gearbox alignment,-5.6766,True,✅ hit
41,"Inspect brushes for chipping, uneven wear, or overheating.",D176,Inspect brush wear,D176,Inspect brush wear,1.9073,D308,Inspect brush condition,-1.2095,D150,Inspect brush surface,-2.0229,D306,Inspect brush gear,-2.1279,D55,Inspect brush holders alignment,-2.2739,D61,Inspect brush contact,-2.5373,D298,Inspect slip rings/brushes,-3.9461,D148,Inspect wear pattern,-4.788,D60,Check brush holder material,-5.6785,D240,Inspect bearing wear,-5.758,True,✅ hit
41,Check freedom of brush movement within holders.,D138,Check brush movement,D60,Check brush holder material,0.1925,D138,Check brush movement,-0.6303,D55,Inspect brush holders alignment,-1.7233,D52,Brush holder alignment,-2.5747,D3,Check rotor free movement,-5.1101,D56,Check brush seating & spring tension,-5.2911,D310,Verify holder alignment,-6.0761,D67,Verify brush contact pressure,-6.7472,D146,Check brush grade,-7.0945,D191,Inspect holder alignment,-7.9869,True,✅ hit
38,Check for mechanical vibration affecting encoder mounting.,D164,Check vibration effect,D160,Check encoder alarms,-2.6653,D164,Check vibration effect,-3.1479,D290,Check vibration,-4.3857,D107,Verify fan mounting,-5.6201,D161,Inspect mounting,-6.0469,D307,Check mechanical stress,-6.5962,D94,Inspect for mechanical impact,-7.8759,D34,Monitor bearing vibration,-8.1446,D77,Monitor vibration under load,-8.2492,D1,Monitor vibration severity at DE & NDE,-8.3231,True,✅ hit
41,"Visually inspect brush holders for cracks, deformation, or burning.",D175,Inspect holders,D55,Inspect brush holders alignment,2.5795,D60,Check brush holder material,0.1604,D150,Inspect brush surface,-0.6923,D175,Inspect holders,-0.8351,D52,Brush holder alignment,-0.9256,D308,Inspect brush condition,-0.9714,D306,Inspect brush gear,-0.9983,D191,Inspect holder alignment,-1.1772,D61,Inspect brush contact,-1.1988,D176,Inspect brush wear,-1.1995,True,✅ hit
40,"Inspect enclosure for moisture, dust, or conductive contamination.",D98,Check enclosure cleanliness,D286,Inspect contamination,-2.0856,D98,Check enclosure cleanliness,-2.1522,D230,Check enclosure sealing,-3.6615,D215,Check moisture/oil ingress,-5.4116,D113,Check contamination,-6.4284,D169,Inspect environment,-6.6589,D125,Inspect cooling/ventilation,-7.127,D218,Inspect winding insulation,-7.1495,D31,Check oil contamination,-7.2243,D134,Inspect end-turn insulation,-7.3406,True,✅ hit
40,Review protection relay records for earth fault or overvoltage indications.,D173,Review relay records,D211,Check earth fault relay,-1.3541,D323,Check earth fault relay log,-1.4294,D173,Review relay records,-1.5071,D328,Review differential relay records,-2.2768,D263,Check protection relay,-4.5179,D216,Check relay records,-5.9878,D44,Check earth fault,-6.0202,D183,Check differential relay records,-6.2758,D313,Perform earth fault test,-6.5895,D130,Review temperature trend,-7.4152,True,✅ hit
40,Check tightness and condition of star point joints.,D172,Check joint tightness,D172,Check joint tightness,-0.8666,D170,Inspect star point,-3.1503,D167,Check tightness,-3.643,D228,Check connection tightness,-3.738,D6,Check foundation bolts tightness,-4.9901,D88,Check bearing condition,-8.8812,D277,Check winding condition,-9.1694,D204,Verify locking arrangement,-9.655,D4,Inspect coupling condition,-10.1669,D72,Check shaft alignment,-10.4856,True,✅ hit
40,Visually inspect star point connections for flash marks or insulation damage.,D170,Inspect star point,D170,Inspect star point,0.3904,D218,Inspect winding insulation,-1.781,D134,Inspect end-turn insulation,-2.1538,D43,Inspect coil connections,-4.0744,D38,Check mica insulation,-5.1946,D250,Inspect cables & contactors,-6.4415,D195,Inspect coupling bolts,-6.6317,D188,Inspect internal winding,-7.0285,D68,Monitor insulation resistance,-7.0851,D299,Check connections,-7.1989,True,✅ hit
39,"Check for presence of moisture, dust, or oil contamination.",D31,Check oil contamination,D215,Check moisture/oil ingress,2.5739,D31,Check oil contamination,2.5708,D113,Check contamination,2.073,D30,Check oil viscosity,-3.8717,D341,Check oil condition,-3.9717,D65,Inspect commutator for oil traces,-4.1759,D23,Check oil reservoir condition,-4.2711,D21,Check oil strainer/filter,-4.4674,D80,Check oil level,-4.6418,D347,Check oil level/flow,-4.8664,True,✅ hit
39,Review ambient temperature and ventilation condition of terminal enclosure.,D125,Inspect cooling/ventilation,D326,Inspect terminal box & windings,-7.7244,D185,Inspect terminal box,-7.8408,D98,Check enclosure cleanliness,-8.2375,D230,Check enclosure sealing,-8.6468,D125,Inspect cooling/ventilation,-8.7997,D130,Review temperature trend,-8.9358,D288,Review storage condition,-8.9708,D252,Review starting/load condition,-9.1879,D105,Inspect ventilation ducts,-9.3712,D226,Review temp/load history,-9.443,True,✅ hit
39,Measure operating current and checked for overloading.,D131,Measure motor current,D118,Check shaft for overload signs,1.49,D199,Check overload history,0.9595,D35,Check armature current/voltage,-1.635,D62,Monitor load current & temp,-1.8893,D131,Measure motor current,-2.0583,D231,Review current/load,-3.2805,D270,Check current & PF,-3.3671,D109,Monitor motor current,-3.3697,D260,Check current imbalance,-3.6768,D157,Verify field current,-3.8172,True,✅ hit
39,Inspect busbar tightness and clearances inside terminal box.,D185,Inspect terminal box,D326,Inspect terminal box & windings,0.6429,D185,Inspect terminal box,-0.2297,D229,Inspect lugs/busbars,-0.584,D330,Inspect stator/terminal box,-1.5051,D228,Check connection tightness,-5.1093,D167,Check tightness,-5.7877,D172,Check joint tightness,-5.8632,D127,Check terminal markings,-6.044,D123,Check terminal connections,-6.4446,D33,Check bearing clearance,-6.8911,True,✅ hit
39,Check insulation resistance between phases and to earth.,D212,Measure IR phase-to-earth,D133,Check insulation resistance,0.3525,D99,Measure insulation resistance,-1.4406,D36,Insulation resistance test,-1.7023,D217,Measure phase resistance,-2.2238,D68,Monitor insulation resistance,-2.3064,D212,Measure IR phase-to-earth,-4.3995,D312,Check field insulation,-4.7391,D38,Check mica insulation,-5.7909,D360,Check RTD resistance,-5.9479,D134,Inspect end-turn insulation,-7.1298,True,✅ hit
39,"Visually inspect busbar insulators for cracks, tracking, or carbonization.",D166,Inspect insulators,D229,Inspect lugs/busbars,1.1417,D166,Inspect insulators,-0.6039,D218,Inspect winding insulation,-0.8926,D134,Inspect end-turn insulation,-2.8224,D188,Inspect internal winding,-3.3531,D250,Inspect cables & contactors,-3.7151,D352,Inspect strainers/piping,-3.9505,D326,Inspect terminal box & windings,-4.0746,D264,Inspect fuses/contactors,-4.4585,D70,Inspect bearing for displacement,-5.1818,True,✅ hit
40,Verify neutral earthing arrangement and earthing resistance.,D174,Verify earthing,D174,Verify earthing,-0.3915,D57,Verify neutral axis alignment,-1.5377,D193,Verify rotor earthing,-1.7892,D204,Verify locking arrangement,-4.9747,D327,Check grounding system,-5.9242,D360,Check RTD resistance,-6.1991,D133,Check insulation resistance,-6.4008,D211,Check earth fault relay,-7.4415,D44,Check earth fault,-7.5039,D192,Check rotor circuit resistance,-7.6677,True,✅ hit
49,"Review recent overload, voltage imbalance, or switching events.",D219,Review voltage/load history,D219,Review voltage/load history,-3.1771,D271,Review grid/load events,-5.1017,D199,Check overload history,-6.7805,D322,Review load changes,-7.3153,D332,Review load trend,-7.6552,D221,Measure current imbalance,-7.7018,D252,Review starting/load condition,-8.0103,D350,Review load/speed,-8.0488,D260,Check current imbalance,-8.1322,D226,Review temp/load history,-8.2021,True,✅ hit
50,Inspect stator end windings for insulation damage or discoloration.,D225,Inspect winding condition,D218,Inspect winding insulation,0.7784,D134,Inspect end-turn insulation,0.1039,D213,Inspect end windings,-0.8467,D337,Inspect rotor/stator surface,-2.9232,D225,Inspect winding condition,-3.4909,D188,Inspect internal winding,-4.5685,D318,Check stator voltage & frequency,-5.2615,D326,Inspect terminal box & windings,-5.4878,D133,Check insulation resistance,-5.6912,D68,Monitor insulation resistance,-5.8755,True,✅ hit
50,Measure phase currents and checked for imbalance.,D221,Measure current imbalance,D221,Measure current imbalance,4.9773,D260,Check current imbalance,4.5044,D245,Measure phase currents,3.9793,D241,Measure current balance,0.7149,D217,Measure phase resistance,-1.4254,D270,Check current & PF,-1.7355,D168,Measure current,-1.7476,D151,Measure current density,-2.1169,D39,Measure field current,-2.1553,D157,Verify field current,-2.1598,True,✅ hit
62,Check overload relay or VFD over-current trip settings.,D274,Check relay/VFD settings,D274,Check relay/VFD settings,2.5411,D254,Check UV relay/VFD settings,2.089,D29,Check alarm/trip setting,-0.5147,D272,Check VFD input,-2.3172,D279,Check relay settings,-2.4621,D273,Verify relay settings,-3.5064,D118,Check shaft for overload signs,-4.0932,D199,Check overload history,-4.2176,D249,Check relay logs,-6.1874,D216,Check relay records,-6.2373,True,✅ hit
62,Record phase currents at motor terminals during operation.,D245,Measure phase currents,D253,Record terminal voltage,-2.8458,D245,Measure phase currents,-3.2989,D109,Monitor motor current,-4.4237,D131,Measure motor current,-5.2604,D243,Measure terminal voltage,-9.1566,D326,Inspect terminal box & windings,-9.2725,D301,Monitor field current,-9.3304,D157,Verify field current,-9.5647,D39,Measure field current,-9.7119,D262,Measure voltage/current,-9.7719,True,✅ hit
61,Inspect protection relay settings for frequency limits.,D273,Verify relay settings,D263,Check protection relay,-2.741,D273,Verify relay settings,-2.8681,D274,Check relay/VFD settings,-3.1845,D279,Check relay settings,-3.3836,D254,Check UV relay/VFD settings,-3.4883,D29,Check alarm/trip setting,-5.5451,D249,Check relay logs,-7.6422,D183,Check differential relay records,-7.6636,D216,Check relay records,-7.787,D173,Review relay records,-8.0821,True,✅ hit
61,Check VFD input frequency and control response (if applicable).,D272,Check VFD input,D272,Check VFD input,2.8155,D274,Check relay/VFD settings,-0.9555,D254,Check UV relay/VFD settings,-1.3698,D318,Check stator voltage & frequency,-5.5711,D360,Check RTD resistance,-6.8598,D26,Check RTD wiring,-7.1412,D296,Check AVR/excitation system,-7.1623,D335,Check control/governor system,-7.2593,D257,Check control supply,-7.5135,D353,Check control valve,-7.5915,True,✅ hit
61,Review grid stability and load switching events.,D271,Review grid/load events,D271,Review grid/load events,3.8863,D322,Review load changes,-4.5543,D350,Review load/speed,-5.0218,D153,Review load pattern,-5.1249,D332,Review load trend,-5.2365,D247,Review supply stability,-5.2619,D159,Review load cycle,-5.325,D252,Review starting/load condition,-6.2356,D219,Review voltage/load history,-6.3266,D261,Check non-linear loads,-6.5375,True,✅ hit
61,Check stator current and power factor under varying frequency.,D270,Check current & PF,D318,Check stator voltage & frequency,2.2536,D333,Monitor excitation & stator current,-3.5567,D35,Check armature current/voltage,-4.3423,D270,Check current & PF,-6.7273,D157,Verify field current,-7.0484,D260,Check current imbalance,-7.7667,D295,Measure field voltage/current,-7.9134,D131,Measure motor current,-8.4088,D109,Monitor motor current,-8.6573,D151,Measure current density,-8.7197,True,✅ hit
61,Correlate motor speed variation with frequency fluctuation.,D269,Correlate speed variation,D269,Correlate speed variation,-0.3542,D131,Measure motor current,-10.4465,D109,Monitor motor current,-10.5319,D5,Verify motor–gearbox alignment,-10.5708,D268,Measure supply frequency,-10.5784,D318,Check stator voltage & frequency,-10.6214,D156,Measure winding resistance,-11.1135,D163,Monitor feedback signal,-11.1347,D145,Monitor vibration trend,-11.1502,D63,Check commutator condition,-11.1787,True,✅ hit
61,Measure supply frequency continuously using power quality analyzer.,D268,Measure supply frequency,D268,Measure supply frequency,2.8072,D162,Verify supply voltage,-2.7599,D259,Record harmonic spectrum,-3.7239,D276,Check voltage quality,-5.5067,D247,Review supply stability,-6.2576,D318,Check stator voltage & frequency,-6.846,D257,Check control supply,-7.2351,D262,Measure voltage/current,-7.4439,D101,Check fan supply,-8.2569,D295,Measure field voltage/current,-8.4114,True,✅ hit
60,Assess load condition at the time of event.,D267,Assess load condition,D267,Assess load condition,2.0291,D271,Review grid/load events,-1.4987,D78,Verify load conditions,-1.7694,D252,Review starting/load condition,-2.1137,D275,Inspect mechanical load,-4.4394,D153,Review load pattern,-5.5384,D350,Review load/speed,-5.5587,D322,Review load changes,-5.6606,D332,Review load trend,-5.755,D261,Check non-linear loads,-5.9133,True,✅ hit
62,Review protection relay event logs.,D319,Analyze relay logs,D265,Review event logs,1.8764,D173,Review relay records,0.8324,D328,Review differential relay records,-0.6396,D263,Check protection relay,-2.0519,D249,Check relay logs,-2.5733,D119,Review operational logs,-2.8694,D319,Analyze relay logs,-2.8758,D323,Check earth fault relay log,-4.2882,D130,Review temperature trend,-5.6915,D271,Review grid/load events,-6.1584,True,✅ hit
60,Check stator winding resistance and insulation resistance.,D266,Check winding resistance/IR,D266,Check winding resistance/IR,2.0471,D133,Check insulation resistance,1.7992,D36,Insulation resistance test,-0.6596,D99,Measure insulation resistance,-0.673,D68,Monitor insulation resistance,-1.1378,D184,Measure winding resistance,-1.2398,D156,Measure winding resistance,-1.2627,D318,Check stator voltage & frequency,-1.5956,D218,Inspect winding insulation,-2.156,D223,Compare winding resistance,-2.36,True,✅ hit
60,"Inspect fuses, MCC contactors, and power cables.",D264,Inspect fuses/contactors,D264,Inspect fuses/contactors,3.1508,D251,Check fuses/MCC breaker,2.7635,D250,Inspect cables & contactors,1.3933,D43,Inspect coil connections,-4.0807,D155,Inspect coils,-6.1759,D326,Inspect terminal box & windings,-6.1998,D26,Check RTD wiring,-6.8811,D46,Check cable condition,-7.6113,D103,Inspect fan blades,-8.029,D330,Inspect stator/terminal box,-8.0375,True,✅ hit
60,Checked overload relay and phase failure protection response.,D263,Check protection relay,D263,Check protection relay,-1.7669,D118,Check shaft for overload signs,-3.8832,D274,Check relay/VFD settings,-4.4186,D199,Check overload history,-4.5107,D254,Check UV relay/VFD settings,-5.1087,D211,Check earth fault relay,-5.1091,D279,Check relay settings,-5.1248,D323,Check earth fault relay log,-5.487,D216,Check relay records,-5.5259,D249,Check relay logs,-5.7686,True,✅ hit
60,Measure phase voltages and currents at motor terminals during operation.,D262,Measure voltage/current,D245,Measure phase currents,2.4623,D131,Measure motor current,1.0613,D243,Measure terminal voltage,0.4743,D109,Monitor motor current,-0.2806,D262,Measure voltage/current,-0.3452,D295,Measure field voltage/current,-0.8906,D253,Record terminal voltage,-1.6686,D217,Measure phase resistance,-2.3337,D168,Measure current,-3.1204,D39,Measure field current,-3.2344,True,✅ hit
59,Check grounding and earthing continuity.,D327,Check grounding system,D327,Check grounding system,2.372,D174,Verify earthing,-0.9211,D305,Check continuity,-2.3927,D193,Verify rotor earthing,-3.7164,D44,Check earth fault,-6.3931,D211,Check earth fault relay,-6.407,D323,Check earth fault relay log,-6.8841,D48,Field continuity,-7.4126,D324,Measure IR to ground,-7.8547,D40,Bar-to-bar continuity,-8.344,True,✅ hit
59,Review presence of non-linear loads such as VFDs and rectifiers on the same bus.,D261,Check non-linear loads,D261,Check non-linear loads,-0.2067,D153,Review load pattern,-5.5651,D350,Review load/speed,-5.6588,D322,Review load changes,-5.9918,D159,Review load cycle,-6.0024,D332,Review load trend,-6.2604,D219,Review voltage/load history,-6.5477,D272,Check VFD input,-6.6044,D271,Review grid/load events,-6.7673,D231,Review current/load,-6.9411,True,✅ hit
59,Monitor motor temperature rise under steady load.,D114,Monitor temp rise under load,D114,Monitor temp rise under load,3.7213,D104,Monitor temperature rise,-1.0763,D62,Monitor load current & temp,-3.5516,D77,Monitor vibration under load,-3.9624,D109,Monitor motor current,-4.4496,D108,Measure temperature rise,-5.472,D2,Monitor bearing temperature using RTD,-5.7943,D19,Monitor bearing temperature,-5.9997,D346,Monitor bearing temp/vibration,-7.7543,D340,Monitor thrust bearing temp,-8.2813,True,✅ hit
59,Check motor current imbalance and neutral current levels.,D221,Measure current imbalance,D260,Check current imbalance,0.9184,D131,Measure motor current,-1.181,D221,Measure current imbalance,-1.463,D109,Monitor motor current,-1.5402,D35,Check armature current/voltage,-4.5826,D57,Verify neutral axis alignment,-6.6179,D241,Measure current balance,-7.0643,D270,Check current & PF,-7.1918,D157,Verify field current,-7.9614,D192,Check rotor circuit resistance,-8.9358,True,✅ hit
59,"Record harmonic spectrum (5th, 7th, 11th, 13th orders).",D259,Record harmonic spectrum,D259,Record harmonic spectrum,1.0821,D117,Vibration spectrum (1X peak),-8.087,D253,Record terminal voltage,-8.3625,D205,Review alignment history,-9.6012,D214,Review operating history,-9.6469,D288,Review storage condition,-10.0616,D268,Measure supply frequency,-10.192,D173,Review relay records,-10.2462,D115,Check coupling alignment history,-10.2676,D318,Check stator voltage & frequency,-10.3074,True,✅ hit
58,Verify cable sizing and voltage drop under load.,D258,Verify cable sizing/voltage drop,D258,Verify cable sizing/voltage drop,6.6078,D78,Verify load conditions,-2.0514,D162,Verify supply voltage,-2.4358,D219,Review voltage/load history,-3.998,D46,Check cable condition,-5.0733,D344,Verify thrust load,-5.201,D35,Check armature current/voltage,-5.9215,D294,Check load/speed,-6.0416,D276,Check voltage quality,-6.043,D77,Monitor vibration under load,-6.0781,True,✅ hit
60,Review protection relay event logs.,D265,Review event logs,D265,Review event logs,1.8764,D173,Review relay records,0.8324,D328,Review differential relay records,-0.6396,D263,Check protection relay,-2.0519,D249,Check relay logs,-2.5733,D119,Review operational logs,-2.8694,D319,Analyze relay logs,-2.8758,D323,Check earth fault relay log,-4.2882,D130,Review temperature trend,-5.6915,D271,Review grid/load events,-6.1584,True,✅ hit
62,Inspect motor load condition and mechanical resistance.,D275,Inspect mechanical load,D275,Inspect mechanical load,3.0582,D94,Inspect for mechanical impact,-1.5063,D267,Assess load condition,-1.9068,D225,Inspect winding condition,-2.1081,D78,Verify load conditions,-2.1576,D192,Check rotor circuit resistance,-3.5036,D360,Check RTD resistance,-3.8711,D156,Measure winding resistance,-4.1188,D109,Monitor motor current,-4.1253,D307,Check mechanical stress,-4.5206,True,✅ hit
62,Check supply voltage balance and quality.,D276,Check voltage quality,D276,Check voltage quality,2.8162,D162,Verify supply voltage,2.7359,D35,Check armature current/voltage,-3.6678,D257,Check control supply,-4.1003,D268,Measure supply frequency,-4.1725,D247,Review supply stability,-4.7109,D318,Check stator voltage & frequency,-4.723,D101,Check fan supply,-4.9468,D219,Review voltage/load history,-6.9444,D262,Measure voltage/current,-7.6498,True,✅ hit
62,Measure stator winding resistance and insulation resistance.,D156,Measure winding resistance,D156,Measure winding resistance,1.2407,D99,Measure insulation resistance,1.1781,D184,Measure winding resistance,0.9942,D36,Insulation resistance test,-0.1943,D133,Check insulation resistance,-0.5563,D266,Check winding resistance/IR,-0.9484,D68,Monitor insulation resistance,-0.9774,D223,Compare winding resistance,-1.2832,D218,Inspect winding insulation,-2.4479,D318,Check stator voltage & frequency,-3.0843,True,✅ hit
66,Inspect slip rings and brushes for continuity.,D298,Inspect slip rings/brushes,D298,Inspect slip rings/brushes,4.744,D304,Inspect slip rings/leads,2.1662,D189,Inspect slip rings,2.0801,D55,Inspect brush holders alignment,-2.2013,D61,Inspect brush contact,-3.4427,D79,Inspect oil ring rotation,-3.605,D306,Inspect brush gear,-3.726,D308,Inspect brush condition,-3.9554,D81,Inspect oil ring condition,-4.1916,D176,Inspect brush wear,-4.25,True,✅ hit
66,Measure field winding resistance using micro-ohmmeter.,D297,Measure field resistance,D297,Measure field resistance,6.8124,D184,Measure winding resistance,6.3617,D223,Compare winding resistance,5.098,D217,Measure phase resistance,3.5065,D156,Measure winding resistance,1.258,D266,Check winding resistance/IR,-1.1284,D47,Field winding IR,-2.0923,D295,Measure field voltage/current,-3.3405,D99,Measure insulation resistance,-5.328,D121,Measure IR of interpole winding,-5.3432,True,✅ hit
66,Check excitation system and AVR status.,D296,Check AVR/excitation system,D296,Check AVR/excitation system,5.7867,D317,Review excitation status & field current,0.137,D311,Check excitation stability,-0.3238,D333,Monitor excitation & stator current,-5.6008,D335,Check control/governor system,-9.2255,D160,Check encoder alarms,-9.5749,D35,Check armature current/voltage,-9.7218,D327,Check grounding system,-9.7709,D290,Check vibration,-9.9471,D261,Check non-linear loads,-9.9548,True,✅ hit
66,Measure field voltage and current at slip rings / excitation terminals.,D295,Measure field voltage/current,D295,Measure field voltage/current,0.9667,D39,Measure field current,-1.4054,D317,Review excitation status & field current,-1.5398,D304,Inspect slip rings/leads,-2.2061,D189,Inspect slip rings,-2.4155,D262,Measure voltage/current,-2.6961,D298,Inspect slip rings/brushes,-2.8956,D243,Measure terminal voltage,-3.2307,D157,Verify field current,-3.6181,D301,Monitor field current,-4.1837,True,✅ hit
65,Check motor load and speed conditions.,D294,Check load/speed,D294,Check load/speed,2.2186,D78,Verify load conditions,0.2945,D5,Verify motor–gearbox alignment,-2.4052,D267,Assess load condition,-3.4991,D261,Check non-linear loads,-3.5362,D275,Inspect mechanical load,-3.8645,D180,Check load history,-4.0255,D109,Monitor motor current,-6.1072,D344,Verify thrust load,-6.1504,D131,Measure motor current,-6.2886,True,✅ hit
65,Verify grease type compatibility with bearing specification.,D293,Verify grease type,D293,Verify grease type,0.9822,D8,Check bearing oil pressure gauge,-6.2668,D7,Check lubrication & grease condition,-6.6124,D66,Check bearings & seals,-7.4289,D88,Check bearing condition,-7.7156,D198,Verify bolt specification,-7.7243,D291,Inspect grease seals,-7.8689,D93,Check bearing seating,-7.9049,D33,Check bearing clearance,-7.9832,D361,Inspect lubrication/grease,-8.5507,True,✅ hit
65,Review lubrication history and quantity of grease applied.,D292,Review lubrication history,D292,Review lubrication history,0.0332,D361,Inspect lubrication/grease,-1.438,D7,Check lubrication & grease condition,-2.2557,D345,Review lubrication system,-3.9351,D73,Check lubrication condition,-6.8814,D210,Verify lubrication condition,-7.1775,D69,Assess lubrication practices,-7.323,D76,Check lubrication oil,-7.7191,D14,Check lubrication oil pressure,-7.8183,D293,Verify grease type,-8.6372,True,✅ hit
65,Inspect grease relief ports and seals.,D291,Inspect grease seals,D291,Inspect grease seals,4.4274,D361,Inspect lubrication/grease,-1.9898,D7,Check lubrication & grease condition,-4.5543,D293,Verify grease type,-5.4624,D66,Check bearings & seals,-6.587,D12,Inspect oil piping,-6.6006,D230,Check enclosure sealing,-7.2264,D22,Inspect oil lines/orifices,-7.6294,D65,Inspect commutator for oil traces,-8.2623,D9,Inspect oil supply pump operation,-8.3383,True,✅ hit
65,Check vibration levels and bearing defect frequencies.,D290,Check vibration,D346,Monitor bearing temp/vibration,0.1532,D34,Monitor bearing vibration,-0.219,D164,Check vibration effect,-2.0799,D140,Measure vibration levels,-2.2133,D290,Check vibration,-2.3804,D88,Check bearing condition,-3.2162,D33,Check bearing clearance,-3.2641,D1,Monitor vibration severity at DE & NDE,-4.4079,D358,Measure bearing temp (RTD),-4.5287,D117,Vibration spectrum (1X peak),-4.7725,True,✅ hit
65,Measure bearing temperatures at DE and NDE.,D289,Measure bearing temp,D358,Measure bearing temp (RTD),0.047,D289,Measure bearing temp,-0.211,D1,Monitor vibration severity at DE & NDE,-0.6383,D19,Monitor bearing temperature,-1.0339,D2,Monitor bearing temperature using RTD,-1.7345,D346,Monitor bearing temp/vibration,-4.539,D340,Monitor thrust bearing temp,-5.0563,D71,Measure bearing clearance,-5.9831,D8,Check bearing oil pressure gauge,-7.709,D88,Check bearing condition,-7.8086,True,✅ hit
64,Review motor idle period and storage conditions.,D288,Review storage condition,D288,Review storage condition,-3.547,D252,Review starting/load condition,-7.6397,D255,Review drive fault history,-9.1908,D247,Review supply stability,-10.0188,D109,Monitor motor current,-10.0872,D226,Review temp/load history,-10.1462,D159,Review load cycle,-10.1528,D261,Check non-linear loads,-10.1831,D322,Review load changes,-10.1924,D350,Review load/speed,-10.1938,True,✅ hit
64,Check space heater operation and enclosure sealing.,D287,Check space heater,D230,Check enclosure sealing,2.8306,D287,Check space heater,0.5044,D98,Check enclosure cleanliness,-2.4351,D96,Check cooling fan operation,-5.8149,D32,Check oil heater/cooler,-7.2467,D354,Check air lock,-7.821,D312,Check field insulation,-8.3924,D133,Check insulation resistance,-8.6671,D227,Check cooling,-8.7734,D38,Check mica insulation,-9.1642,True,✅ hit
64,"Inspect terminal box for moisture, dust, or contamination.",D185,Inspect terminal box,D185,Inspect terminal box,1.729,D326,Inspect terminal box & windings,1.4961,D330,Inspect stator/terminal box,0.0791,D286,Inspect contamination,-2.2064,D127,Check terminal markings,-5.3942,D113,Check contamination,-5.5147,D215,Check moisture/oil ingress,-5.7679,D123,Check terminal connections,-5.9712,D253,Record terminal voltage,-7.8386,D243,Measure terminal voltage,-7.8579,True,✅ hit
64,Check winding temperature and corrected IR to 40°C reference.,D124,Check winding temperature,D124,Check winding temperature,1.5357,D266,Check winding resistance/IR,-1.4556,D121,Measure IR of interpole winding,-3.9022,D47,Field winding IR,-4.2025,D359,Cross-check temp (laser),-4.7423,D277,Check winding condition,-4.948,D285,Check temperature correction,-5.1995,D158,Measure temperature,-5.6776,D19,Monitor bearing temperature,-6.5373,D149,Measure brush temp,-6.6303,True,✅ hit
64,Measure Polarization Index (PI) values (10 min / 1 min).,D45,PI test,D284,Measure PI value,-0.4983,D300,Measure IR & PI,-3.5442,D45,PI test,-4.0681,D126,Verify field polarity,-4.9255,D129,Check interpole polarity,-5.1411,D329,Check CT polarity/ratio,-5.2733,D222,Perform IR & PI test,-5.4634,D186,Check CT polarity & wiring,-6.006,D324,Measure IR to ground,-7.4692,D151,Measure current density,-7.5568,True,✅ hit
64,Measure insulation resistance (IR) of stator windings using 5 kV megger.,D283,Measure IR (5 kV),D283,Measure IR (5 kV),2.9028,D99,Measure insulation resistance,0.9331,D266,Check winding resistance/IR,0.6867,D36,Insulation resistance test,0.0784,D121,Measure IR of interpole winding,0.034,D133,Check insulation resistance,-0.3047,D68,Monitor insulation resistance,-0.5738,D47,Field winding IR,-1.9647,D156,Measure winding resistance,-2.4923,D184,Measure winding resistance,-2.6802,True,✅ hit
63,Check bearings and lubrication condition.,D282,Check lubrication,D7,Check lubrication & grease condition,3.2502,D73,Check lubrication condition,3.2059,D210,Verify lubrication condition,2.4183,D88,Check bearing condition,2.3393,D282,Check lubrication,0.4611,D14,Check lubrication oil pressure,-0.0115,D76,Check lubrication oil,-0.3863,D33,Check bearing clearance,-1.2823,D66,Check bearings & seals,-1.2867,D361,Inspect lubrication/grease,-2.1941,True,✅ hit
63,Manually rotate motor shaft to check free movement.,D281,Check rotor movement,D3,Check rotor free movement,1.52,D281,Check rotor movement,-2.1162,D72,Check shaft alignment,-3.866,D102,Verify rotation direction,-4.7914,D82,Check shaft surface,-5.0372,D5,Verify motor–gearbox alignment,-5.1463,D118,Check shaft for overload signs,-5.3346,D202,Inspect shaft surface,-7.1174,D206,Inspect shaft journal,-7.1824,D138,Check brush movement,-7.2954,True,✅ hit
63,Inspect driven equipment for mechanical jamming.,D280,Inspect driven equipment,D280,Inspect driven equipment,1.746,D275,Inspect mechanical load,-1.1446,D94,Inspect for mechanical impact,-1.5693,D213,Inspect end windings,-6.1552,D5,Verify motor–gearbox alignment,-6.4559,D306,Inspect brush gear,-6.5816,D195,Inspect coupling bolts,-6.6966,D179,Inspect bearings,-6.7249,D326,Inspect terminal box & windings,-6.732,D163,Monitor feedback signal,-6.82,True,✅ hit
63,Check locked-rotor current settings in protection relay or VFD.,D274,Check relay/VFD settings,D274,Check relay/VFD settings,1.4499,D254,Check UV relay/VFD settings,1.2423,D263,Check protection relay,-2.7025,D279,Check relay settings,-2.9528,D272,Check VFD input,-3.3396,D273,Verify relay settings,-3.7707,D192,Check rotor circuit resistance,-4.4111,D17,Check for air lock in lines,-5.1604,D84,Check rotor runout,-5.3794,D237,Check rotor cooling,-5.639,True,✅ hit
63,Measure starting current and acceleration time.,D278,Measure starting current,D278,Measure starting current,1.7008,D194,Review starting current,-3.7478,D131,Measure motor current,-4.8224,D245,Measure phase currents,-5.799,D168,Measure current,-5.849,D241,Measure current balance,-6.3626,D262,Measure voltage/current,-6.5347,D39,Measure field current,-6.6929,D151,Measure current density,-6.9485,D221,Measure current imbalance,-7.1122,True,✅ hit
58,Check control power supply and auxiliary transformers.,D257,Check control supply,D257,Check control supply,-1.3358,D162,Verify supply voltage,-4.362,D353,Check control valve,-4.9695,D101,Check fan supply,-5.2199,D335,Check control/governor system,-5.5041,D26,Check RTD wiring,-5.9056,D296,Check AVR/excitation system,-6.7675,D35,Check armature current/voltage,-7.4275,D251,Check fuses/MCC breaker,-7.7465,D272,Check VFD input,-7.9835,True,✅ hit
58,Inspect incoming power supply stability and feeder health.,D256,Inspect incoming feeder,D256,Inspect incoming feeder,2.7253,D247,Review supply stability,-2.8421,D9,Inspect oil supply pump operation,-6.4355,D162,Verify supply voltage,-7.8738,D311,Check excitation stability,-8.5479,D268,Measure supply frequency,-9.0548,D257,Check control supply,-9.2257,D246,Inspect upstream system,-9.4024,D101,Check fan supply,-9.8787,D267,Assess load condition,-10.5233,True,✅ hit
58,Review drive fault history and time-stamped alarms.,D255,Review drive fault history,D255,Review drive fault history,2.1312,D316,Review alarm history,-1.8903,D160,Check encoder alarms,-6.4481,D187,Review maintenance history,-8.5624,D219,Review voltage/load history,-9.019,D226,Review temp/load history,-9.0413,D205,Review alignment history,-9.2444,D214,Review operating history,-9.5156,D292,Review lubrication history,-9.5503,D303,Review thermal history,-10.0568,True,✅ hit
58,Check under-voltage relay or VFD protection settings.,D254,Check UV relay/VFD settings,D274,Check relay/VFD settings,4.916,D254,Check UV relay/VFD settings,4.8774,D279,Check relay settings,0.1392,D272,Check VFD input,-0.2186,D263,Check protection relay,-0.3208,D273,Verify relay settings,-0.416,D183,Check differential relay records,-3.6408,D216,Check relay records,-3.7594,D29,Check alarm/trip setting,-3.8871,D249,Check relay logs,-4.1251,True,✅ hit
53,Inspect rotor visually during overhaul.,D233,Inspect rotor,D235,Inspect rotor during overhaul,7.7697,D233,Inspect rotor,3.6774,D86,Inspect rotor surface,3.3488,D337,Inspect rotor/stator surface,3.1411,D302,Inspect rotor poles,2.7343,D320,Inspect rotor field circuit,0.0364,D237,Check rotor cooling,-0.8367,D188,Inspect internal winding,-1.9503,D225,Inspect winding condition,-2.5401,D213,Inspect end windings,-2.6825,True,✅ hit
53,Conduct motor current signature analysis (MCSA).,D232,Conduct MCSA,D232,Conduct MCSA,0.7681,D131,Measure motor current,-3.3397,D109,Monitor motor current,-3.7094,D83,Conduct vibration analysis,-5.6141,D245,Measure phase currents,-8.6622,D262,Measure voltage/current,-9.0689,D295,Measure field voltage/current,-9.2963,D157,Verify field current,-9.4305,D39,Measure field current,-9.9926,D62,Monitor load current & temp,-9.9992,True,✅ hit
53,Perform vibration analysis focusing on slip-related frequencies.,D91,Perform vibration analysis,D91,Perform vibration analysis,0.3901,D83,Conduct vibration analysis,-2.3508,D117,Vibration spectrum (1X peak),-3.3191,D145,Monitor vibration trend,-4.1803,D178,Review vibration history,-4.4555,D290,Check vibration,-5.545,D238,Measure vibration (radial/axial),-5.6807,D74,Monitor vibration,-6.2232,D140,Measure vibration levels,-6.6116,D77,Monitor vibration under load,-6.6473,True,✅ hit
53,Measure stator phase currents and checked for imbalance.,D245,Measure phase currents,D260,Check current imbalance,2.7445,D221,Measure current imbalance,2.6697,D245,Measure phase currents,1.1133,D333,Monitor excitation & stator current,0.29,D318,Check stator voltage & frequency,-0.7397,D241,Measure current balance,-2.0506,D270,Check current & PF,-3.0951,D151,Measure current density,-3.8943,D168,Measure current,-4.048,D217,Measure phase resistance,-4.0546,True,✅ hit
52,Review load history for frequent starts or overloads.,D180,Check load history,D199,Check overload history,-1.2071,D252,Review starting/load condition,-1.2231,D226,Review temp/load history,-1.3527,D219,Review voltage/load history,-1.5828,D180,Check load history,-4.5308,D159,Review load cycle,-4.6663,D332,Review load trend,-4.683,D153,Review load pattern,-5.0,D322,Review load changes,-5.1551,D350,Review load/speed,-5.6629,True,✅ hit
52,Check starting performance and acceleration time.,D234,Check starting performance,D234,Check starting performance,0.6862,D294,Check load/speed,-8.7218,D278,Measure starting current,-8.9732,D3,Check rotor free movement,-9.486,D252,Review starting/load condition,-9.5589,D281,Check rotor movement,-9.5976,D296,Check AVR/excitation system,-10.4041,D84,Check rotor runout,-10.4463,D311,Check excitation stability,-10.4723,D350,Review load/speed,-10.5119,True,✅ hit
52,Inspect rotor visually during shutdown where possible.,D233,Inspect rotor,D235,Inspect rotor during overhaul,2.7539,D233,Inspect rotor,1.1783,D86,Inspect rotor surface,0.8515,D337,Inspect rotor/stator surface,0.4944,D302,Inspect rotor poles,0.4414,D320,Inspect rotor field circuit,-1.6801,D237,Check rotor cooling,-1.8962,D84,Check rotor runout,-3.7118,D192,Check rotor circuit resistance,-4.5552,D188,Inspect internal winding,-4.689,True,✅ hit
52,Conduct motor current signature analysis (MCSA).,D232,Conduct MCSA,D232,Conduct MCSA,0.7681,D131,Measure motor current,-3.3397,D109,Monitor motor current,-3.7094,D83,Conduct vibration analysis,-5.6141,D245,Measure phase currents,-8.6622,D262,Measure voltage/current,-9.0689,D295,Measure field voltage/current,-9.2963,D157,Verify field current,-9.4305,D39,Measure field current,-9.9926,D62,Monitor load current & temp,-9.9992,True,✅ hit
52,Perform vibration analysis focusing on twice slip frequency.,D91,Perform vibration analysis,D91,Perform vibration analysis,-0.6822,D83,Conduct vibration analysis,-3.2801,D117,Vibration spectrum (1X peak),-4.1145,D145,Monitor vibration trend,-4.3723,D178,Review vibration history,-4.8864,D290,Check vibration,-5.807,D238,Measure vibration (radial/axial),-6.5479,D74,Monitor vibration,-6.6867,D77,Monitor vibration under load,-7.0115,D164,Check vibration effect,-7.0189,True,✅ hit
52,Measure stator phase currents and checked for imbalance.,D245,Measure phase currents,D260,Check current imbalance,2.7445,D221,Measure current imbalance,2.6697,D245,Measure phase currents,1.1133,D333,Monitor excitation & stator current,0.29,D318,Check stator voltage & frequency,-0.7397,D241,Measure current balance,-2.0506,D270,Check current & PF,-3.0951,D151,Measure current density,-3.8943,D168,Measure current,-4.048,D217,Measure phase resistance,-4.0546,True,✅ hit
51,Check operating current and recent overload events.,D231,Review current/load,D199,Check overload history,-1.4589,D118,Check shaft for overload signs,-3.4493,D271,Review grid/load events,-6.832,D62,Monitor load current & temp,-7.0023,D231,Review current/load,-7.7404,D180,Check load history,-7.8128,D260,Check current imbalance,-8.5568,D294,Check load/speed,-8.7974,D78,Verify load conditions,-8.8434,D270,Check current & PF,-8.8745,True,✅ hit
51,"Review enclosure sealing for dust, moisture, or oil ingress.",D230,Check enclosure sealing,D230,Check enclosure sealing,-2.6446,D215,Check moisture/oil ingress,-2.6775,D98,Check enclosure cleanliness,-7.0818,D113,Check contamination,-8.5784,D31,Check oil contamination,-8.6911,D22,Inspect oil lines/orifices,-8.7784,D11,Inspect oil filter condition,-8.8805,D65,Inspect commutator for oil traces,-8.9035,D111,Inspect oil viscosity,-9.0181,D21,Check oil strainer/filter,-9.0378,True,✅ hit
51,"Inspect cable lugs, busbars, and insulating sleeves.",D229,Inspect lugs/busbars,D229,Inspect lugs/busbars,3.5671,D250,Inspect cables & contactors,-0.2431,D218,Inspect winding insulation,-2.2321,D166,Inspect insulators,-3.6308,D134,Inspect end-turn insulation,-3.7147,D213,Inspect end windings,-4.6511,D361,Inspect lubrication/grease,-4.8513,D43,Inspect coil connections,-4.8814,D46,Check cable condition,-4.9685,D326,Inspect terminal box & windings,-4.9831,True,✅ hit
51,Check tightness and condition of terminal connections.,D228,Check connection tightness,D228,Check connection tightness,2.7204,D123,Check terminal connections,0.2162,D172,Check joint tightness,-1.9096,D167,Check tightness,-2.537,D6,Check foundation bolts tightness,-4.3367,D46,Check cable condition,-5.5616,D127,Check terminal markings,-5.9127,D299,Check connections,-6.987,D326,Inspect terminal box & windings,-7.0288,D4,Inspect coupling condition,-7.5127,True,✅ hit
51,Measure insulation resistance phase-to-phase and phase-to-earth.,D212,Measure IR phase-to-earth,D99,Measure insulation resistance,2.9131,D217,Measure phase resistance,2.2511,D36,Insulation resistance test,1.8801,D133,Check insulation resistance,1.1909,D68,Monitor insulation resistance,0.6599,D212,Measure IR phase-to-earth,-1.0862,D297,Measure field resistance,-3.552,D156,Measure winding resistance,-3.9125,D184,Measure winding resistance,-4.3879,D312,Check field insulation,-4.6176,True,✅ hit
51,Visually inspect terminal box for flash marks and insulation damage.,D185,Inspect terminal box,D326,Inspect terminal box & windings,1.4308,D185,Inspect terminal box,1.2746,D330,Inspect stator/terminal box,-0.1441,D134,Inspect end-turn insulation,-1.7403,D218,Inspect winding insulation,-1.8224,D38,Check mica insulation,-5.2268,D127,Check terminal markings,-5.7123,D68,Monitor insulation resistance,-6.4405,D220,Inspect cooling,-6.4951,D132,Inspect cooling system,-6.7235,True,✅ hit
50,Check ventilation and cooling condition.,D227,Check cooling,D125,Inspect cooling/ventilation,2.495,D64,Verify cooling airflow,0.2726,D227,Check cooling,0.2427,D96,Check cooling fan operation,-0.2357,D349,Verify cooling,-0.8913,D321,Check cooling & rotor temp,-1.3126,D237,Check rotor cooling,-2.7445,D132,Inspect cooling system,-3.0156,D220,Inspect cooling,-3.1727,D105,Inspect ventilation ducts,-3.7442,True,✅ hit
50,Review operating temperature and load history.,D226,Review temp/load history,D226,Review temp/load history,3.9129,D219,Review voltage/load history,1.066,D214,Review operating history,-1.1378,D180,Check load history,-3.5908,D303,Review thermal history,-3.7377,D252,Review starting/load condition,-4.599,D322,Review load changes,-4.8197,D332,Review load trend,-4.8766,D153,Review load pattern,-4.893,D159,Review load cycle,-4.9694,True,✅ hit
34,Observe vibration trend during load variation.,D145,Monitor vibration trend,D145,Monitor vibration trend,0.1114,D77,Monitor vibration under load,-2.2293,D332,Review load trend,-2.8805,D1,Monitor vibration severity at DE & NDE,-7.1031,D164,Check vibration effect,-7.8468,D74,Monitor vibration,-8.2318,D153,Review load pattern,-8.5321,D34,Monitor bearing vibration,-8.6776,D117,Vibration spectrum (1X peak),-8.7517,D322,Review load changes,-8.7762,True,✅ hit
50,Carry out surge comparison test on stator winding.,D224,Conduct surge test,D223,Compare winding resistance,-5.3877,D224,Conduct surge test,-6.1615,D337,Inspect rotor/stator surface,-6.5317,D318,Check stator voltage & frequency,-6.9214,D333,Monitor excitation & stator current,-7.8903,D188,Inspect internal winding,-8.3244,D266,Check winding resistance/IR,-8.3386,D213,Inspect end windings,-8.5368,D47,Field winding IR,-8.6036,D121,Measure IR of interpole winding,-8.605,True,✅ hit
50,Conduct winding resistance comparison between phases.,D223,Compare winding resistance,D223,Compare winding resistance,-1.5433,D217,Measure phase resistance,-5.2485,D156,Measure winding resistance,-5.4163,D184,Measure winding resistance,-5.8058,D266,Check winding resistance/IR,-6.6081,D245,Measure phase currents,-10.5093,D121,Measure IR of interpole winding,-10.5874,D192,Check rotor circuit resistance,-10.6486,D297,Measure field resistance,-10.7443,D360,Check RTD resistance,-10.7812,True,✅ hit
53,Check rotor temperature and cooling condition.,D321,Check cooling & rotor temp,D321,Check cooling & rotor temp,5.9792,D237,Check rotor cooling,4.5786,D192,Check rotor circuit resistance,-2.1605,D3,Check rotor free movement,-2.7425,D281,Check rotor movement,-2.8751,D84,Check rotor runout,-2.9508,D86,Inspect rotor surface,-3.5307,D124,Check winding temperature,-3.6281,D227,Check cooling,-3.7319,D233,Inspect rotor,-3.8573,True,✅ hit
49,Inspect cooling and ventilation condition.,D220,Inspect cooling,D125,Inspect cooling/ventilation,5.628,D132,Inspect cooling system,2.8736,D220,Inspect cooling,2.7445,D105,Inspect ventilation ducts,1.2057,D355,Inspect cooler tubes,0.4231,D64,Verify cooling airflow,-0.9008,D349,Verify cooling,-1.7015,D227,Check cooling,-1.7816,D96,Check cooling fan operation,-2.9202,D100,Inspect fan condition,-3.0178,True,✅ hit
54,Measure stator phase current and checked current imbalance.,D245,Measure phase currents,D221,Measure current imbalance,2.551,D260,Check current imbalance,2.3039,D245,Measure phase currents,0.3947,D333,Monitor excitation & stator current,-0.1899,D318,Check stator voltage & frequency,-0.6712,D241,Measure current balance,-1.8942,D35,Check armature current/voltage,-2.6684,D270,Check current & PF,-3.6051,D151,Measure current density,-3.9075,D262,Measure voltage/current,-4.5273,True,✅ hit
54,Conduct vibration analysis focusing on slip frequency components.,D83,Conduct vibration analysis,D83,Conduct vibration analysis,-0.2128,D91,Perform vibration analysis,-4.9247,D117,Vibration spectrum (1X peak),-5.6326,D145,Monitor vibration trend,-5.9771,D178,Review vibration history,-6.2389,D290,Check vibration,-7.3732,D304,Inspect slip rings/leads,-7.5825,D189,Inspect slip rings,-7.8194,D238,Measure vibration (radial/axial),-7.9767,D298,Inspect slip rings/brushes,-8.0464,True,✅ hit
58,Record supply voltage at motor terminals during trip event.,D253,Record terminal voltage,D253,Record terminal voltage,-1.8599,D162,Verify supply voltage,-6.0745,D243,Measure terminal voltage,-7.3611,D219,Review voltage/load history,-9.329,D268,Measure supply frequency,-9.3887,D109,Monitor motor current,-9.9167,D265,Review event logs,-10.0252,D131,Measure motor current,-10.1407,D247,Review supply stability,-10.4582,D259,Record harmonic spectrum,-10.5054,True,✅ hit
57,Review motor starting sequence and load condition.,D252,Review starting/load condition,D252,Review starting/load condition,4.0577,D153,Review load pattern,-3.6641,D350,Review load/speed,-4.0191,D159,Review load cycle,-4.3099,D322,Review load changes,-4.4067,D332,Review load trend,-5.1549,D219,Review voltage/load history,-5.3944,D267,Assess load condition,-5.9991,D261,Check non-linear loads,-6.6088,D231,Review current/load,-6.6146,True,✅ hit
57,Check fuses and MCC breaker status.,D251,Check fuses/MCC breaker,D251,Check fuses/MCC breaker,5.094,D264,Inspect fuses/contactors,-5.6853,D26,Check RTD wiring,-8.4315,D186,Check CT polarity & wiring,-9.8538,D192,Check rotor circuit resistance,-10.1528,D228,Check connection tightness,-10.4003,D96,Check cooling fan operation,-10.6307,D211,Check earth fault relay,-10.6353,D35,Check armature current/voltage,-10.686,D323,Check earth fault relay log,-10.7002,True,✅ hit
57,"Inspect power cables, terminal box, and contactors.",D250,Inspect cables & contactors,D326,Inspect terminal box & windings,4.473,D250,Inspect cables & contactors,3.9015,D330,Inspect stator/terminal box,3.1619,D185,Inspect terminal box,3.087,D264,Inspect fuses/contactors,-0.2821,D123,Check terminal connections,-2.8048,D43,Inspect coil connections,-3.3188,D243,Measure terminal voltage,-4.3896,D127,Check terminal markings,-4.8661,D253,Record terminal voltage,-4.8959,True,✅ hit
57,Check protection relay logs for phase failure indication.,D249,Check relay logs,D249,Check relay logs,-1.6964,D263,Check protection relay,-1.7052,D323,Check earth fault relay log,-2.1799,D216,Check relay records,-4.545,D319,Analyze relay logs,-5.0106,D183,Check differential relay records,-5.2153,D279,Check relay settings,-5.6394,D274,Check relay/VFD settings,-5.7265,D211,Check earth fault relay,-6.2238,D273,Verify relay settings,-6.5058,True,✅ hit
57,Measure phase currents to detect missing or low current phase.,D245,Measure phase currents,D245,Measure phase currents,4.6304,D168,Measure current,-0.574,D39,Measure field current,-1.1305,D221,Measure current imbalance,-1.2866,D131,Measure motor current,-1.4326,D241,Measure current balance,-1.4825,D262,Measure voltage/current,-1.7192,D151,Measure current density,-1.804,D278,Measure starting current,-2.308,D270,Check current & PF,-2.3182,True,✅ hit
57,Measure line voltages at motor terminals during start and run.,D248,Measure line voltages,D248,Measure line voltages,0.2898,D243,Measure terminal voltage,0.1731,D253,Record terminal voltage,-2.0861,D131,Measure motor current,-3.1215,D262,Measure voltage/current,-4.2895,D109,Monitor motor current,-4.9414,D295,Measure field voltage/current,-5.007,D278,Measure starting current,-5.1453,D162,Verify supply voltage,-5.5481,D326,Inspect terminal box & windings,-5.9584,True,✅ hit
56,Review load distribution and supply source stability.,D247,Review supply stability,D247,Review supply stability,3.0118,D153,Review load pattern,-3.4838,D159,Review load cycle,-3.6608,D332,Review load trend,-3.6941,D322,Review load changes,-3.8456,D350,Review load/speed,-4.0471,D252,Review starting/load condition,-5.108,D219,Review voltage/load history,-5.4189,D271,Review grid/load events,-5.5062,D231,Review current/load,-5.6421,True,✅ hit
56,"Inspect upstream switchgear, cables, and terminal connections.",D250,Inspect cables & contactors,D246,Inspect upstream system,1.0972,D326,Inspect terminal box & windings,0.3469,D123,Check terminal connections,-0.5009,D250,Inspect cables & contactors,-0.9352,D185,Inspect terminal box,-1.7018,D43,Inspect coil connections,-1.892,D330,Inspect stator/terminal box,-2.8305,D127,Check terminal markings,-4.9444,D243,Measure terminal voltage,-5.4677,D258,Verify cable sizing/voltage drop,-5.4899,True,✅ hit
56,Check temperature rise of stator windings and bearings.,D108,Measure temperature rise,D124,Check winding temperature,-0.1235,D19,Monitor bearing temperature,-2.7124,D318,Check stator voltage & frequency,-3.0853,D2,Monitor bearing temperature using RTD,-3.3463,D108,Measure temperature rise,-4.0339,D289,Measure bearing temp,-4.2427,D358,Measure bearing temp (RTD),-4.4565,D104,Monitor temperature rise,-4.6036,D266,Check winding resistance/IR,-5.5941,D337,Inspect rotor/stator surface,-5.7034,True,✅ hit
56,Measure phase currents under load conditions.,D245,Measure phase currents,D245,Measure phase currents,3.5452,D62,Monitor load current & temp,-0.5012,D131,Measure motor current,-1.907,D221,Measure current imbalance,-1.937,D39,Measure field current,-2.2634,D168,Measure current,-2.3348,D151,Measure current density,-2.364,D241,Measure current balance,-2.44,D217,Measure phase resistance,-2.5687,D231,Review current/load,-2.9256,True,✅ hit
56,Calculate percentage voltage imbalance as per IEC / NEMA guidelines.,D244,Calculate % imbalance,D244,Calculate % imbalance,0.2064,D221,Measure current imbalance,-8.0504,D260,Check current imbalance,-9.3715,D258,Verify cable sizing/voltage drop,-10.3902,D262,Measure voltage/current,-10.6102,D295,Measure field voltage/current,-10.6436,D162,Verify supply voltage,-10.7524,D248,Measure line voltages,-10.7826,D276,Check voltage quality,-10.819,D243,Measure terminal voltage,-10.8277,True,✅ hit
56,Measure line-to-line and line-to-neutral voltages at motor terminals.,D248,Measure line voltages,D248,Measure line voltages,1.3035,D243,Measure terminal voltage,-0.6516,D131,Measure motor current,-1.6323,D253,Record terminal voltage,-3.0186,D262,Measure voltage/current,-3.2897,D109,Monitor motor current,-3.5364,D295,Measure field voltage/current,-3.7076,D156,Measure winding resistance,-4.7967,D162,Verify supply voltage,-4.799,D326,Inspect terminal box & windings,-5.0344,True,✅ hit
55,Review foundation alignment and soft foot condition.,D242,Check foundation alignment,D242,Check foundation alignment,-3.3797,D205,Review alignment history,-5.7451,D143,Check soft foot,-7.1518,D6,Check foundation bolts tightness,-9.4708,D181,Inspect foundation,-9.5911,D252,Review starting/load condition,-10.2898,D196,Check alignment,-10.4672,D191,Inspect holder alignment,-10.4781,D310,Verify holder alignment,-10.5183,D141,Check foundation bolts,-10.5571,True,✅ hit
55,Measure stator current balance under no-load and load conditions.,D241,Measure current balance,D241,Measure current balance,-0.3094,D333,Monitor excitation & stator current,-2.4066,D221,Measure current imbalance,-3.1261,D231,Review current/load,-4.0426,D62,Monitor load current & temp,-4.2523,D318,Check stator voltage & frequency,-4.283,D78,Verify load conditions,-4.6056,D267,Assess load condition,-5.2544,D260,Check current imbalance,-5.2976,D151,Measure current density,-5.4349,True,✅ hit
55,Inspect bearings for uneven wear patterns.,D240,Inspect bearing wear,D240,Inspect bearing wear,2.9207,D148,Inspect wear pattern,0.9438,D70,Inspect bearing for displacement,-1.1716,D179,Inspect bearings,-1.3899,D348,Inspect bearing liner,-1.776,D75,Inspect bearing & shaft,-1.9496,D116,Inspect bearing seating & housing,-2.8633,D88,Check bearing condition,-5.0517,D176,Inspect brush wear,-5.3033,D66,Check bearings & seals,-5.3709,True,✅ hit
55,Perform shaft runout measurement with dial gauge.,D92,Measure shaft runout,D92,Measure shaft runout,6.916,D72,Check shaft alignment,3.7156,D84,Check rotor runout,3.0828,D53,Commutator runout,2.9747,D71,Measure bearing clearance,-1.1173,D33,Check bearing clearance,-1.2505,D343,Measure axial movement,-1.388,D362,Check axial float,-1.4915,D5,Verify motor–gearbox alignment,-2.4066,D90,Check alignment of shields,-2.4827,True,✅ hit
55,Check air gap uniformity using feeler gauges during shutdown.,D239,Check air gap uniformity,D239,Check air gap uniformity,5.6105,D336,Inspect air gap,1.6137,D143,Check soft foot,-4.5173,D354,Check air lock,-6.6568,D106,Check airflow,-6.8317,D17,Check for air lock in lines,-7.0834,D13,Check pressure relief valve,-7.897,D64,Verify cooling airflow,-8.2967,D84,Check rotor runout,-8.5509,D90,Check alignment of shields,-8.8719,True,✅ hit
55,Measure radial and axial vibration at DE and NDE bearings.,D238,Measure vibration (radial/axial),D238,Measure vibration (radial/axial),2.702,D1,Monitor vibration severity at DE & NDE,1.8156,D34,Monitor bearing vibration,-3.2011,D343,Measure axial movement,-3.4581,D346,Monitor bearing temp/vibration,-3.7556,D358,Measure bearing temp (RTD),-4.3642,D289,Measure bearing temp,-4.5629,D140,Measure vibration levels,-5.666,D71,Measure bearing clearance,-6.1541,D70,Inspect bearing for displacement,-6.4712,True,✅ hit
54,Inspect rotor during shutdown and overhaul.,D235,Inspect rotor during overhaul,D235,Inspect rotor during overhaul,6.6221,D233,Inspect rotor,0.611,D86,Inspect rotor surface,0.0584,D337,Inspect rotor/stator surface,-0.2827,D320,Inspect rotor field circuit,-0.3203,D302,Inspect rotor poles,-0.6181,D84,Check rotor runout,-1.5428,D237,Check rotor cooling,-2.4113,D192,Check rotor circuit resistance,-3.3459,D3,Check rotor free movement,-3.5135,True,✅ hit
54,Check motor temperature rise during operation.,D109,Monitor motor current,D104,Monitor temperature rise,-1.8025,D108,Measure temperature rise,-2.33,D114,Monitor temp rise under load,-2.686,D124,Check winding temperature,-3.8412,D321,Check cooling & rotor temp,-5.4124,D285,Check temperature correction,-6.4716,D109,Monitor motor current,-6.8456,D110,Check oil temperature,-7.1809,D131,Measure motor current,-7.5937,D96,Check cooling fan operation,-7.845,True,✅ hit
54,Perform Motor Current Signature Analysis (MCSA).,D232,Conduct MCSA,D131,Measure motor current,-1.9088,D109,Monitor motor current,-2.069,D232,Conduct MCSA,-2.4403,D5,Verify motor–gearbox alignment,-7.175,D91,Perform vibration analysis,-7.5066,D245,Measure phase currents,-8.3563,D157,Verify field current,-8.8151,D62,Monitor load current & temp,-9.5626,D301,Monitor field current,-9.5915,D39,Measure field current,-9.5937,True,✅ hit
34,Check motor-shaft and driven-equipment alignment.,D144,Verify alignment,D5,Verify motor–gearbox alignment,4.1326,D72,Check shaft alignment,3.3296,D115,Check coupling alignment history,-1.8363,D196,Check alignment,-2.2044,D82,Check shaft surface,-2.6958,D242,Check foundation alignment,-3.2007,D310,Verify holder alignment,-3.3278,D57,Verify neutral axis alignment,-3.4013,D144,Verify alignment,-3.4391,D118,Check shaft for overload signs,-3.7388,True,✅ hit
34,Check tightness of foundation bolts and holding-down bolts.,D141,Check foundation bolts,D6,Check foundation bolts tightness,6.2268,D141,Check foundation bolts,1.8868,D167,Check tightness,-2.1084,D172,Check joint tightness,-2.3223,D228,Check connection tightness,-2.5635,D242,Check foundation alignment,-4.006,D195,Inspect coupling bolts,-5.9435,D198,Verify bolt specification,-6.4395,D181,Inspect foundation,-6.9171,D66,Check bearings & seals,-8.6971,True,✅ hit
34,"Inspect base frame, grout condition, and foundation cracks.",D142,Inspect base frame/grout,D142,Inspect base frame/grout,4.6302,D181,Inspect foundation,-2.0527,D6,Check foundation bolts tightness,-4.533,D141,Check foundation bolts,-4.832,D225,Inspect winding condition,-5.0218,D242,Check foundation alignment,-5.6229,D4,Inspect coupling condition,-6.0742,D179,Inspect bearings,-6.8371,D100,Inspect fan condition,-6.9006,D137,Inspect spring condition,-7.2829,True,✅ hit
13,Measure field coil resistance and compared to standard value.,D297,Measure field resistance,D297,Measure field resistance,0.2098,D223,Compare winding resistance,-2.9627,D315,Inspect field coils,-3.5208,D156,Measure winding resistance,-3.7632,D184,Measure winding resistance,-3.9608,D295,Measure field voltage/current,-4.1813,D217,Measure phase resistance,-5.4873,D39,Measure field current,-5.5305,D99,Measure insulation resistance,-6.0363,D266,Check winding resistance/IR,-6.9227,True,✅ hit
13,Measure field winding continuity using megger/multimeter.,D48,Field continuity,D48,Field continuity,3.3938,D47,Field winding IR,2.9085,D121,Measure IR of interpole winding,1.9047,D295,Measure field voltage/current,0.2777,D266,Check winding resistance/IR,0.0796,D156,Measure winding resistance,-0.0988,D277,Check winding condition,-0.1294,D305,Check continuity,-0.2024,D40,Bar-to-bar continuity,-0.4367,D39,Measure field current,-0.6429,True,✅ hit
13,Check excitation source output and AVR/field controller status.,D296,Check AVR/excitation system,D296,Check AVR/excitation system,2.1945,D317,Review excitation status & field current,-1.1413,D311,Check excitation stability,-3.1463,D333,Monitor excitation & stator current,-7.3286,D272,Check VFD input,-7.8318,D257,Check control supply,-8.6384,D312,Check field insulation,-8.8166,D157,Verify field current,-8.8237,D335,Check control/governor system,-8.9095,D35,Check armature current/voltage,-9.3354,True,✅ hit
13,Check relay trip logs and DCS alarm history for field failure.,D249,Check relay logs,D29,Check alarm/trip setting,-1.0274,D316,Review alarm history,-2.4102,D249,Check relay logs,-2.8567,D323,Check earth fault relay log,-2.8849,D180,Check load history,-3.2157,D173,Review relay records,-3.2923,D199,Check overload history,-3.5191,D216,Check relay records,-4.8609,D119,Review operational logs,-5.1702,D265,Review event logs,-5.1996,True,✅ hit
12,Verify tightness and condition of electrical connections.,D228,Check connection tightness,D228,Check connection tightness,3.7285,D167,Check tightness,-1.3066,D172,Check joint tightness,-2.3273,D204,Verify locking arrangement,-4.6503,D6,Check foundation bolts tightness,-5.0428,D46,Check cable condition,-5.2861,D258,Verify cable sizing/voltage drop,-5.3729,D277,Check winding condition,-6.2479,D4,Inspect coupling condition,-6.4005,D78,Verify load conditions,-6.5741,True,✅ hit
11,Verify excitation supply voltage and field current stability.,D162,Verify supply voltage,D311,Check excitation stability,1.7797,D162,Verify supply voltage,1.0255,D317,Review excitation status & field current,0.4254,D157,Verify field current,-0.5996,D295,Measure field voltage/current,-2.6425,D247,Review supply stability,-2.8507,D296,Check AVR/excitation system,-4.8356,D333,Monitor excitation & stator current,-5.3069,D126,Verify field polarity,-5.4474,D39,Measure field current,-5.7917,True,✅ hit
11,Inspect for carbon tracking or metallic dust accumulation.,D54,Carbon dust,D54,Carbon dust,-1.5239,D286,Inspect contamination,-7.4344,D65,Inspect commutator for oil traces,-8.1182,D169,Inspect environment,-8.8506,D94,Inspect for mechanical impact,-9.0382,D280,Inspect driven equipment,-9.3657,D220,Inspect cooling,-9.4174,D175,Inspect holders,-9.5191,D95,Inspect air passages,-9.6333,D336,Inspect air gap,-9.6752,True,✅ hit
11,"Inspect field coil terminals, insulation tape, and sleeves for damage.",D315,Inspect field coils,D315,Inspect field coils,0.6393,D312,Check field insulation,-1.2168,D218,Inspect winding insulation,-1.8477,D43,Inspect coil connections,-2.832,D155,Inspect coils,-2.888,D134,Inspect end-turn insulation,-3.2457,D326,Inspect terminal box & windings,-3.463,D122,Inspect interpole coils,-3.5729,D320,Inspect rotor field circuit,-4.867,D133,Check insulation resistance,-5.129,True,✅ hit
11,Check continuity of field coil to confirm absence of open circuit.,D305,Check continuity,D315,Inspect field coils,-3.8377,D48,Field continuity,-4.6825,D305,Check continuity,-5.0444,D157,Verify field current,-6.0816,D126,Verify field polarity,-7.1425,D320,Inspect rotor field circuit,-7.2267,D312,Check field insulation,-7.6514,D43,Inspect coil connections,-7.9692,D47,Field winding IR,-8.017,D155,Inspect coils,-8.2207,True,✅ hit
11,Check for moisture ingress in terminal box and field winding chamber.,D326,Inspect terminal box & windings,D215,Check moisture/oil ingress,-0.3029,D326,Inspect terminal box & windings,-1.1153,D185,Inspect terminal box,-4.3624,D47,Field winding IR,-4.9893,D330,Inspect stator/terminal box,-5.5634,D312,Check field insulation,-6.0144,D266,Check winding resistance/IR,-6.121,D277,Check winding condition,-6.3525,D124,Check winding temperature,-6.7368,D127,Check terminal markings,-6.7554,True,✅ hit
11,Measure insulation resistance of field winding to ground using megger.,D47,Field winding IR,D99,Measure insulation resistance,4.3052,D133,Check insulation resistance,3.4266,D36,Insulation resistance test,3.3601,D266,Check winding resistance/IR,2.9392,D68,Monitor insulation resistance,2.8845,D312,Check field insulation,2.2597,D324,Measure IR to ground,1.1731,D47,Field winding IR,0.8513,D121,Measure IR of interpole winding,0.0607,D277,Check winding condition,-1.2964,True,✅ hit
11,Check field circuit trip logs and relay operation on MCC.,D249,Check relay logs,D249,Check relay logs,-0.5672,D323,Check earth fault relay log,-0.9034,D29,Check alarm/trip setting,-2.1198,D319,Analyze relay logs,-3.5184,D216,Check relay records,-3.6026,D183,Check differential relay records,-3.8569,D251,Check fuses/MCC breaker,-3.9992,D211,Check earth fault relay,-4.3814,D279,Check relay settings,-4.5326,D263,Check protection relay,-4.5754,True,✅ hit
10,Inspect winding slot area and varnish condition for moisture or breakdown.,D188,Inspect internal winding,D225,Inspect winding condition,-1.8407,D218,Inspect winding insulation,-2.2143,D213,Inspect end windings,-4.6013,D188,Inspect internal winding,-4.6947,D277,Check winding condition,-5.0115,D326,Inspect terminal box & windings,-5.8086,D266,Check winding resistance/IR,-6.93,D124,Check winding temperature,-7.6198,D4,Inspect coupling condition,-7.7614,D134,Inspect end-turn insulation,-8.1338,True,✅ hit
10,Verify cable condition from converter to motor for mechanical damage.,D46,Check cable condition,D46,Check cable condition,-2.0358,D258,Verify cable sizing/voltage drop,-3.1454,D5,Verify motor–gearbox alignment,-3.8168,D277,Check winding condition,-6.1272,D78,Verify load conditions,-6.5575,D307,Check mechanical stress,-7.2951,D225,Inspect winding condition,-7.6426,D63,Check commutator condition,-7.6804,D210,Verify lubrication condition,-7.794,D250,Inspect cables & contactors,-8.0267,True,✅ hit
10,Check commutator and brush assembly for carbon tracking.,D59,Inspect commutator surface,D42,Check commutator segments,-4.8242,D65,Inspect commutator for oil traces,-4.8775,D60,Check brush holder material,-5.0178,D63,Check commutator condition,-5.194,D138,Check brush movement,-5.9067,D146,Check brush grade,-6.2439,D37,Inspect commutator,-6.7102,D59,Inspect commutator surface,-6.7217,D152,Inspect commutator film,-6.8531,D67,Verify brush contact pressure,-6.8814,True,✅ hit
10,"Inspect terminal box, cable glands, and insulation sleeves for damage.",D185,Inspect terminal box,D326,Inspect terminal box & windings,0.8831,D185,Inspect terminal box,-0.0567,D330,Inspect stator/terminal box,-1.3667,D218,Inspect winding insulation,-2.792,D134,Inspect end-turn insulation,-2.8408,D250,Inspect cables & contactors,-3.843,D133,Check insulation resistance,-5.1169,D68,Monitor insulation resistance,-5.4061,D123,Check terminal connections,-5.7867,D127,Check terminal markings,-6.0189,True,✅ hit
10,Conduct PI test to assess insulation condition.,D45,PI test,D36,Insulation resistance test,-2.1193,D133,Check insulation resistance,-2.8598,D99,Measure insulation resistance,-2.9661,D134,Inspect end-turn insulation,-3.1,D68,Monitor insulation resistance,-3.1098,D45,PI test,-3.4782,D218,Inspect winding insulation,-3.6544,D312,Check field insulation,-3.6793,D222,Perform IR & PI test,-4.0658,D38,Check mica insulation,-4.0912,True,✅ hit
10,Measure insulation resistance of armature and field winding to ground found zero.,D99,Measure insulation resistance,D99,Measure insulation resistance,-0.3404,D36,Insulation resistance test,-1.5789,D133,Check insulation resistance,-1.9598,D156,Measure winding resistance,-2.3412,D184,Measure winding resistance,-2.5352,D297,Measure field resistance,-2.5678,D68,Monitor insulation resistance,-2.6909,D218,Inspect winding insulation,-4.0818,D266,Check winding resistance/IR,-4.2876,D312,Check field insulation,-4.3695,True,✅ hit
10,Check motor earth fault relay and trip records.,D211,Check earth fault relay,D323,Check earth fault relay log,1.9163,D211,Check earth fault relay,1.6571,D216,Check relay records,-2.3284,D183,Check differential relay records,-2.4897,D44,Check earth fault,-2.7651,D29,Check alarm/trip setting,-2.9804,D249,Check relay logs,-4.9122,D173,Review relay records,-5.5787,D328,Review differential relay records,-5.7198,D274,Check relay/VFD settings,-5.7585,True,✅ hit
9,"Monitor torque, noise, and vibration trends during trial.",D74,Monitor vibration,D145,Monitor vibration trend,1.2033,D77,Monitor vibration under load,-2.3099,D1,Monitor vibration severity at DE & NDE,-2.3267,D74,Monitor vibration,-2.4335,D34,Monitor bearing vibration,-3.0486,D346,Monitor bearing temp/vibration,-3.6279,D140,Measure vibration levels,-6.926,D91,Perform vibration analysis,-7.1767,D164,Check vibration effect,-7.1949,D178,Review vibration history,-7.3448,True,✅ hit
9,Inspect solder/connection points between coil leads and commutator risers.,D43,Inspect coil connections,D43,Inspect coil connections,-1.0358,D59,Inspect commutator surface,-2.8878,D37,Inspect commutator,-3.0305,D152,Inspect commutator film,-3.1355,D65,Inspect commutator for oil traces,-3.615,D122,Inspect interpole coils,-3.6919,D155,Inspect coils,-3.9043,D195,Inspect coupling bolts,-4.4101,D315,Inspect field coils,-4.6819,D304,Inspect slip rings/leads,-5.8829,True,✅ hit
13,"Inspect field terminals, brushes, and interconnections.",D185,Inspect terminal box,D315,Inspect field coils,-0.2515,D61,Inspect brush contact,-0.7056,D326,Inspect terminal box & windings,-1.0641,D150,Inspect brush surface,-1.1369,D306,Inspect brush gear,-1.1535,D55,Inspect brush holders alignment,-1.2497,D308,Inspect brush condition,-1.7588,D185,Inspect terminal box,-2.4218,D320,Inspect rotor field circuit,-2.4353,D298,Inspect slip rings/brushes,-2.4933,True,✅ hit
9,Check commutator segments for discoloration and raised bars.,D42,Check commutator segments,D42,Check commutator segments,-1.7143,D63,Check commutator condition,-5.0167,D65,Inspect commutator for oil traces,-7.5082,D37,Inspect commutator,-7.9581,D152,Inspect commutator film,-7.9611,D59,Inspect commutator surface,-7.9899,D49,Commutator condition,-8.4358,D53,Commutator runout,-8.5448,D128,Observe commutation,-9.5294,D40,Bar-to-bar continuity,-10.0813,True,✅ hit
13,Check for broken field coil lead or burnt terminal connection.,D123,Check terminal connections,D315,Inspect field coils,-4.3415,D123,Check terminal connections,-4.7038,D43,Inspect coil connections,-6.066,D312,Check field insulation,-7.1128,D127,Check terminal markings,-7.5436,D326,Inspect terminal box & windings,-7.8401,D228,Check connection tightness,-8.2782,D26,Check RTD wiring,-8.2839,D157,Verify field current,-8.4204,D47,Field winding IR,-8.4627,True,✅ hit
14,"Check commutator surface condition for pitting, burning, and uneven wear.",D59,Inspect commutator surface,D63,Check commutator condition,-3.2767,D59,Inspect commutator surface,-4.0028,D49,Commutator condition,-5.6945,D42,Check commutator segments,-5.8666,D338,Check pitting depth,-6.2851,D65,Inspect commutator for oil traces,-6.9676,D37,Inspect commutator,-6.9756,D152,Inspect commutator film,-7.0305,D82,Check shaft surface,-8.5028,D53,Commutator runout,-8.6239,True,✅ hit
16,Monitor load current and fluctuations under operation.,D62,Monitor load current & temp,D62,Monitor load current & temp,2.5613,D114,Monitor temp rise under load,0.0615,D77,Monitor vibration under load,-0.5783,D109,Monitor motor current,-2.4754,D301,Monitor field current,-4.2179,D231,Review current/load,-4.3634,D333,Monitor excitation & stator current,-5.0144,D78,Verify load conditions,-5.9056,D332,Review load trend,-6.1992,D322,Review load changes,-6.476,True,✅ hit
16,"Check for contaminants such as dust, oil, or moisture.",D215,Check moisture/oil ingress,D31,Check oil contamination,0.1281,D215,Check moisture/oil ingress,0.0615,D113,Check contamination,-0.0239,D286,Inspect contamination,-5.1286,D341,Check oil condition,-5.3385,D30,Check oil viscosity,-5.4692,D80,Check oil level,-5.7276,D23,Check oil reservoir condition,-5.8475,D347,Check oil level/flow,-5.9387,D21,Check oil strainer/filter,-6.1814,True,✅ hit
16,Verify brush holder alignment and neutral axis alignment.,D52,Brush holder alignment,D57,Verify neutral axis alignment,4.1111,D310,Verify holder alignment,3.4716,D55,Inspect brush holders alignment,2.8106,D52,Brush holder alignment,1.86,D191,Inspect holder alignment,-0.0923,D60,Check brush holder material,-0.2183,D67,Verify brush contact pressure,-2.3992,D144,Verify alignment,-2.6525,D5,Verify motor–gearbox alignment,-4.1624,D138,Check brush movement,-4.9657,True,✅ hit
16,Measure brush pressure and spring tension using tension gauge.,D51,Brush pressure,D56,Check brush seating & spring tension,5.6048,D135,Measure spring pressure,4.9458,D190,Measure spring tension,3.1943,D51,Brush pressure,2.8384,D67,Verify brush contact pressure,1.8305,D154,Check spring pressure,1.2571,D149,Measure brush temp,-2.2902,D138,Check brush movement,-3.7723,D306,Inspect brush gear,-3.9906,D61,Inspect brush contact,-4.4349,True,✅ hit
16,"Check commutator surface for roughness, grooving, or pitting.",D59,Inspect commutator surface,D59,Inspect commutator surface,-1.6529,D63,Check commutator condition,-3.2899,D338,Check pitting depth,-3.5866,D42,Check commutator segments,-3.7987,D152,Inspect commutator film,-5.7583,D37,Inspect commutator,-5.7616,D65,Inspect commutator for oil traces,-5.7785,D82,Check shaft surface,-5.8568,D49,Commutator condition,-6.8114,D53,Commutator runout,-7.628,True,✅ hit
16,"Inspect brushes for wear pattern, hardness, and grade suitability.",D176,Inspect brush wear,D176,Inspect brush wear,2.49,D148,Inspect wear pattern,0.8151,D306,Inspect brush gear,-1.3339,D150,Inspect brush surface,-1.4896,D308,Inspect brush condition,-1.5516,D61,Inspect brush contact,-1.7088,D55,Inspect brush holders alignment,-2.0641,D146,Check brush grade,-2.1675,D298,Inspect slip rings/brushes,-3.9174,D240,Inspect bearing wear,-4.0374,True,✅ hit
15,Check cooling system for overheating effects.,D132,Inspect cooling system,D227,Check cooling,-1.493,D96,Check cooling fan operation,-2.0809,D349,Verify cooling,-2.2811,D64,Verify cooling airflow,-2.5722,D132,Inspect cooling system,-2.6848,D32,Check oil heater/cooler,-3.3485,D237,Check rotor cooling,-4.0519,D321,Check cooling & rotor temp,-4.2395,D220,Inspect cooling,-4.5594,D125,Inspect cooling/ventilation,-4.6854,True,✅ hit
15,Measure commutator runout using dial gauge.,D53,Commutator runout,D53,Commutator runout,6.6312,D92,Measure shaft runout,3.1432,D84,Check rotor runout,1.2283,D343,Measure axial movement,-2.9451,D37,Inspect commutator,-3.2747,D72,Check shaft alignment,-3.3674,D71,Measure bearing clearance,-3.5832,D59,Inspect commutator surface,-3.6219,D42,Check commutator segments,-3.7048,D152,Inspect commutator film,-3.7088,True,✅ hit
15,Check armature current for overload or fluctuation.,D35,Check armature current/voltage,D35,Check armature current/voltage,2.4767,D118,Check shaft for overload signs,-1.6582,D199,Check overload history,-3.7025,D62,Monitor load current & temp,-5.6925,D260,Check current imbalance,-6.2705,D294,Check load/speed,-7.7774,D270,Check current & PF,-8.4827,D231,Review current/load,-8.4877,D261,Check non-linear loads,-8.5749,D157,Verify field current,-9.0943,True,✅ hit
15,Inspect for carbon dust buildup or abrasive contaminants.,D54,Carbon dust,D54,Carbon dust,-3.0186,D286,Inspect contamination,-4.0767,D113,Check contamination,-8.05,D94,Inspect for mechanical impact,-9.1731,D65,Inspect commutator for oil traces,-9.2333,D169,Inspect environment,-9.2842,D134,Inspect end-turn insulation,-9.55,D220,Inspect cooling,-9.6071,D95,Inspect air passages,-9.7303,D125,Inspect cooling/ventilation,-9.814,True,✅ hit
15,Verify brush seating and holder alignment.,D55,Inspect brush holders alignment,D55,Inspect brush holders alignment,4.6421,D310,Verify holder alignment,4.2765,D52,Brush holder alignment,3.6389,D56,Check brush seating & spring tension,2.5018,D60,Check brush holder material,2.1675,D191,Inspect holder alignment,0.9828,D67,Verify brush contact pressure,-1.7896,D144,Verify alignment,-2.628,D57,Verify neutral axis alignment,-3.6294,D138,Check brush movement,-3.8562,True,✅ hit
15,Measure brush pressure and assessed spring tension.,D51,Brush pressure,D56,Check brush seating & spring tension,4.4789,D135,Measure spring pressure,3.4319,D190,Measure spring tension,1.2501,D67,Verify brush contact pressure,1.2122,D51,Brush pressure,1.0941,D154,Check spring pressure,0.5671,D149,Measure brush temp,-2.6016,D138,Check brush movement,-4.4747,D306,Inspect brush gear,-4.5363,D150,Inspect brush surface,-4.6953,True,✅ hit
15,Check brush grade compatibility with commutator material.,D146,Check brush grade,D146,Check brush grade,-1.8185,D60,Check brush holder material,-2.3516,D63,Check commutator condition,-4.8476,D42,Check commutator segments,-4.9432,D138,Check brush movement,-6.3894,D67,Verify brush contact pressure,-6.6193,D65,Inspect commutator for oil traces,-6.7882,D59,Inspect commutator surface,-6.9623,D152,Inspect commutator film,-7.0095,D37,Inspect commutator,-7.1301,True,✅ hit
15,"Visually inspect commutator surface condition for pits, grooves, flat spots, and discoloration.",D59,Inspect commutator surface,D59,Inspect commutator surface,1.1552,D152,Inspect commutator film,-1.1115,D37,Inspect commutator,-1.2992,D63,Check commutator condition,-1.4821,D49,Commutator condition,-2.0467,D65,Inspect commutator for oil traces,-2.0878,D128,Observe commutation,-3.2497,D42,Check commutator segments,-4.1766,D202,Inspect shaft surface,-4.6195,D150,Inspect brush surface,-5.3001,True,✅ hit
14,Inspect carbon dust accumulation and lubrication traces,D54,Carbon dust,D54,Carbon dust,-3.7325,D361,Inspect lubrication/grease,-4.4218,D20,Inspect lubrication pump,-4.5445,D65,Inspect commutator for oil traces,-5.2687,D282,Check lubrication,-6.4036,D73,Check lubrication condition,-6.8601,D210,Verify lubrication condition,-6.976,D76,Check lubrication oil,-7.2339,D292,Review lubrication history,-7.2746,D7,Check lubrication & grease condition,-7.3237,True,✅ hit
14,Check commutator runout and eccentricity.,D53,Commutator runout,D53,Commutator runout,-0.8561,D63,Check commutator condition,-2.7262,D42,Check commutator segments,-3.2223,D84,Check rotor runout,-4.7138,D59,Inspect commutator surface,-6.7628,D37,Inspect commutator,-6.9364,D152,Inspect commutator film,-7.3369,D65,Inspect commutator for oil traces,-7.359,D49,Commutator condition,-7.3624,D92,Measure shaft runout,-8.524,True,✅ hit
14,Test armature winding resistance to detect imbalance or short-circuit.,D156,Measure winding resistance,D266,Check winding resistance/IR,-0.1374,D156,Measure winding resistance,-0.8788,D184,Measure winding resistance,-1.1944,D223,Compare winding resistance,-2.2957,D35,Check armature current/voltage,-3.0794,D192,Check rotor circuit resistance,-3.1995,D260,Check current imbalance,-4.0801,D221,Measure current imbalance,-4.8073,D277,Check winding condition,-4.9285,D225,Inspect winding condition,-5.0428,True,✅ hit
14,Verify field excitation stability to rule out field weakening.,D311,Check excitation stability,D311,Check excitation stability,1.6419,D317,Review excitation status & field current,-3.2779,D126,Verify field polarity,-3.5903,D157,Verify field current,-3.6173,D296,Check AVR/excitation system,-5.9505,D297,Measure field resistance,-6.917,D312,Check field insulation,-6.9488,D48,Field continuity,-8.4167,D47,Field winding IR,-8.5616,D310,Verify holder alignment,-8.572,True,✅ hit
14,Measure armature current fluctuations and load conditions.,D35,Check armature current/voltage,D35,Check armature current/voltage,1.3715,D62,Monitor load current & temp,-2.9629,D231,Review current/load,-3.6383,D267,Assess load condition,-3.8264,D245,Measure phase currents,-4.3438,D78,Verify load conditions,-4.3529,D131,Measure motor current,-4.5853,D221,Measure current imbalance,-4.656,D241,Measure current balance,-5.2923,D151,Measure current density,-5.3983,True,✅ hit
14,Check for loose brush holders and misalignment.,D55,Inspect brush holders alignment,D60,Check brush holder material,1.5812,D55,Inspect brush holders alignment,0.0257,D52,Brush holder alignment,-2.6042,D56,Check brush seating & spring tension,-4.3333,D138,Check brush movement,-4.7574,D146,Check brush grade,-4.9763,D310,Verify holder alignment,-5.3871,D67,Verify brush contact pressure,-5.6914,D308,Inspect brush condition,-5.8268,D176,Inspect brush wear,-5.9418,True,✅ hit
14,"Inspect brush grade, size, and spring tension for correct specification.",D146,Check brush grade,D56,Check brush seating & spring tension,1.8036,D146,Check brush grade,-2.2566,D308,Inspect brush condition,-2.7302,D306,Inspect brush gear,-2.7533,D190,Measure spring tension,-2.8018,D150,Inspect brush surface,-2.8721,D176,Inspect brush wear,-3.3397,D61,Inspect brush contact,-3.4216,D55,Inspect brush holders alignment,-3.4409,D67,Verify brush contact pressure,-3.5079,True,✅ hit
13,Inspect for vibration-induced loosening of field terminals.,D74,Monitor vibration,D315,Inspect field coils,-3.1005,D326,Inspect terminal box & windings,-4.0654,D320,Inspect rotor field circuit,-4.1903,D164,Check vibration effect,-5.487,D290,Check vibration,-5.9908,D77,Monitor vibration under load,-6.2183,D47,Field winding IR,-6.3324,D1,Monitor vibration severity at DE & NDE,-6.6208,D74,Monitor vibration,-6.6999,D145,Monitor vibration trend,-6.8321,True,✅ hit
9,Conduct growler test to check coil integrity and continuity.,D41,Growler test,D41,Growler test,-2.2362,D305,Check continuity,-3.826,D43,Inspect coil connections,-4.4029,D155,Inspect coils,-4.9734,D122,Inspect interpole coils,-5.4448,D315,Inspect field coils,-5.5688,D83,Conduct vibration analysis,-6.4489,D48,Field continuity,-6.6638,D224,Conduct surge test,-6.765,D266,Check winding resistance/IR,-7.586,True,✅ hit
9,Perform bar-to-bar continuity test to detect open coil segments.,D40,Bar-to-bar continuity,D40,Bar-to-bar continuity,1.1605,D43,Inspect coil connections,-4.4296,D155,Inspect coils,-4.9851,D305,Check continuity,-5.0749,D122,Inspect interpole coils,-5.2475,D315,Inspect field coils,-5.5536,D48,Field continuity,-6.3297,D42,Check commutator segments,-7.7159,D222,Perform IR & PI test,-7.8541,D325,Perform leakage/step voltage test,-8.0773,True,✅ hit
9,Measure armature current and voltage during start and running conditions.,D35,Check armature current/voltage,D35,Check armature current/voltage,2.3626,D278,Measure starting current,-1.6793,D262,Measure voltage/current,-2.4487,D295,Measure field voltage/current,-3.195,D131,Measure motor current,-4.4128,D194,Review starting current,-5.099,D168,Measure current,-5.6943,D243,Measure terminal voltage,-5.6992,D245,Measure phase currents,-5.825,D109,Monitor motor current,-6.0033,True,✅ hit
5,Check temperature readings on motor control panel and compared with portable laser thermometer.,D25,Compare panel temp with laser,D25,Compare panel temp with laser,2.1775,D359,Cross-check temp (laser),-0.6236,D124,Check winding temperature,-2.2839,D5,Verify motor–gearbox alignment,-4.1816,D285,Check temperature correction,-4.3618,D158,Measure temperature,-4.7382,D19,Monitor bearing temperature,-5.1487,D109,Monitor motor current,-5.6072,D110,Check oil temperature,-5.6099,D97,Measure air temperature,-5.6352,True,✅ hit
3,Check for any air lock or improper venting in lubrication lines.,D17,Check for air lock in lines,D17,Check for air lock in lines,2.3225,D354,Check air lock,-0.7262,D282,Check lubrication,-3.8397,D7,Check lubrication & grease condition,-4.2792,D73,Check lubrication condition,-4.4211,D14,Check lubrication oil pressure,-4.8643,D76,Check lubrication oil,-5.1378,D210,Verify lubrication condition,-5.1975,D20,Inspect lubrication pump,-5.4417,D361,Inspect lubrication/grease,-5.4757,True,✅ hit
3,Inspect oil pump operation and assessed delivery pressure.,D16,Check oil pump delivery pressure,D16,Check oil pump delivery pressure,5.8997,D9,Inspect oil supply pump operation,3.5322,D24,Check jacking oil pump,0.0951,D112,Inspect oil ring operation,-0.7608,D12,Inspect oil piping,-1.8281,D14,Check lubrication oil pressure,-2.1989,D15,Inspect oil return line,-2.2429,D8,Check bearing oil pressure gauge,-3.0485,D111,Inspect oil viscosity,-3.0615,D22,Inspect oil lines/orifices,-3.3095,True,✅ hit
3,Check oil return line and piping for restriction or blockage.,D15,Inspect oil return line,D15,Inspect oil return line,-0.5541,D12,Inspect oil piping,-2.4628,D21,Check oil strainer/filter,-4.8812,D24,Check jacking oil pump,-5.0191,D22,Inspect oil lines/orifices,-5.8506,D18,Check oil flow indicators,-5.8705,D347,Check oil level/flow,-5.9061,D16,Check oil pump delivery pressure,-6.1478,D65,Inspect commutator for oil traces,-6.2884,D31,Check oil contamination,-6.4141,True,✅ hit
3,Check oil filter condition for blockage restricting flow.,D11,Inspect oil filter condition,D11,Inspect oil filter condition,-0.9171,D21,Check oil strainer/filter,-1.6045,D347,Check oil level/flow,-2.2528,D18,Check oil flow indicators,-2.294,D23,Check oil reservoir condition,-3.4187,D341,Check oil condition,-4.556,D9,Inspect oil supply pump operation,-4.7567,D73,Check lubrication condition,-4.9476,D31,Check oil contamination,-5.7465,D210,Verify lubrication condition,-5.8463,True,✅ hit
3,Inspect pressure relief valve operation for jamming or incorrect calibration.,D13,Check pressure relief valve,D13,Check pressure relief valve,0.3622,D352,Inspect strainers/piping,-6.9534,D9,Inspect oil supply pump operation,-7.344,D24,Check jacking oil pump,-7.8958,D16,Check oil pump delivery pressure,-8.1378,D14,Check lubrication oil pressure,-8.3872,D67,Verify brush contact pressure,-8.446,D154,Check spring pressure,-8.4551,D353,Check control valve,-8.5166,D8,Check bearing oil pressure gauge,-8.5297,True,✅ hit
3,Monitored bearing temperatures at DE and NDE.,D2,Monitor bearing temperature using RTD,D1,Monitor vibration severity at DE & NDE,1.2095,D19,Monitor bearing temperature,0.8267,D2,Monitor bearing temperature using RTD,0.8124,D346,Monitor bearing temp/vibration,-1.5159,D340,Monitor thrust bearing temp,-2.0404,D358,Measure bearing temp (RTD),-4.5299,D289,Measure bearing temp,-4.8242,D34,Monitor bearing vibration,-5.2368,D104,Monitor temperature rise,-8.0509,D70,Inspect bearing for displacement,-8.6058,True,✅ hit
3,Check lubrication system oil pressure gauge and verify alarm condition.,D8,Check bearing oil pressure gauge,D14,Check lubrication oil pressure,4.7298,D210,Verify lubrication condition,3.8278,D73,Check lubrication condition,2.9204,D76,Check lubrication oil,1.1707,D8,Check bearing oil pressure gauge,0.7055,D7,Check lubrication & grease condition,-0.3038,D16,Check oil pump delivery pressure,-0.3672,D24,Check jacking oil pump,-0.4,D347,Check oil level/flow,-1.6496,D110,Check oil temperature,-1.7353,True,✅ hit
2,Assess lubrication system pressure relief valve operation.,D13,Check pressure relief valve,D13,Check pressure relief valve,-1.2782,D69,Assess lubrication practices,-1.7121,D14,Check lubrication oil pressure,-1.732,D345,Review lubrication system,-3.4843,D20,Inspect lubrication pump,-3.5884,D282,Check lubrication,-5.3534,D73,Check lubrication condition,-5.5126,D210,Verify lubrication condition,-5.6772,D361,Inspect lubrication/grease,-6.0006,D292,Review lubrication history,-6.4867,True,✅ hit
2,"Inspect oil piping for restriction, blockage, or air ingress.",D12,Inspect oil piping,D12,Inspect oil piping,2.2554,D215,Check moisture/oil ingress,-1.403,D22,Inspect oil lines/orifices,-1.883,D9,Inspect oil supply pump operation,-2.6064,D15,Inspect oil return line,-2.9748,D65,Inspect commutator for oil traces,-2.9854,D112,Inspect oil ring operation,-3.0698,D11,Inspect oil filter condition,-3.2294,D81,Inspect oil ring condition,-3.3399,D79,Inspect oil ring rotation,-3.3625,True,✅ hit
2,Verify condition of oil filter for clogging or blockage.,D11,Inspect oil filter condition,D11,Inspect oil filter condition,0.0559,D21,Check oil strainer/filter,-0.7739,D210,Verify lubrication condition,-1.2984,D23,Check oil reservoir condition,-2.8743,D73,Check lubrication condition,-3.1639,D341,Check oil condition,-3.7345,D31,Check oil contamination,-4.3314,D113,Check contamination,-4.8022,D81,Inspect oil ring condition,-5.2455,D347,Check oil level/flow,-5.3261,True,✅ hit
2,Check oil level in reservoir and inspect for leakage.,D10,Check oil level in reservoir,D10,Check oil level in reservoir,5.528,D23,Check oil reservoir condition,3.1953,D347,Check oil level/flow,1.7788,D80,Check oil level,0.6145,D31,Check oil contamination,-0.0326,D113,Check contamination,-0.6268,D18,Check oil flow indicators,-1.4162,D9,Inspect oil supply pump operation,-1.7284,D215,Check moisture/oil ingress,-1.8308,D11,Inspect oil filter condition,-2.2001,True,✅ hit
2,Inspect oil supply pump operation and flow to the bearings.,D9,Inspect oil supply pump operation,D9,Inspect oil supply pump operation,4.7552,D8,Check bearing oil pressure gauge,-0.2413,D112,Inspect oil ring operation,-1.5976,D179,Inspect bearings,-1.7335,D75,Inspect bearing & shaft,-1.8548,D12,Inspect oil piping,-2.2776,D16,Check oil pump delivery pressure,-2.2969,D24,Check jacking oil pump,-2.6439,D15,Inspect oil return line,-2.9651,D18,Check oil flow indicators,-3.0498,True,✅ hit
2,Monitor bearing temperatures at DE and NDE using RTD.,D2,Monitor bearing temperature using RTD,D2,Monitor bearing temperature using RTD,4.7834,D19,Monitor bearing temperature,3.5027,D346,Monitor bearing temp/vibration,2.4775,D340,Monitor thrust bearing temp,2.3009,D358,Measure bearing temp (RTD),1.1605,D1,Monitor vibration severity at DE & NDE,1.0934,D289,Measure bearing temp,0.5161,D124,Check winding temperature,-2.9912,D34,Monitor bearing vibration,-4.2914,D360,Check RTD resistance,-5.5431,True,✅ hit
2,Check bearing oil pressure gauge and verify alarm trip setting.,D29,Check alarm/trip setting,D8,Check bearing oil pressure gauge,4.1601,D29,Check alarm/trip setting,-0.051,D14,Check lubrication oil pressure,-0.244,D16,Check oil pump delivery pressure,-0.5546,D24,Check jacking oil pump,-0.6859,D33,Check bearing clearance,-0.9793,D347,Check oil level/flow,-2.4825,D80,Check oil level,-2.575,D110,Check oil temperature,-2.5995,D10,Check oil level in reservoir,-3.3169,True,✅ hit
1,Inspect bearing lubrication condition and grease contamination.,D7,Check lubrication & grease condition,D361,Inspect lubrication/grease,4.1083,D7,Check lubrication & grease condition,3.0652,D291,Inspect grease seals,-1.664,D20,Inspect lubrication pump,-2.2631,D210,Verify lubrication condition,-2.3565,D73,Check lubrication condition,-2.3625,D75,Inspect bearing & shaft,-3.3088,D240,Inspect bearing wear,-3.3787,D179,Inspect bearings,-3.4031,D348,Inspect bearing liner,-3.7563,True,✅ hit
1,Check foundation bolts and base plate tightness.,D6,Check foundation bolts tightness,D6,Check foundation bolts tightness,5.768,D141,Check foundation bolts,0.97,D172,Check joint tightness,-3.9007,D228,Check connection tightness,-4.1312,D167,Check tightness,-4.3015,D242,Check foundation alignment,-4.8155,D181,Inspect foundation,-7.9538,D195,Inspect coupling bolts,-8.5272,D142,Inspect base frame/grout,-9.2154,D66,Check bearings & seals,-9.7799,True,✅ hit
1,Verify motor–gearbox alignment condition.,D5,Verify motor–gearbox alignment,D5,Verify motor–gearbox alignment,6.4405,D57,Verify neutral axis alignment,-0.5308,D310,Verify holder alignment,-2.0875,D144,Verify alignment,-2.2926,D72,Check shaft alignment,-3.8879,D115,Check coupling alignment history,-4.0565,D277,Check winding condition,-4.7436,D196,Check alignment,-5.209,D85,Inspect coupling alignment,-5.7827,D242,Check foundation alignment,-5.9155,True,✅ hit
1,"Inspect coupling condition for seizure, wear, or damage.",D4,Inspect coupling condition,D4,Inspect coupling condition,2.5123,D195,Inspect coupling bolts,-0.8069,D85,Inspect coupling alignment,-0.8946,D148,Inspect wear pattern,-4.4585,D240,Inspect bearing wear,-4.6658,D176,Inspect brush wear,-6.1972,D225,Inspect winding condition,-6.2384,D308,Inspect brush condition,-7.1354,D137,Inspect spring condition,-7.6258,D264,Inspect fuses/contactors,-7.6347,True,✅ hit
1,Check rotor free movement by manual rotation.,D3,Check rotor free movement,D3,Check rotor free movement,6.3705,D281,Check rotor movement,4.2963,D84,Check rotor runout,-1.9758,D192,Check rotor circuit resistance,-2.3228,D102,Verify rotation direction,-3.0987,D193,Verify rotor earthing,-3.2338,D237,Check rotor cooling,-3.3074,D233,Inspect rotor,-5.0935,D321,Check cooling & rotor temp,-5.2065,D302,Inspect rotor poles,-5.3921,True,✅ hit
1,Monitor bearing temperatures at DE and NDE using RTD.,D2,Monitor bearing temperature using RTD,D2,Monitor bearing temperature using RTD,4.7834,D19,Monitor bearing temperature,3.5027,D346,Monitor bearing temp/vibration,2.4775,D340,Monitor thrust bearing temp,2.3009,D358,Measure bearing temp (RTD),1.1605,D1,Monitor vibration severity at DE & NDE,1.0934,D289,Measure bearing temp,0.5161,D124,Check winding temperature,-2.9912,D34,Monitor bearing vibration,-4.2914,D360,Check RTD resistance,-5.5431,True,✅ hit
5,Monitor DE and NDE bearings for physical temperature rise.,D1,Monitor vibration severity at DE & NDE,D19,Monitor bearing temperature,1.0443,D2,Monitor bearing temperature using RTD,1.0375,D1,Monitor vibration severity at DE & NDE,-0.5802,D104,Monitor temperature rise,-1.0654,D346,Monitor bearing temp/vibration,-1.1127,D340,Monitor thrust bearing temp,-1.8776,D114,Monitor temp rise under load,-2.4412,D34,Monitor bearing vibration,-4.2254,D108,Measure temperature rise,-4.7972,D289,Measure bearing temp,-5.2294,True,✅ hit
5,Check RTD wiring continuity and terminal tightness.,D26,Check RTD wiring,D26,Check RTD wiring,0.9576,D360,Check RTD resistance,-1.14,D228,Check connection tightness,-2.3944,D124,Check winding temperature,-4.3753,D172,Check joint tightness,-4.7235,D358,Measure bearing temp (RTD),-4.8264,D123,Check terminal connections,-5.0578,D167,Check tightness,-5.1504,D340,Monitor thrust bearing temp,-5.6729,D27,Inspect RTD sensor,-5.8856,True,✅ hit
5,Inspect RTD sensor for physical damage or loose fitment.,D27,Inspect RTD sensor,D27,Inspect RTD sensor,2.5252,D360,Check RTD resistance,-1.1891,D26,Check RTD wiring,-1.5404,D358,Measure bearing temp (RTD),-2.2258,D340,Monitor thrust bearing temp,-2.4818,D289,Measure bearing temp,-2.9809,D2,Monitor bearing temperature using RTD,-3.0023,D200,Inspect hub fitment,-3.2417,D346,Monitor bearing temp/vibration,-3.4118,D19,Monitor bearing temperature,-3.5232,True,✅ hit
5,Verify control system signal conditioning and transmitter output.,D28,Verify signal/transmitter,D28,Verify signal/transmitter,1.4865,D273,Verify relay settings,-5.6657,D162,Verify supply voltage,-6.1351,D335,Check control/governor system,-6.4685,D296,Check AVR/excitation system,-6.8783,D78,Verify load conditions,-7.7978,D349,Verify cooling,-7.9336,D165,Verify parameters,-8.5356,D257,Check control supply,-8.6368,D157,Verify field current,-9.1298,True,✅ hit
8,Monitor vibration and noise for rotor imbalance due to localized heating.,D74,Monitor vibration,D77,Monitor vibration under load,-4.6519,D74,Monitor vibration,-4.939,D34,Monitor bearing vibration,-5.1075,D145,Monitor vibration trend,-5.4267,D1,Monitor vibration severity at DE & NDE,-5.4549,D346,Monitor bearing temp/vibration,-5.5727,D120,Assess rotor balance,-6.3794,D237,Check rotor cooling,-6.575,D321,Check cooling & rotor temp,-6.7536,D192,Check rotor circuit resistance,-6.9497,True,✅ hit
8,Measure field current to verify excitation conditions.,D39,Measure field current,D317,Review excitation status & field current,3.6401,D157,Verify field current,2.068,D295,Measure field voltage/current,0.7262,D39,Measure field current,0.3355,D333,Monitor excitation & stator current,-0.6793,D311,Check excitation stability,-1.4645,D301,Monitor field current,-2.2552,D126,Verify field polarity,-2.8939,D245,Measure phase currents,-3.5764,D78,Verify load conditions,-4.2696,True,✅ hit
8,"Check for loose, bridged, or carbon-tracked mica insulation.",D38,Check mica insulation,D38,Check mica insulation,2.0842,D133,Check insulation resistance,-3.8038,D312,Check field insulation,-4.4252,D218,Inspect winding insulation,-5.971,D134,Inspect end-turn insulation,-6.2876,D68,Monitor insulation resistance,-7.3649,D36,Insulation resistance test,-7.4745,D99,Measure insulation resistance,-7.8427,D360,Check RTD resistance,-8.3257,D26,Check RTD wiring,-8.7516,True,✅ hit
8,Inspect commutator surface for uneven burning or discoloration.,D37,Inspect commutator,D59,Inspect commutator surface,0.5586,D152,Inspect commutator film,-1.9796,D65,Inspect commutator for oil traces,-2.1139,D37,Inspect commutator,-2.2788,D63,Check commutator condition,-5.0197,D42,Check commutator segments,-5.9566,D49,Commutator condition,-6.4943,D128,Observe commutation,-6.5925,D202,Inspect shaft surface,-7.1179,D53,Commutator runout,-7.4082,True,✅ hit
8,Perform insulation resistance testing between armature windings and ground.,D36,Insulation resistance test,D36,Insulation resistance test,0.0353,D133,Check insulation resistance,-1.0549,D99,Measure insulation resistance,-1.0887,D218,Inspect winding insulation,-1.5518,D68,Monitor insulation resistance,-1.7129,D266,Check winding resistance/IR,-2.7938,D156,Measure winding resistance,-3.1058,D184,Measure winding resistance,-3.1377,D223,Compare winding resistance,-4.1841,D35,Check armature current/voltage,-5.2827,True,✅ hit
8,Check armature current and voltage readings on MCC panel.,D35,Check armature current/voltage,D35,Check armature current/voltage,2.581,D251,Check fuses/MCC breaker,-1.9244,D162,Verify supply voltage,-5.2366,D318,Check stator voltage & frequency,-5.5675,D276,Check voltage quality,-5.6435,D270,Check current & PF,-5.8871,D157,Verify field current,-6.6525,D272,Check VFD input,-6.9706,D260,Check current imbalance,-7.0548,D109,Monitor motor current,-7.5363,True,✅ hit
7,Monitor bearing vibration during operation.,D34,Monitor bearing vibration,D34,Monitor bearing vibration,4.3418,D346,Monitor bearing temp/vibration,3.7052,D77,Monitor vibration under load,1.2016,D74,Monitor vibration,0.4206,D2,Monitor bearing temperature using RTD,-0.403,D19,Monitor bearing temperature,-0.5295,D340,Monitor thrust bearing temp,-0.7132,D145,Monitor vibration trend,-0.7605,D1,Monitor vibration severity at DE & NDE,-1.5316,D91,Perform vibration analysis,-7.2175,True,✅ hit
7,Check bearing clearance and hydrodynamic film condition.,D33,Check bearing clearance,D33,Check bearing clearance,-0.1897,D88,Check bearing condition,-0.8286,D71,Measure bearing clearance,-2.8939,D66,Check bearings & seals,-4.9943,D93,Check bearing seating,-5.0066,D8,Check bearing oil pressure gauge,-5.0847,D70,Inspect bearing for displacement,-6.1951,D240,Inspect bearing wear,-6.451,D348,Inspect bearing liner,-6.6513,D75,Inspect bearing & shaft,-6.6908,True,✅ hit
7,Inspect oil pump delivery pressure and flow trend.,D16,Check oil pump delivery pressure,D16,Check oil pump delivery pressure,3.2734,D9,Inspect oil supply pump operation,2.5123,D24,Check jacking oil pump,-1.7875,D18,Check oil flow indicators,-2.6911,D347,Check oil level/flow,-3.1384,D12,Inspect oil piping,-3.8384,D15,Inspect oil return line,-4.2809,D14,Check lubrication oil pressure,-4.6176,D65,Inspect commutator for oil traces,-4.9104,D8,Check bearing oil pressure gauge,-5.074,True,✅ hit
7,Check oil heater/cooler operation to verify temperature control.,D32,Check oil heater/cooler,D32,Check oil heater/cooler,5.3888,D110,Check oil temperature,0.7831,D21,Check oil strainer/filter,-0.9033,D349,Verify cooling,-1.205,D96,Check cooling fan operation,-1.9035,D64,Verify cooling airflow,-2.4175,D80,Check oil level,-2.5701,D227,Check cooling,-2.6997,D347,Check oil level/flow,-2.6998,D30,Check oil viscosity,-2.7694,True,✅ hit
16,Assess cooling airflow inside motor housing.,D64,Verify cooling airflow,D64,Verify cooling airflow,-0.9157,D125,Inspect cooling/ventilation,-4.988,D220,Inspect cooling,-6.2005,D132,Inspect cooling system,-6.4888,D349,Verify cooling,-6.8885,D106,Check airflow,-7.155,D227,Check cooling,-7.5099,D96,Check cooling fan operation,-7.6996,D355,Inspect cooler tubes,-7.7505,D321,Check cooling & rotor temp,-8.0743,True,✅ hit
7,Collect oil sample for viscosity and contamination testing.,D31,Check oil contamination,D111,Inspect oil viscosity,2.1821,D30,Check oil viscosity,1.7239,D31,Check oil contamination,1.0922,D113,Check contamination,0.8333,D65,Inspect commutator for oil traces,-4.2918,D76,Check lubrication oil,-5.58,D341,Check oil condition,-5.6994,D286,Inspect contamination,-5.788,D21,Check oil strainer/filter,-6.3424,D15,Inspect oil return line,-6.4953,True,✅ hit
7,Check bearing oil temperature and compared with permissible range.,D110,Check oil temperature,D8,Check bearing oil pressure gauge,-1.9545,D110,Check oil temperature,-3.9391,D19,Monitor bearing temperature,-5.2317,D289,Measure bearing temp,-5.6483,D2,Monitor bearing temperature using RTD,-5.7137,D358,Measure bearing temp (RTD),-5.818,D88,Check bearing condition,-6.0837,D31,Check oil contamination,-6.1595,D80,Check oil level,-6.4848,D33,Check bearing clearance,-6.5939,True,✅ hit
6,Inspect bearing clearance and condition of oil seals.,D33,Check bearing clearance,D81,Inspect oil ring condition,-0.9133,D291,Inspect grease seals,-1.4732,D33,Check bearing clearance,-1.6192,D11,Inspect oil filter condition,-1.6975,D8,Check bearing oil pressure gauge,-1.8135,D240,Inspect bearing wear,-2.0684,D348,Inspect bearing liner,-2.3653,D66,Check bearings & seals,-2.5007,D71,Measure bearing clearance,-2.7403,D75,Inspect bearing & shaft,-2.8022,True,✅ hit
6,Check oil viscosity grade and contamination level.,D31,Check oil contamination,D31,Check oil contamination,1.425,D30,Check oil viscosity,1.1117,D113,Check contamination,1.0991,D111,Inspect oil viscosity,-0.3146,D80,Check oil level,-2.5898,D10,Check oil level in reservoir,-2.8076,D347,Check oil level/flow,-2.9782,D215,Check moisture/oil ingress,-5.4926,D21,Check oil strainer/filter,-5.5983,D341,Check oil condition,-5.8868,True,✅ hit
6,Verify relief valve calibration and bypass return.,D13,Check pressure relief valve,D13,Check pressure relief valve,-1.9213,D353,Check control valve,-9.3147,D310,Verify holder alignment,-9.4679,D165,Verify parameters,-9.6686,D162,Verify supply voltage,-9.6934,D144,Verify alignment,-10.2515,D28,Verify signal/transmitter,-10.3331,D157,Verify field current,-10.3332,D198,Verify bolt specification,-10.3378,D344,Verify thrust load,-10.3422,True,✅ hit
6,Check flow control valves and orifices for incorrect setting or wear.,D353,Check control valve,D353,Check control valve,-2.789,D351,Check water flow/pressure,-4.64,D18,Check oil flow indicators,-4.9274,D106,Check airflow,-5.156,D13,Check pressure relief valve,-5.9261,D347,Check oil level/flow,-6.1817,D9,Inspect oil supply pump operation,-6.9648,D29,Check alarm/trip setting,-7.0419,D257,Check control supply,-7.0711,D335,Check control/governor system,-7.104,True,✅ hit
6,Inspect oil pump delivery pressure and checked bypass operation.,D16,Check oil pump delivery pressure,D16,Check oil pump delivery pressure,5.3211,D9,Inspect oil supply pump operation,2.7636,D24,Check jacking oil pump,1.48,D14,Check lubrication oil pressure,-0.9002,D112,Inspect oil ring operation,-1.1326,D8,Check bearing oil pressure gauge,-1.1761,D15,Inspect oil return line,-2.3089,D12,Inspect oil piping,-2.7457,D65,Inspect commutator for oil traces,-3.2877,D21,Check oil strainer/filter,-3.319,True,✅ hit
6,Monitor bearing temperature trend using RTD and infrared thermometer.,D2,Monitor bearing temperature using RTD,D19,Monitor bearing temperature,5.8255,D2,Monitor bearing temperature using RTD,5.6156,D346,Monitor bearing temp/vibration,3.3869,D340,Monitor thrust bearing temp,2.8523,D358,Measure bearing temp (RTD),1.7509,D289,Measure bearing temp,1.5696,D124,Check winding temperature,0.2322,D314,Monitor temp trend,-0.5566,D34,Monitor bearing vibration,-2.9623,D104,Monitor temperature rise,-3.5808,True,✅ hit
6,Check oil flow sight glass and flow indicators for DE and NDE bearings.,D347,Check oil level/flow,D18,Check oil flow indicators,4.1411,D9,Inspect oil supply pump operation,-2.2571,D8,Check bearing oil pressure gauge,-2.4744,D347,Check oil level/flow,-2.5471,D21,Check oil strainer/filter,-6.0791,D66,Check bearings & seals,-6.1282,D65,Inspect commutator for oil traces,-6.2343,D88,Check bearing condition,-6.343,D23,Check oil reservoir condition,-6.425,D80,Check oil level,-6.7109,True,✅ hit
5,Cross-checked temperature readings using handheld digital thermometer.,D19,Monitor bearing temperature,D359,Cross-check temp (laser),3.5541,D124,Check winding temperature,-2.2419,D19,Monitor bearing temperature,-3.8774,D158,Measure temperature,-3.8833,D2,Monitor bearing temperature using RTD,-3.9732,D285,Check temperature correction,-4.3851,D97,Measure air temperature,-4.4048,D104,Monitor temperature rise,-4.721,D108,Measure temperature rise,-4.8369,D110,Check oil temperature,-4.9449,True,✅ hit
5,Check alarms and trip setting on the temperature protection relay.,D29,Check alarm/trip setting,D29,Check alarm/trip setting,4.253,D263,Check protection relay,-2.4511,D279,Check relay settings,-2.9425,D274,Check relay/VFD settings,-3.3874,D254,Check UV relay/VFD settings,-3.4294,D273,Verify relay settings,-3.8461,D130,Review temperature trend,-4.3979,D249,Check relay logs,-5.8441,D124,Check winding temperature,-5.9013,D216,Check relay records,-5.9147,True,✅ hit
7,Inspect oil viscosity grade and compared with OEM specifications.,D111,Inspect oil viscosity,D111,Inspect oil viscosity,1.5358,D30,Check oil viscosity,-0.6377,D136,Compare with OEM spec,-2.9712,D11,Inspect oil filter condition,-4.9245,D15,Inspect oil return line,-4.9624,D146,Check brush grade,-5.05,D81,Inspect oil ring condition,-5.2016,D12,Inspect oil piping,-5.29,D22,Inspect oil lines/orifices,-5.3474,D112,Inspect oil ring operation,-5.3925,True,✅ hit
34,Verify soft foot condition using feeler gauge.,D143,Check soft foot,D143,Check soft foot,5.7955,D239,Check air gap uniformity,-0.4459,D336,Inspect air gap,-2.3084,D67,Verify brush contact pressure,-5.2097,D210,Verify lubrication condition,-7.5496,D172,Check joint tightness,-7.7249,D165,Verify parameters,-8.1243,D167,Check tightness,-8.1531,D154,Check spring pressure,-8.3168,D88,Check bearing condition,-8.5062,True,✅ hit
16,Check commutator runout to detect eccentricity.,D53,Commutator runout,D53,Commutator runout,-1.4876,D63,Check commutator condition,-2.9241,D42,Check commutator segments,-3.1872,D84,Check rotor runout,-4.7495,D37,Inspect commutator,-5.2665,D59,Inspect commutator surface,-5.3478,D152,Inspect commutator film,-5.5824,D65,Inspect commutator for oil traces,-5.6891,D49,Commutator condition,-6.7421,D92,Measure shaft runout,-7.3257,True,✅ hit
17,Check brush seating and spring tension.,D56,Check brush seating & spring tension,D56,Check brush seating & spring tension,8.14,D67,Verify brush contact pressure,-2.6384,D138,Check brush movement,-2.6649,D190,Measure spring tension,-2.7518,D154,Check spring pressure,-3.2171,D60,Check brush holder material,-3.4757,D93,Check bearing seating,-4.5854,D135,Measure spring pressure,-4.6594,D146,Check brush grade,-4.9306,D55,Inspect brush holders alignment,-6.3269,True,✅ hit
29,Review operational logs for sudden load or jam incidents.,D119,Review operational logs,D119,Review operational logs,-0.5021,D265,Review event logs,-3.9904,D271,Review grid/load events,-4.972,D350,Review load/speed,-5.9974,D322,Review load changes,-6.0384,D153,Review load pattern,-6.0854,D332,Review load trend,-6.1579,D159,Review load cycle,-6.5131,D226,Review temp/load history,-6.6692,D219,Review voltage/load history,-6.8867,True,✅ hit
29,Check for signs of impact load or overload on shaft.,D118,Check shaft for overload signs,D118,Check shaft for overload signs,6.699,D199,Check overload history,-1.1925,D72,Check shaft alignment,-2.6962,D82,Check shaft surface,-3.0306,D344,Verify thrust load,-3.8694,D202,Inspect shaft surface,-4.5284,D206,Inspect shaft journal,-4.6609,D94,Inspect for mechanical impact,-4.9504,D275,Inspect mechanical load,-5.1723,D177,Inspect shaft fracture,-5.2524,True,✅ hit
29,Conduct vibration spectrum analysis for 1X running frequency peaks.,D117,Vibration spectrum (1X peak),D117,Vibration spectrum (1X peak),4.1008,D83,Conduct vibration analysis,-2.851,D91,Perform vibration analysis,-7.1169,D145,Monitor vibration trend,-7.6604,D259,Record harmonic spectrum,-8.6082,D178,Review vibration history,-8.6765,D140,Measure vibration levels,-8.9265,D290,Check vibration,-9.3132,D238,Measure vibration (radial/axial),-9.4167,D74,Monitor vibration,-9.5857,True,✅ hit
29,Inspect bearing seating and housings for damage.,D116,Inspect bearing seating & housing,D116,Inspect bearing seating & housing,5.4419,D93,Check bearing seating,0.6477,D70,Inspect bearing for displacement,-0.7081,D240,Inspect bearing wear,-0.898,D348,Inspect bearing liner,-1.1164,D75,Inspect bearing & shaft,-1.1969,D179,Inspect bearings,-1.2261,D88,Check bearing condition,-4.6287,D33,Check bearing clearance,-4.7341,D66,Check bearings & seals,-5.3117,True,✅ hit
29,Check coupling alignment and misalignment history.,D115,Check coupling alignment history,D115,Check coupling alignment history,5.7772,D85,Inspect coupling alignment,-0.3755,D205,Review alignment history,-2.4792,D196,Check alignment,-4.5645,D72,Check shaft alignment,-4.7883,D242,Check foundation alignment,-4.9649,D310,Verify holder alignment,-5.6085,D90,Check alignment of shields,-5.7775,D57,Verify neutral axis alignment,-5.8367,D4,Inspect coupling condition,-5.8746,True,✅ hit
29,Measure shaft runout using dial indicator at several points.,D92,Measure shaft runout,D92,Measure shaft runout,4.4545,D72,Check shaft alignment,0.0289,D84,Check rotor runout,-0.0944,D53,Commutator runout,-1.0979,D207,Measure shaft diameter,-2.8196,D82,Check shaft surface,-4.8004,D118,Check shaft for overload signs,-5.0078,D202,Inspect shaft surface,-5.0585,D206,Inspect shaft journal,-5.2563,D75,Inspect bearing & shaft,-5.7361,True,✅ hit
28,Measure bearing temperature rise during load test.,D289,Measure bearing temp,D114,Monitor temp rise under load,1.3139,D358,Measure bearing temp (RTD),0.9109,D289,Measure bearing temp,0.8347,D19,Monitor bearing temperature,0.5114,D2,Monitor bearing temperature using RTD,0.097,D108,Measure temperature rise,0.0719,D346,Monitor bearing temp/vibration,-2.1575,D104,Monitor temperature rise,-2.2112,D340,Monitor thrust bearing temp,-2.5645,D71,Measure bearing clearance,-3.2794,True,✅ hit
28,Check for contamination or dilution in oil.,D31,Check oil contamination,D31,Check oil contamination,5.2899,D113,Check contamination,4.9686,D65,Inspect commutator for oil traces,-2.4163,D215,Check moisture/oil ingress,-3.0571,D341,Check oil condition,-3.1075,D23,Check oil reservoir condition,-3.1431,D21,Check oil strainer/filter,-3.3144,D76,Check lubrication oil,-3.3593,D30,Check oil viscosity,-3.8113,D10,Check oil level in reservoir,-3.8382,True,✅ hit
28,Assess ambient temperature and cooling conditions.,D97,Measure air temperature,D220,Inspect cooling,-3.4374,D132,Inspect cooling system,-3.9723,D125,Inspect cooling/ventilation,-4.0002,D349,Verify cooling,-4.4247,D321,Check cooling & rotor temp,-4.9651,D227,Check cooling,-4.9729,D64,Verify cooling airflow,-5.0233,D32,Check oil heater/cooler,-5.186,D97,Measure air temperature,-5.762,D355,Inspect cooler tubes,-6.4737,True,✅ hit
28,Inspect oil ring for proper rotation and oil feed.,D79,Inspect oil ring rotation,D79,Inspect oil ring rotation,5.7688,D112,Inspect oil ring operation,2.0664,D81,Inspect oil ring condition,1.7943,D12,Inspect oil piping,-2.7388,D65,Inspect commutator for oil traces,-2.7977,D9,Inspect oil supply pump operation,-3.4154,D15,Inspect oil return line,-3.5032,D22,Inspect oil lines/orifices,-3.6027,D111,Inspect oil viscosity,-3.9033,D11,Inspect oil filter condition,-4.5194,True,✅ hit
28,Verify bearing clearance and shaft runout.,D33,Check bearing clearance,D33,Check bearing clearance,2.5987,D75,Inspect bearing & shaft,-0.5707,D71,Measure bearing clearance,-0.8534,D92,Measure shaft runout,-1.1848,D93,Check bearing seating,-3.2818,D66,Check bearings & seals,-3.4434,D88,Check bearing condition,-3.4645,D72,Check shaft alignment,-3.5423,D84,Check rotor runout,-3.8328,D82,Check shaft surface,-4.1788,True,✅ hit
28,Sample and inspect oil for viscosity loss and degradation.,D111,Inspect oil viscosity,D111,Inspect oil viscosity,4.4361,D30,Check oil viscosity,3.0073,D15,Inspect oil return line,-2.6066,D65,Inspect commutator for oil traces,-2.6601,D11,Inspect oil filter condition,-2.9394,D31,Check oil contamination,-3.4595,D113,Check contamination,-3.4872,D22,Inspect oil lines/orifices,-3.5341,D81,Inspect oil ring condition,-3.6496,D12,Inspect oil piping,-4.16,True,✅ hit
28,Check operating temperature and compared to oil viscosity chart.,D110,Check oil temperature,D30,Check oil viscosity,-1.5,D111,Inspect oil viscosity,-2.9654,D110,Check oil temperature,-3.823,D32,Check oil heater/cooler,-7.0618,D215,Check moisture/oil ingress,-7.5548,D347,Check oil level/flow,-7.6867,D80,Check oil level,-7.6942,D18,Check oil flow indicators,-8.357,D341,Check oil condition,-8.3999,D10,Check oil level in reservoir,-8.5296,True,✅ hit
27,Monitor motor current during thermal rise test.,D109,Monitor motor current,D109,Monitor motor current,0.7733,D104,Monitor temperature rise,-1.1172,D114,Monitor temp rise under load,-2.8905,D131,Measure motor current,-3.2119,D62,Monitor load current & temp,-4.1864,D301,Monitor field current,-5.2998,D108,Measure temperature rise,-5.3891,D333,Monitor excitation & stator current,-6.0752,D2,Monitor bearing temperature using RTD,-7.3439,D19,Monitor bearing temperature,-7.4345,True,✅ hit
27,Measure bearing temperature and stator winding temperature rise.,D289,Measure bearing temp,D289,Measure bearing temp,-0.9574,D358,Measure bearing temp (RTD),-0.9593,D19,Monitor bearing temperature,-1.0188,D108,Measure temperature rise,-1.4274,D2,Monitor bearing temperature using RTD,-1.7739,D124,Check winding temperature,-1.9355,D346,Monitor bearing temp/vibration,-4.2633,D104,Monitor temperature rise,-4.5052,D340,Monitor thrust bearing temp,-5.4362,D71,Measure bearing clearance,-5.7508,True,✅ hit
27,Check airflow using anemometer across inlet and outlet.,D106,Check airflow,D106,Check airflow,3.7278,D64,Verify cooling airflow,-2.1106,D95,Inspect air passages,-3.6496,D351,Check water flow/pressure,-4.7482,D239,Check air gap uniformity,-5.106,D354,Check air lock,-5.5392,D347,Check oil level/flow,-5.546,D336,Inspect air gap,-5.9101,D17,Check for air lock in lines,-6.2279,D97,Measure air temperature,-6.9273,True,✅ hit
27,Verify fan mounting and coupling tightness.,D107,Verify fan mounting,D107,Verify fan mounting,2.5082,D228,Check connection tightness,-0.9917,D172,Check joint tightness,-2.9087,D87,Check fan & attachments,-3.4052,D6,Check foundation bolts tightness,-4.3391,D167,Check tightness,-4.4737,D101,Check fan supply,-5.0608,D96,Check cooling fan operation,-5.5335,D115,Check coupling alignment history,-6.019,D100,Inspect fan condition,-6.6702,True,✅ hit
27,Test power supply to fan (if separately driven).,D101,Check fan supply,D101,Check fan supply,-2.0411,D96,Check cooling fan operation,-5.5983,D107,Verify fan mounting,-6.664,D103,Inspect fan blades,-6.8111,D100,Inspect fan condition,-7.2307,D87,Check fan & attachments,-7.6341,D280,Inspect driven equipment,-8.5144,D162,Verify supply voltage,-8.76,D257,Check control supply,-9.3763,D349,Verify cooling,-9.6967,True,✅ hit
27,Check for dirt accumulation and blockage in ventilation ducts.,D105,Inspect ventilation ducts,D105,Inspect ventilation ducts,-3.0923,D125,Inspect cooling/ventilation,-6.9465,D98,Check enclosure cleanliness,-8.1529,D64,Verify cooling airflow,-8.2043,D133,Check insulation resistance,-8.5527,D17,Check for air lock in lines,-8.6037,D230,Check enclosure sealing,-8.7484,D106,Check airflow,-8.8014,D227,Check cooling,-8.828,D96,Check cooling fan operation,-8.8305,True,✅ hit
27,Inspect cooling fan for physical damage and free rotation.,D100,Inspect fan condition,D96,Check cooling fan operation,-0.9249,D100,Inspect fan condition,-1.3965,D125,Inspect cooling/ventilation,-2.2435,D103,Inspect fan blades,-2.3093,D132,Inspect cooling system,-2.5841,D220,Inspect cooling,-2.6399,D355,Inspect cooler tubes,-3.5653,D237,Check rotor cooling,-5.0703,D101,Check fan supply,-5.4662,D79,Inspect oil ring rotation,-5.5534,True,✅ hit
26,Check bearings and shaft for possible fan seizure.,D75,Inspect bearing & shaft,D75,Inspect bearing & shaft,-2.5228,D107,Verify fan mounting,-2.5733,D87,Check fan & attachments,-2.7677,D118,Check shaft for overload signs,-3.1459,D101,Check fan supply,-3.4481,D103,Inspect fan blades,-4.1902,D100,Inspect fan condition,-4.4398,D82,Check shaft surface,-4.5824,D72,Check shaft alignment,-4.7389,D96,Check cooling fan operation,-4.7925,True,✅ hit
29,Assess rotor balance condition.,D120,Assess rotor balance,D120,Assess rotor balance,5.5889,D233,Inspect rotor,-2.4933,D86,Inspect rotor surface,-2.7907,D337,Inspect rotor/stator surface,-3.4956,D320,Inspect rotor field circuit,-3.5909,D235,Inspect rotor during overhaul,-3.7263,D192,Check rotor circuit resistance,-3.8085,D302,Inspect rotor poles,-3.8991,D3,Check rotor free movement,-4.0394,D281,Check rotor movement,-4.0543,True,✅ hit
26,Measure temperature rise at brush gear and commutator.,D104,Monitor temperature rise,D149,Measure brush temp,-0.13,D108,Measure temperature rise,-0.5651,D104,Monitor temperature rise,-2.9585,D114,Monitor temp rise under load,-4.3037,D306,Inspect brush gear,-4.3512,D51,Brush pressure,-5.5651,D67,Verify brush contact pressure,-5.6734,D124,Check winding temperature,-6.4019,D37,Inspect commutator,-6.5631,D59,Inspect commutator surface,-6.5774,True,✅ hit
30,Measure insulation resistance (IR) of interpole winding using megger.,D266,Check winding resistance/IR,D121,Measure IR of interpole winding,5.1231,D266,Check winding resistance/IR,3.9518,D99,Measure insulation resistance,3.8954,D36,Insulation resistance test,3.1411,D133,Check insulation resistance,2.9314,D68,Monitor insulation resistance,2.5932,D47,Field winding IR,1.0594,D283,Measure IR (5 kV),0.6868,D324,Measure IR to ground,0.1249,D300,Measure IR & PI,-0.3049,True,✅ hit
30,Check interpole terminal connections and insulation sleeves.,D123,Check terminal connections,D123,Check terminal connections,-2.0809,D129,Check interpole polarity,-2.9713,D122,Inspect interpole coils,-4.6588,D133,Check insulation resistance,-4.7883,D312,Check field insulation,-5.2615,D121,Measure IR of interpole winding,-5.3348,D38,Check mica insulation,-5.4843,D228,Check connection tightness,-7.2311,D218,Inspect winding insulation,-7.4039,D299,Check connections,-8.0629,True,✅ hit
66,Check field circuit connections and terminals.,D299,Check connections,D123,Check terminal connections,1.7854,D320,Inspect rotor field circuit,-3.578,D312,Check field insulation,-3.7305,D299,Check connections,-3.947,D157,Verify field current,-5.0058,D26,Check RTD wiring,-5.3037,D228,Check connection tightness,-5.4596,D326,Inspect terminal box & windings,-5.6496,D192,Check rotor circuit resistance,-5.9399,D315,Inspect field coils,-6.1145,True,✅ hit
34,"Measure vibration levels in horizontal, vertical, and axial directions.",D140,Measure vibration levels,D238,Measure vibration (radial/axial),3.3613,D140,Measure vibration levels,1.3009,D343,Measure axial movement,-1.8757,D74,Monitor vibration,-2.9901,D91,Perform vibration analysis,-3.1879,D117,Vibration spectrum (1X peak),-3.4354,D164,Check vibration effect,-3.7038,D145,Monitor vibration trend,-3.7668,D1,Monitor vibration severity at DE & NDE,-3.7867,D290,Check vibration,-3.8783,True,✅ hit
33,Inspect commutator surface for pitting or burn marks.,D59,Inspect commutator surface,D59,Inspect commutator surface,1.2164,D65,Inspect commutator for oil traces,-1.0042,D152,Inspect commutator film,-1.3764,D37,Inspect commutator,-1.763,D63,Check commutator condition,-4.8981,D338,Check pitting depth,-4.909,D42,Check commutator segments,-5.4157,D202,Inspect shaft surface,-6.0997,D128,Observe commutation,-6.4054,D49,Commutator condition,-6.5058,True,✅ hit
33,Observe sparking pattern during no-load and load operation.,D58,Monitor sparking pattern,D139,Observe sparking,0.9864,D58,Monitor sparking pattern,0.2391,D153,Review load pattern,-3.7238,D275,Inspect mechanical load,-6.7139,D77,Monitor vibration under load,-6.7378,D261,Check non-linear loads,-6.7737,D62,Monitor load current & temp,-7.3051,D128,Observe commutation,-7.4927,D271,Review grid/load events,-7.5258,D78,Verify load conditions,-7.74,True,✅ hit
33,Check brush seating and freedom of movement in holders.,D56,Check brush seating & spring tension,D56,Check brush seating & spring tension,1.326,D60,Check brush holder material,0.5784,D138,Check brush movement,0.1968,D55,Inspect brush holders alignment,-0.6698,D52,Brush holder alignment,-2.3097,D3,Check rotor free movement,-4.3569,D310,Verify holder alignment,-5.3464,D93,Check bearing seating,-5.4994,D146,Check brush grade,-6.069,D67,Verify brush contact pressure,-6.3553,True,✅ hit
33,"Inspect springs for fatigue, corrosion, or loss of elasticity.",D137,Inspect spring condition,D137,Inspect spring condition,-2.4979,D190,Measure spring tension,-6.4758,D154,Check spring pressure,-6.697,D56,Check brush seating & spring tension,-6.7565,D70,Inspect bearing for displacement,-7.2597,D94,Inspect for mechanical impact,-7.3297,D225,Inspect winding condition,-7.352,D134,Inspect end-turn insulation,-7.4224,D135,Measure spring pressure,-7.5696,D155,Inspect coils,-7.6915,True,✅ hit
33,Compare measured spring force with manufacturer specifications.,D136,Compare with OEM spec,D190,Measure spring tension,-4.6935,D135,Measure spring pressure,-5.0857,D154,Check spring pressure,-7.2972,D56,Check brush seating & spring tension,-8.149,D136,Compare with OEM spec,-8.818,D223,Compare winding resistance,-8.8706,D137,Inspect spring condition,-9.1646,D357,Compare flow with design,-9.4851,D25,Compare panel temp with laser,-10.2157,D131,Measure motor current,-10.8062,True,✅ hit
33,Measure brush spring pressure using spring tension gauge.,D135,Measure spring pressure,D56,Check brush seating & spring tension,4.8333,D135,Measure spring pressure,4.4086,D190,Measure spring tension,2.4143,D154,Check spring pressure,2.1788,D51,Brush pressure,1.7758,D67,Verify brush contact pressure,0.8876,D149,Measure brush temp,-2.8088,D137,Inspect spring condition,-4.722,D306,Inspect brush gear,-5.0595,D138,Check brush movement,-5.172,True,✅ hit
32,Inspect winding end-turns for discoloration or insulation damage.,D134,Inspect end-turn insulation,D134,Inspect end-turn insulation,3.6217,D218,Inspect winding insulation,2.1614,D213,Inspect end windings,-0.4704,D225,Inspect winding condition,-2.5557,D188,Inspect internal winding,-3.684,D266,Check winding resistance/IR,-4.7663,D133,Check insulation resistance,-4.8557,D68,Monitor insulation resistance,-5.193,D326,Inspect terminal box & windings,-5.2437,D277,Check winding condition,-5.2918,True,✅ hit
32,Check insulation resistance to assess thermal degradation.,D36,Insulation resistance test,D133,Check insulation resistance,2.5282,D99,Measure insulation resistance,0.9552,D68,Monitor insulation resistance,0.2915,D36,Insulation resistance test,0.2804,D312,Check field insulation,-2.5375,D38,Check mica insulation,-2.7086,D360,Check RTD resistance,-3.5895,D134,Inspect end-turn insulation,-4.123,D218,Inspect winding insulation,-4.8491,D147,Check resistivity/hardness,-5.0904,True,✅ hit
32,Inspect cooling and ventilation system effectiveness.,D125,Inspect cooling/ventilation,D125,Inspect cooling/ventilation,3.1338,D132,Inspect cooling system,2.138,D220,Inspect cooling,0.571,D105,Inspect ventilation ducts,-0.6074,D355,Inspect cooler tubes,-1.4248,D64,Verify cooling airflow,-2.8431,D349,Verify cooling,-3.8301,D227,Check cooling,-4.4656,D96,Check cooling fan operation,-4.8586,D321,Check cooling & rotor temp,-6.0867,True,✅ hit
32,Measure motor current and compared with rated values.,D131,Measure motor current,D131,Measure motor current,2.0644,D109,Monitor motor current,-0.1721,D262,Measure voltage/current,-3.9234,D168,Measure current,-4.6593,D295,Measure field voltage/current,-4.9045,D39,Measure field current,-5.2908,D245,Measure phase currents,-5.4791,D151,Measure current density,-5.5276,D241,Measure current balance,-5.548,D278,Measure starting current,-6.0333,True,✅ hit
32,Review temperature trend history from protection relay.,D130,Review temperature trend,D130,Review temperature trend,1.9787,D263,Check protection relay,-6.4837,D173,Review relay records,-7.5723,D328,Review differential relay records,-7.8792,D226,Review temp/load history,-7.9715,D303,Review thermal history,-7.978,D332,Review load trend,-8.7971,D316,Review alarm history,-9.5194,D314,Monitor temp trend,-9.6208,D219,Review voltage/load history,-10.0537,True,✅ hit
32,Check winding temperature using RTD / embedded temperature sensors.,D124,Check winding temperature,D124,Check winding temperature,6.0177,D2,Monitor bearing temperature using RTD,1.972,D19,Monitor bearing temperature,0.1252,D358,Measure bearing temp (RTD),-0.7061,D26,Check RTD wiring,-1.4404,D360,Check RTD resistance,-1.4425,D289,Measure bearing temp,-1.5179,D346,Monitor bearing temp/vibration,-1.5737,D27,Inspect RTD sensor,-1.912,D266,Check winding resistance/IR,-1.9262,True,✅ hit
31,Inspect interpole polarity alignment with main field.,D129,Check interpole polarity,D129,Check interpole polarity,1.7664,D122,Inspect interpole coils,-0.77,D126,Verify field polarity,-2.5953,D121,Measure IR of interpole winding,-3.9578,D85,Inspect coupling alignment,-4.4124,D57,Verify neutral axis alignment,-4.9815,D191,Inspect holder alignment,-5.4153,D315,Inspect field coils,-6.3605,D186,Check CT polarity & wiring,-6.8018,D55,Inspect brush holders alignment,-6.8273,True,✅ hit
31,Observe commutation behaviour during no-load and load run.,D128,Observe commutation,D128,Observe commutation,0.4673,D53,Commutator runout,-5.6759,D37,Inspect commutator,-6.0828,D59,Inspect commutator surface,-6.1565,D261,Check non-linear loads,-6.5707,D152,Inspect commutator film,-6.6958,D49,Commutator condition,-6.7136,D275,Inspect mechanical load,-7.3086,D62,Monitor load current & temp,-7.3419,D42,Check commutator segments,-7.4313,True,✅ hit
31,Measure field current and compared with design values.,D39,Measure field current,D39,Measure field current,0.4324,D295,Measure field voltage/current,0.1011,D157,Verify field current,-2.2457,D301,Monitor field current,-3.2111,D357,Compare flow with design,-4.035,D168,Measure current,-5.0136,D317,Review excitation status & field current,-5.0474,D151,Measure current density,-5.1938,D262,Measure voltage/current,-5.236,D131,Measure motor current,-5.4913,True,✅ hit
31,Check field winding terminal markings against motor drawings.,D127,Check terminal markings,D127,Check terminal markings,0.2139,D47,Field winding IR,-4.2382,D326,Inspect terminal box & windings,-4.4057,D266,Check winding resistance/IR,-4.7762,D277,Check winding condition,-5.4808,D5,Verify motor–gearbox alignment,-6.2261,D315,Inspect field coils,-6.4697,D124,Check winding temperature,-7.0184,D320,Inspect rotor field circuit,-7.1336,D225,Inspect winding condition,-7.9772,True,✅ hit
31,Verify field pole polarity using compass / polarity tester.,D126,Verify field polarity,D126,Verify field polarity,5.3714,D129,Check interpole polarity,1.8988,D329,Check CT polarity/ratio,-2.1734,D157,Verify field current,-2.3882,D186,Check CT polarity & wiring,-2.9931,D57,Verify neutral axis alignment,-5.1205,D174,Verify earthing,-5.1798,D102,Verify rotation direction,-5.3037,D193,Verify rotor earthing,-5.9316,D312,Check field insulation,-6.1424,True,✅ hit
30,Inspect cooling and ventilation effectiveness around interpole area.,D125,Inspect cooling/ventilation,D125,Inspect cooling/ventilation,-1.3391,D122,Inspect interpole coils,-1.3467,D220,Inspect cooling,-3.8418,D132,Inspect cooling system,-3.8444,D121,Measure IR of interpole winding,-4.6188,D355,Inspect cooler tubes,-4.7564,D105,Inspect ventilation ducts,-4.8913,D129,Check interpole polarity,-5.4543,D64,Verify cooling airflow,-6.8113,D349,Verify cooling,-7.5634,True,✅ hit
30,Measure winding temperature and review recent overheating history.,D124,Check winding temperature,D124,Check winding temperature,-1.6887,D226,Review temp/load history,-6.0021,D303,Review thermal history,-6.1083,D225,Inspect winding condition,-6.5757,D156,Measure winding resistance,-6.7156,D277,Check winding condition,-7.2045,D184,Measure winding resistance,-7.2068,D130,Review temperature trend,-7.7581,D219,Review voltage/load history,-8.0105,D218,Inspect winding insulation,-8.2208,True,✅ hit
30,"Visually inspect interpole coils for moisture, dust, or oil contamination.",D122,Inspect interpole coils,D122,Inspect interpole coils,3.812,D155,Inspect coils,0.1713,D315,Inspect field coils,-0.0689,D43,Inspect coil connections,-0.3467,D286,Inspect contamination,-1.9139,D22,Inspect oil lines/orifices,-2.0869,D121,Measure IR of interpole winding,-2.2858,D79,Inspect oil ring rotation,-2.3966,D112,Inspect oil ring operation,-2.4378,D65,Inspect commutator for oil traces,-2.5591,True,✅ hit
26,Inspect fan blades for wear or dust accumulation.,D103,Inspect fan blades,D103,Inspect fan blades,2.921,D100,Inspect fan condition,-0.1002,D107,Verify fan mounting,-4.7149,D101,Check fan supply,-4.9164,D96,Check cooling fan operation,-5.3736,D87,Check fan & attachments,-5.4072,D240,Inspect bearing wear,-5.5203,D148,Inspect wear pattern,-5.7934,D176,Inspect brush wear,-5.9559,D125,Inspect cooling/ventilation,-7.7262,True,✅ hit
26,Verify direction of fan rotation.,D102,Verify rotation direction,D102,Verify rotation direction,1.9506,D107,Verify fan mounting,-0.5398,D87,Check fan & attachments,-4.271,D101,Check fan supply,-4.2789,D96,Check cooling fan operation,-5.4482,D100,Inspect fan condition,-6.4104,D103,Inspect fan blades,-6.4217,D57,Verify neutral axis alignment,-7.4107,D349,Verify cooling,-8.1888,D193,Verify rotor earthing,-8.501,True,✅ hit
26,Test fan motor supply and continuity.,D101,Check fan supply,D101,Check fan supply,-0.7546,D96,Check cooling fan operation,-5.5191,D103,Inspect fan blades,-6.2763,D100,Inspect fan condition,-6.4421,D107,Verify fan mounting,-6.5999,D87,Check fan & attachments,-6.7546,D305,Check continuity,-7.1574,D40,Bar-to-bar continuity,-7.5595,D48,Field continuity,-7.5998,D247,Review supply stability,-8.3209,True,✅ hit
21,Check lubrication oil for contaminants.,D76,Check lubrication oil,D76,Check lubrication oil,3.1029,D14,Check lubrication oil pressure,2.1942,D73,Check lubrication condition,2.1509,D210,Verify lubrication condition,1.7907,D31,Check oil contamination,0.0454,D113,Check contamination,-0.9436,D282,Check lubrication,-1.5847,D7,Check lubrication & grease condition,-1.7909,D361,Inspect lubrication/grease,-3.0563,D20,Inspect lubrication pump,-4.4733,True,✅ hit
21,Measure bearing clearances.,D33,Check bearing clearance,D71,Measure bearing clearance,6.8913,D33,Check bearing clearance,4.979,D358,Measure bearing temp (RTD),1.9077,D289,Measure bearing temp,1.8037,D240,Inspect bearing wear,-1.9011,D8,Check bearing oil pressure gauge,-2.0821,D70,Inspect bearing for displacement,-2.1659,D348,Inspect bearing liner,-2.347,D93,Check bearing seating,-2.4694,D75,Inspect bearing & shaft,-2.4946,True,✅ hit
21,Visual inspection of bearing and shaft.,D75,Inspect bearing & shaft,D75,Inspect bearing & shaft,6.8502,D70,Inspect bearing for displacement,5.3571,D179,Inspect bearings,4.9991,D240,Inspect bearing wear,4.6534,D206,Inspect shaft journal,4.4746,D202,Inspect shaft surface,4.4456,D348,Inspect bearing liner,4.4241,D177,Inspect shaft fracture,4.048,D116,Inspect bearing seating & housing,3.6908,D88,Check bearing condition,2.5571,True,✅ hit
20,Monitor vibration during operation.,D74,Monitor vibration,D77,Monitor vibration under load,3.671,D74,Monitor vibration,2.9298,D145,Monitor vibration trend,1.9918,D34,Monitor bearing vibration,1.9297,D1,Monitor vibration severity at DE & NDE,1.1147,D346,Monitor bearing temp/vibration,0.7189,D91,Perform vibration analysis,-3.9745,D140,Measure vibration levels,-4.3461,D83,Conduct vibration analysis,-4.5728,D238,Measure vibration (radial/axial),-4.6384,True,✅ hit
20,Examine lubrication for metal particles.,D73,Check lubrication condition,D361,Inspect lubrication/grease,-0.9281,D20,Inspect lubrication pump,-1.3453,D282,Check lubrication,-2.6131,D345,Review lubrication system,-3.4577,D69,Assess lubrication practices,-4.0907,D73,Check lubrication condition,-4.1703,D292,Review lubrication history,-4.3313,D76,Check lubrication oil,-4.5138,D210,Verify lubrication condition,-4.5255,D7,Check lubrication & grease condition,-4.7214,True,✅ hit
20,Check shaft alignment and coupling.,D72,Check shaft alignment,D72,Check shaft alignment,5.3831,D115,Check coupling alignment history,5.0208,D85,Inspect coupling alignment,2.936,D82,Check shaft surface,0.529,D5,Verify motor–gearbox alignment,0.3066,D118,Check shaft for overload signs,-0.5331,D196,Check alignment,-0.9439,D242,Check foundation alignment,-1.8201,D57,Verify neutral axis alignment,-1.83,D144,Verify alignment,-1.9329,True,✅ hit
20,Measure bearing clearance.,D71,Measure bearing clearance,D71,Measure bearing clearance,7.2867,D33,Check bearing clearance,5.2556,D358,Measure bearing temp (RTD),2.7604,D289,Measure bearing temp,2.5364,D240,Inspect bearing wear,-1.4487,D70,Inspect bearing for displacement,-1.6663,D8,Check bearing oil pressure gauge,-1.9604,D75,Inspect bearing & shaft,-1.9907,D348,Inspect bearing liner,-2.0632,D116,Inspect bearing seating & housing,-2.1195,True,✅ hit
20,Visually inspect bearing for metal displacement.,D70,Inspect bearing for displacement,D70,Inspect bearing for displacement,6.2609,D75,Inspect bearing & shaft,3.4326,D179,Inspect bearings,2.8483,D240,Inspect bearing wear,2.0221,D348,Inspect bearing liner,1.9833,D116,Inspect bearing seating & housing,0.3087,D88,Check bearing condition,-0.8732,D66,Check bearings & seals,-1.0131,D202,Inspect shaft surface,-2.1358,D177,Inspect shaft fracture,-2.1723,True,✅ hit
19,Assess lubrication practices during maintenance.,D69,Assess lubrication practices,D69,Assess lubrication practices,4.9864,D361,Inspect lubrication/grease,-0.7673,D20,Inspect lubrication pump,-0.9261,D345,Review lubrication system,-1.3769,D210,Verify lubrication condition,-1.7556,D73,Check lubrication condition,-2.0819,D292,Review lubrication history,-2.6417,D282,Check lubrication,-3.1807,D7,Check lubrication & grease condition,-3.7941,D76,Check lubrication oil,-4.1293,True,✅ hit
19,Monitor IR values for insulation degradation.,D68,Monitor insulation resistance,D68,Monitor insulation resistance,-1.6117,D19,Monitor bearing temperature,-4.9695,D283,Measure IR (5 kV),-6.7993,D36,Insulation resistance test,-7.0486,D99,Measure insulation resistance,-7.0763,D133,Check insulation resistance,-7.1206,D134,Inspect end-turn insulation,-7.3892,D324,Measure IR to ground,-8.0365,D38,Check mica insulation,-8.0783,D218,Inspect winding insulation,-8.2505,True,✅ hit
19,Verify brush seating and contact pressure.,D67,Verify brush contact pressure,D67,Verify brush contact pressure,5.8513,D56,Check brush seating & spring tension,2.7596,D61,Inspect brush contact,-2.0786,D51,Brush pressure,-2.2018,D60,Check brush holder material,-4.6231,D138,Check brush movement,-4.7812,D146,Check brush grade,-5.8836,D149,Measure brush temp,-6.6499,D93,Check bearing seating,-6.7385,D55,Inspect brush holders alignment,-6.9323,True,✅ hit
19,Check bearings and seals for leakage.,D66,Check bearings & seals,D66,Check bearings & seals,2.5326,D88,Check bearing condition,-1.4619,D33,Check bearing clearance,-1.5564,D8,Check bearing oil pressure gauge,-3.3149,D230,Check enclosure sealing,-3.3314,D93,Check bearing seating,-3.3923,D70,Inspect bearing for displacement,-4.1419,D240,Inspect bearing wear,-4.4255,D348,Inspect bearing liner,-4.6523,D179,Inspect bearings,-4.6601,True,✅ hit
19,Visually inspect commutator for oil traces.,D65,Inspect commutator for oil traces,D65,Inspect commutator for oil traces,7.3218,D59,Inspect commutator surface,0.8111,D15,Inspect oil return line,0.759,D37,Inspect commutator,0.7464,D152,Inspect commutator film,0.5405,D22,Inspect oil lines/orifices,0.512,D11,Inspect oil filter condition,-0.0036,D12,Inspect oil piping,-0.0973,D112,Inspect oil ring operation,-0.5995,D81,Inspect oil ring condition,-0.8815,True,✅ hit
18,Verify cooling and airflow inside motor housing.,D64,Verify cooling airflow,D64,Verify cooling airflow,2.3255,D349,Verify cooling,-0.9854,D106,Check airflow,-4.4521,D321,Check cooling & rotor temp,-4.6885,D227,Check cooling,-4.8091,D96,Check cooling fan operation,-5.1962,D5,Verify motor–gearbox alignment,-5.2025,D237,Check rotor cooling,-5.7727,D125,Inspect cooling/ventilation,-5.8288,D220,Inspect cooling,-6.9574,True,✅ hit
18,Check commutator for pitting or burn marks.,D63,Check commutator condition,D338,Check pitting depth,-2.3858,D63,Check commutator condition,-3.0643,D42,Check commutator segments,-3.3937,D65,Inspect commutator for oil traces,-3.9971,D37,Inspect commutator,-5.9346,D59,Inspect commutator surface,-6.0346,D152,Inspect commutator film,-6.2662,D49,Commutator condition,-7.6307,D53,Commutator runout,-7.9311,D128,Observe commutation,-9.4912,True,✅ hit
18,Monitor load current and motor operating temperature.,D62,Monitor load current & temp,D62,Monitor load current & temp,3.6246,D109,Monitor motor current,1.2039,D114,Monitor temp rise under load,-1.6397,D131,Measure motor current,-3.7034,D77,Monitor vibration under load,-4.9065,D2,Monitor bearing temperature using RTD,-5.66,D301,Monitor field current,-6.0918,D19,Monitor bearing temperature,-6.148,D226,Review temp/load history,-6.4877,D78,Verify load conditions,-6.5481,True,✅ hit
18,Inspect brush contact and spring tension.,D61,Inspect brush contact,D56,Check brush seating & spring tension,4.7374,D67,Verify brush contact pressure,2.7038,D61,Inspect brush contact,2.4161,D306,Inspect brush gear,-1.4169,D190,Measure spring tension,-1.6009,D150,Inspect brush surface,-2.0436,D55,Inspect brush holders alignment,-2.0824,D308,Inspect brush condition,-2.227,D176,Inspect brush wear,-2.3005,D137,Inspect spring condition,-2.5331,True,✅ hit
18,Check brush holder material for thermal damage.,D60,Check brush holder material,D60,Check brush holder material,2.6608,D55,Inspect brush holders alignment,-2.1352,D52,Brush holder alignment,-4.0538,D56,Check brush seating & spring tension,-5.2115,D146,Check brush grade,-5.2707,D138,Check brush movement,-5.2911,D67,Verify brush contact pressure,-5.9616,D306,Inspect brush gear,-6.4251,D150,Inspect brush surface,-6.495,D308,Inspect brush condition,-6.6042,True,✅ hit
17,Check commutator surface for local wear due to misalignment.,D59,Inspect commutator surface,D59,Inspect commutator surface,-3.4167,D63,Check commutator condition,-4.7833,D42,Check commutator segments,-5.7119,D152,Inspect commutator film,-7.0792,D65,Inspect commutator for oil traces,-7.2121,D37,Inspect commutator,-7.2271,D49,Commutator condition,-8.1334,D82,Check shaft surface,-8.5836,D53,Commutator runout,-8.8344,D148,Inspect wear pattern,-9.5186,True,✅ hit
17,Monitor sparking pattern under no-load operation.,D58,Monitor sparking pattern,D58,Monitor sparking pattern,2.3437,D77,Monitor vibration under load,-1.0742,D114,Monitor temp rise under load,-2.1028,D62,Monitor load current & temp,-5.0514,D153,Review load pattern,-5.9034,D139,Observe sparking,-5.9512,D109,Monitor motor current,-7.3431,D261,Check non-linear loads,-7.6122,D74,Monitor vibration,-8.3438,D145,Monitor vibration trend,-8.3797,True,✅ hit
17,Verify neutral axis alignment.,D57,Verify neutral axis alignment,D57,Verify neutral axis alignment,8.2634,D144,Verify alignment,-0.5787,D310,Verify holder alignment,-1.4154,D5,Verify motor–gearbox alignment,-3.0495,D196,Check alignment,-4.3354,D115,Check coupling alignment history,-5.3089,D242,Check foundation alignment,-5.6967,D102,Verify rotation direction,-6.143,D90,Check alignment of shields,-6.4682,D72,Check shaft alignment,-6.9224,True,✅ hit
21,Monitor vibration at various loads.,D77,Monitor vibration under load,D77,Monitor vibration under load,5.1095,D74,Monitor vibration,1.7818,D34,Monitor bearing vibration,1.4176,D145,Monitor vibration trend,0.8253,D1,Monitor vibration severity at DE & NDE,0.6386,D346,Monitor bearing temp/vibration,0.2164,D62,Monitor load current & temp,-1.9853,D114,Monitor temp rise under load,-2.5024,D140,Measure vibration levels,-4.2,D238,Measure vibration (radial/axial),-4.5372,True,✅ hit
21,Verify load and shock conditions.,D78,Verify load conditions,D78,Verify load conditions,4.0741,D344,Verify thrust load,-1.456,D267,Assess load condition,-3.071,D294,Check load/speed,-3.2297,D252,Review starting/load condition,-3.7024,D261,Check non-linear loads,-4.1813,D180,Check load history,-4.3775,D275,Inspect mechanical load,-6.5041,D162,Verify supply voltage,-6.8945,D350,Review load/speed,-7.7758,True,✅ hit
22,Visually inspect oil ring for rotation during running.,D79,Inspect oil ring rotation,D79,Inspect oil ring rotation,5.3289,D112,Inspect oil ring operation,1.9111,D81,Inspect oil ring condition,1.5961,D12,Inspect oil piping,-2.2731,D65,Inspect commutator for oil traces,-2.3454,D22,Inspect oil lines/orifices,-2.676,D15,Inspect oil return line,-2.8441,D189,Inspect slip rings,-3.5569,D11,Inspect oil filter condition,-3.7429,D304,Inspect slip rings/leads,-3.7489,True,✅ hit
22,Check oil level in bearing reservoir.,D80,Check oil level,D10,Check oil level in reservoir,5.2378,D8,Check bearing oil pressure gauge,2.7807,D23,Check oil reservoir condition,0.8487,D347,Check oil level/flow,0.69,D80,Check oil level,-0.0045,D18,Check oil flow indicators,-3.9059,D110,Check oil temperature,-3.9817,D31,Check oil contamination,-4.3948,D88,Check bearing condition,-4.8293,D30,Check oil viscosity,-4.904,True,✅ hit
26,Check cooling fan for mechanical damage or obstruction.,D100,Inspect fan condition,D96,Check cooling fan operation,1.7131,D100,Inspect fan condition,-2.4409,D101,Check fan supply,-2.5639,D227,Check cooling,-2.733,D87,Check fan & attachments,-3.2476,D349,Verify cooling,-3.6004,D64,Verify cooling airflow,-3.8329,D107,Verify fan mounting,-3.9568,D103,Inspect fan blades,-4.012,D237,Check rotor cooling,-4.0235,True,✅ hit
25,Measure insulation resistance to detect thermal degradation.,D99,Measure insulation resistance,D99,Measure insulation resistance,2.2332,D133,Check insulation resistance,1.4798,D36,Insulation resistance test,1.0347,D68,Monitor insulation resistance,0.5987,D134,Inspect end-turn insulation,-3.9915,D312,Check field insulation,-4.0592,D38,Check mica insulation,-4.198,D217,Measure phase resistance,-4.3485,D218,Inspect winding insulation,-4.6175,D297,Measure field resistance,-4.7537,True,✅ hit
25,Verify motor enclosure cleanliness and dust ingress.,D98,Check enclosure cleanliness,D98,Check enclosure cleanliness,1.1274,D5,Verify motor–gearbox alignment,-5.3787,D230,Check enclosure sealing,-5.6717,D215,Check moisture/oil ingress,-7.0951,D349,Verify cooling,-7.621,D64,Verify cooling airflow,-8.8339,D78,Verify load conditions,-9.4234,D293,Verify grease type,-9.6096,D54,Carbon dust,-9.6602,D109,Monitor motor current,-10.076,True,✅ hit
25,Assess brush and commutator temperature rise.,D149,Measure brush temp,D149,Measure brush temp,-1.5058,D108,Measure temperature rise,-3.498,D59,Inspect commutator surface,-4.6645,D37,Inspect commutator,-5.1893,D104,Monitor temperature rise,-5.2687,D152,Inspect commutator film,-5.2735,D65,Inspect commutator for oil traces,-6.483,D67,Verify brush contact pressure,-6.865,D61,Inspect brush contact,-7.2378,D150,Inspect brush surface,-7.3854,True,✅ hit
25,Measure inlet and outlet air temperature.,D97,Measure air temperature,D97,Measure air temperature,-2.4476,D64,Verify cooling airflow,-6.5374,D106,Check airflow,-6.7404,D124,Check winding temperature,-7.2362,D158,Measure temperature,-7.6771,D95,Inspect air passages,-8.1207,D108,Measure temperature rise,-8.375,D321,Check cooling & rotor temp,-8.5931,D19,Monitor bearing temperature,-8.7965,D285,Check temperature correction,-8.9714,True,✅ hit
25,Check operation of cooling fan and airflow direction.,D96,Check cooling fan operation,D96,Check cooling fan operation,3.6404,D64,Verify cooling airflow,0.7659,D101,Check fan supply,-3.2266,D227,Check cooling,-3.3306,D106,Check airflow,-3.982,D321,Check cooling & rotor temp,-4.0946,D237,Check rotor cooling,-4.1759,D349,Verify cooling,-4.3215,D125,Inspect cooling/ventilation,-4.4999,D87,Check fan & attachments,-4.525,True,✅ hit
25,Inspect cooling air passages and filters for blockage.,D95,Inspect air passages,D125,Inspect cooling/ventilation,0.2685,D64,Verify cooling airflow,-0.7928,D132,Inspect cooling system,-1.1562,D220,Inspect cooling,-1.1602,D355,Inspect cooler tubes,-1.2928,D95,Inspect air passages,-1.3092,D105,Inspect ventilation ducts,-4.151,D227,Check cooling,-4.4325,D349,Verify cooling,-4.488,D96,Check cooling fan operation,-5.204,True,✅ hit
24,Check for signs of mechanical impact or overload on housing.,D94,Inspect for mechanical impact,D118,Check shaft for overload signs,1.3656,D94,Inspect for mechanical impact,-1.1451,D199,Check overload history,-3.7775,D275,Inspect mechanical load,-3.7812,D307,Check mechanical stress,-4.3643,D116,Inspect bearing seating & housing,-7.8623,D294,Check load/speed,-8.4704,D164,Check vibration effect,-8.7847,D261,Check non-linear loads,-8.9105,D98,Check enclosure cleanliness,-9.7968,True,✅ hit
24,Assess bearing fitment and seating condition.,D93,Check bearing seating,D116,Inspect bearing seating & housing,3.1696,D93,Check bearing seating,1.6744,D88,Check bearing condition,-2.2806,D70,Inspect bearing for displacement,-4.9391,D289,Measure bearing temp,-4.9397,D358,Measure bearing temp (RTD),-4.9446,D348,Inspect bearing liner,-5.8939,D240,Inspect bearing wear,-5.9408,D179,Inspect bearings,-6.0193,D71,Measure bearing clearance,-6.1443,True,✅ hit
24,Measure shaft alignment and runout.,D92,Measure shaft runout,D92,Measure shaft runout,5.5525,D72,Check shaft alignment,3.4218,D207,Measure shaft diameter,-0.6769,D84,Check rotor runout,-2.2158,D53,Commutator runout,-3.0643,D82,Check shaft surface,-3.3324,D202,Inspect shaft surface,-3.4507,D177,Inspect shaft fracture,-3.7061,D5,Verify motor–gearbox alignment,-3.7815,D206,Inspect shaft journal,-4.1387,True,✅ hit
17,Visually inspect brush holders for tilt or uneven positioning.,D55,Inspect brush holders alignment,D55,Inspect brush holders alignment,4.2327,D191,Inspect holder alignment,1.3332,D52,Brush holder alignment,0.8664,D60,Check brush holder material,-1.3941,D306,Inspect brush gear,-1.5273,D61,Inspect brush contact,-1.6852,D150,Inspect brush surface,-1.8032,D176,Inspect brush wear,-1.9978,D308,Inspect brush condition,-2.0558,D175,Inspect holders,-2.1198,True,✅ hit
24,Perform vibration analysis to identify structural looseness.,D91,Perform vibration analysis,D91,Perform vibration analysis,-0.4241,D83,Conduct vibration analysis,-2.8627,D178,Review vibration history,-4.7259,D145,Monitor vibration trend,-5.0012,D290,Check vibration,-5.1513,D117,Vibration spectrum (1X peak),-5.347,D164,Check vibration effect,-6.4336,D238,Measure vibration (radial/axial),-7.1266,D1,Monitor vibration severity at DE & NDE,-7.1676,D34,Monitor bearing vibration,-7.2574,True,✅ hit
24,Conduct visual inspection of end shields and bearing seating surfaces.,D89,Inspect end shields,D89,Inspect end shields,3.6076,D116,Inspect bearing seating & housing,3.3232,D93,Check bearing seating,0.6498,D240,Inspect bearing wear,-0.0441,D179,Inspect bearings,-0.2394,D348,Inspect bearing liner,-0.2813,D75,Inspect bearing & shaft,-0.5925,D70,Inspect bearing for displacement,-1.122,D213,Inspect end windings,-1.2109,D66,Check bearings & seals,-3.7936,True,✅ hit
23,Verify bearing condition for looseness or wear.,D88,Check bearing condition,D88,Check bearing condition,0.0397,D240,Inspect bearing wear,-1.0012,D33,Check bearing clearance,-4.5923,D66,Check bearings & seals,-5.5226,D93,Check bearing seating,-6.3222,D8,Check bearing oil pressure gauge,-7.2092,D210,Verify lubrication condition,-7.7928,D70,Inspect bearing for displacement,-7.8783,D358,Measure bearing temp (RTD),-7.8807,D289,Measure bearing temp,-8.0533,True,✅ hit
23,Check tightness of fan blades and mechanical attachments.,D87,Check fan & attachments,D87,Check fan & attachments,0.1884,D228,Check connection tightness,-1.1575,D167,Check tightness,-1.4129,D6,Check foundation bolts tightness,-1.64,D103,Inspect fan blades,-2.5988,D107,Verify fan mounting,-3.1551,D101,Check fan supply,-4.6719,D96,Check cooling fan operation,-4.9083,D100,Inspect fan condition,-5.1069,D307,Check mechanical stress,-5.6972,True,✅ hit
23,Perform visual inspection of rotor surface for missing/broken components.,D86,Inspect rotor surface,D86,Inspect rotor surface,3.8412,D337,Inspect rotor/stator surface,3.7178,D235,Inspect rotor during overhaul,2.8209,D233,Inspect rotor,2.3844,D302,Inspect rotor poles,1.9899,D237,Check rotor cooling,-0.0476,D202,Inspect shaft surface,-0.8585,D320,Inspect rotor field circuit,-1.661,D82,Check shaft surface,-2.7553,D59,Inspect commutator surface,-2.7761,True,✅ hit
23,Inspect coupling alignment with driven equipment.,D85,Inspect coupling alignment,D85,Inspect coupling alignment,4.0471,D280,Inspect driven equipment,1.5618,D115,Check coupling alignment history,1.1426,D195,Inspect coupling bolts,0.2792,D4,Inspect coupling condition,0.0817,D5,Verify motor–gearbox alignment,-0.8686,D191,Inspect holder alignment,-2.2207,D55,Inspect brush holders alignment,-3.1782,D43,Inspect coil connections,-4.2024,D72,Check shaft alignment,-5.5066,True,✅ hit
23,Check for eccentricity and mechanical runout of rotor.,D84,Check rotor runout,D84,Check rotor runout,2.3043,D192,Check rotor circuit resistance,-1.6251,D281,Check rotor movement,-1.6568,D3,Check rotor free movement,-1.9125,D237,Check rotor cooling,-3.2204,D193,Verify rotor earthing,-3.7053,D321,Check cooling & rotor temp,-4.3648,D320,Inspect rotor field circuit,-4.8464,D233,Inspect rotor,-4.9121,D86,Inspect rotor surface,-4.9257,True,✅ hit
23,Conduct vibration analysis on motor DE/NDE bearings.,D83,Conduct vibration analysis,D83,Conduct vibration analysis,1.8262,D1,Monitor vibration severity at DE & NDE,-0.3967,D34,Monitor bearing vibration,-2.289,D346,Monitor bearing temp/vibration,-2.6758,D91,Perform vibration analysis,-2.9355,D178,Review vibration history,-4.7895,D145,Monitor vibration trend,-4.9193,D117,Vibration spectrum (1X peak),-5.0777,D290,Check vibration,-5.3213,D238,Measure vibration (radial/axial),-6.2473,True,✅ hit
22,Check bearing temperature trend via thermography.,D19,Monitor bearing temperature,D19,Monitor bearing temperature,1.2899,D2,Monitor bearing temperature using RTD,0.6174,D289,Measure bearing temp,-1.3574,D358,Measure bearing temp (RTD),-1.3705,D130,Review temperature trend,-1.9119,D88,Check bearing condition,-2.6404,D124,Check winding temperature,-2.9988,D314,Monitor temp trend,-3.1171,D340,Monitor thrust bearing temp,-3.6702,D8,Check bearing oil pressure gauge,-3.7629,True,✅ hit
22,Verify shaft surface smoothness where ring contacts.,D82,Check shaft surface,D82,Check shaft surface,-2.3938,D202,Inspect shaft surface,-5.0816,D72,Check shaft alignment,-6.077,D67,Verify brush contact pressure,-6.4654,D309,Check collector ring,-7.7166,D118,Check shaft for overload signs,-7.7705,D304,Inspect slip rings/leads,-8.3714,D189,Inspect slip rings,-8.4207,D298,Inspect slip rings/brushes,-8.4752,D206,Inspect shaft journal,-8.9881,True,✅ hit
22,"Examine oil ring for deformation, dirt, or wear.",D81,Inspect oil ring condition,D81,Inspect oil ring condition,1.9025,D112,Inspect oil ring operation,1.6317,D79,Inspect oil ring rotation,1.3826,D65,Inspect commutator for oil traces,-3.9082,D22,Inspect oil lines/orifices,-3.9176,D111,Inspect oil viscosity,-4.5697,D12,Inspect oil piping,-4.935,D15,Inspect oil return line,-5.2592,D11,Inspect oil filter condition,-5.6387,D148,Inspect wear pattern,-6.0381,True,✅ hit
24,Check concentricity and alignment between DE/NDE shields.,D90,Check alignment of shields,D90,Check alignment of shields,0.3748,D57,Verify neutral axis alignment,-4.0797,D196,Check alignment,-4.8898,D115,Check coupling alignment history,-4.9869,D310,Verify holder alignment,-5.6691,D242,Check foundation alignment,-5.9227,D144,Verify alignment,-5.9318,D72,Check shaft alignment,-6.4568,D85,Inspect coupling alignment,-6.9686,D191,Inspect holder alignment,-7.8505,True,✅ hit
66,Review excitation failure relay logs.,D173,Review relay records,D317,Review excitation status & field current,-1.501,D173,Review relay records,-2.2392,D328,Review differential relay records,-2.7405,D323,Check earth fault relay log,-3.5888,D319,Analyze relay logs,-4.3898,D249,Check relay logs,-4.6725,D119,Review operational logs,-4.7448,D265,Review event logs,-5.7981,D130,Review temperature trend,-7.5674,D311,Check excitation stability,-7.8352,True,✅ hit
