case_id,diagnostic_steps,ground_truth_ids,ground_truth_text,top1_diagnostic_id,top1_diagnostic_steps,top1_score,top2_diagnostic_id,top2_diagnostic_steps,top2_score,top3_diagnostic_id,top3_diagnostic_steps,top3_score,top4_diagnostic_id,top4_diagnostic_steps,top4_score,top5_diagnostic_id,top5_diagnostic_steps,top5_score,top6_diagnostic_id,top6_diagnostic_steps,top6_score,top7_diagnostic_id,top7_diagnostic_steps,top7_score,top8_diagnostic_id,top8_diagnostic_steps,top8_score,top9_diagnostic_id,top9_diagnostic_steps,top9_score,top10_diagnostic_id,top10_diagnostic_steps,top10_score,hit,status
43,Measure stator winding insulation resistance phase-to-phase and phase-to-earth.,D212,Measure IR phase-to-earth,D218,Inspect winding insulation,0.6831,D156,Measure winding resistance,0.6582,D184,Measure winding resistance,0.6582,D99,Measure insulation resistance,0.62,D266,Check winding resistance/IR,0.5891,D36,Insulation resistance test,0.5886,D217,Measure phase resistance,0.5819,D124,Check winding temperature,0.5819,D223,Compare winding resistance,0.5807,D133,Check insulation resistance,0.5752,False,❌ miss
30,Check interpole terminal connections and insulation sleeves.,D123,Check terminal connections,D38,Check mica insulation,0.6023,D122,Inspect interpole coils,0.5345,D133,Check insulation resistance,0.5303,D218,Inspect winding insulation,0.505,D312,Check field insulation,0.5039,D166,Inspect insulators,0.4916,D134,Inspect end-turn insulation,0.4821,D36,Insulation resistance test,0.4746,D326,Inspect terminal box & windings,0.4595,D227,Check cooling,0.4519,False,❌ miss
6,Inspect bearing clearance and condition of oil seals.,D33,Check bearing clearance,D66,Check bearings & seals,0.8026,D291,Inspect grease seals,0.7218,D8,Check bearing oil pressure gauge,0.6239,D22,Inspect oil lines/orifices,0.6032,D111,Inspect oil viscosity,0.6006,D179,Inspect bearings,0.5916,D341,Check oil condition,0.5847,D30,Check oil viscosity,0.5634,D240,Inspect bearing wear,0.5632,D347,Check oil level/flow,0.5626,False,❌ miss
12,Measure insulation resistance and polarization index.,D300,Measure IR & PI,D99,Measure insulation resistance,0.8264,D36,Insulation resistance test,0.7792,D133,Check insulation resistance,0.7753,D68,Monitor insulation resistance,0.6565,D312,Check field insulation,0.6299,D134,Inspect end-turn insulation,0.5584,D166,Inspect insulators,0.5498,D218,Inspect winding insulation,0.5452,D38,Check mica insulation,0.5368,D217,Measure phase resistance,0.5042,False,❌ miss
54,Perform Motor Current Signature Analysis (MCSA).,D232,Conduct MCSA,D131,Measure motor current,0.6759,D109,Monitor motor current,0.6142,D118,Check shaft for overload signs,0.499,D5,Verify motor–gearbox alignment,0.4881,D320,Inspect rotor field circuit,0.4664,D337,Inspect rotor/stator surface,0.4647,D75,Inspect bearing & shaft,0.4598,D270,Check current & PF,0.4564,D233,Inspect rotor,0.4523,D192,Check rotor circuit resistance,0.4516,False,❌ miss
41,"Visually inspect brush holders for cracks, deformation, or burning.",D175,Inspect holders,D176,Inspect brush wear,0.7672,D150,Inspect brush surface,0.747,D55,Inspect brush holders alignment,0.7465,D308,Inspect brush condition,0.7366,D60,Check brush holder material,0.7216,D61,Inspect brush contact,0.699,D306,Inspect brush gear,0.6898,D298,Inspect slip rings/brushes,0.6281,D50,Brush condition,0.5845,D146,Check brush grade,0.5791,False,❌ miss
54,Check motor temperature rise during operation.,D109,Monitor motor current,D321,Check cooling & rotor temp,0.6783,D96,Check cooling fan operation,0.6226,D237,Check rotor cooling,0.6131,D100,Inspect fan condition,0.605,D227,Check cooling,0.5934,D220,Inspect cooling,0.5892,D108,Measure temperature rise,0.5765,D124,Check winding temperature,0.573,D104,Monitor temperature rise,0.5602,D32,Check oil heater/cooler,0.5443,False,❌ miss
41,Check brush spring tension and contact pressure.,D190,Measure spring tension,D56,Check brush seating & spring tension,0.7586,D67,Verify brush contact pressure,0.7347,D51,Brush pressure,0.7058,D138,Check brush movement,0.621,D61,Inspect brush contact,0.6123,D308,Inspect brush condition,0.578,D50,Brush condition,0.576,D150,Inspect brush surface,0.5589,D60,Check brush holder material,0.5459,D55,Inspect brush holders alignment,0.537,False,❌ miss
54,Review motor starting frequency and load variation history.,D194,Review starting current,D252,Review starting/load condition,0.6269,D234,Check starting performance,0.5157,D219,Review voltage/load history,0.4981,D159,Review load cycle,0.4657,D275,Inspect mechanical load,0.4558,D294,Check load/speed,0.4555,D178,Review vibration history,0.4523,D350,Review load/speed,0.4412,D131,Measure motor current,0.4395,D332,Review load trend,0.4349,False,❌ miss
59,Measured Total Harmonic Distortion (THD) of voltage and current using power quality analyzer.,Measured Total Harmonic Distortion (THD) of voltage and current using power quality analyzer,NOT FOUND,D276,Check voltage quality,0.6009,D318,Check stator voltage & frequency,0.4595,D262,Measure voltage/current,0.4452,D221,Measure current imbalance,0.4356,D219,Review voltage/load history,0.419,D259,Record harmonic spectrum,0.4177,D241,Measure current balance,0.4101,D248,Measure line voltages,0.4029,D295,Measure field voltage/current,0.4008,D245,Measure phase currents,0.3935,False,❌ miss
9,Perform bar-to-bar continuity test to detect open coil segments.,D40,Bar-to-bar continuity,D155,Inspect coils,0.7034,D43,Inspect coil connections,0.6816,D315,Inspect field coils,0.6306,D122,Inspect interpole coils,0.6189,D213,Inspect end windings,0.5101,D188,Inspect internal winding,0.4942,D225,Inspect winding condition,0.4796,D277,Check winding condition,0.4665,D218,Inspect winding insulation,0.4568,D82,Check shaft surface,0.4508,False,❌ miss
9,Verify field excitation and checked for imbalance in flux distribution.,Verify field excitation and checked for imbalance in flux distribution,NOT FOUND,D260,Check current imbalance,0.5414,D221,Measure current imbalance,0.4769,D157,Verify field current,0.4708,D311,Check excitation stability,0.4627,D126,Verify field polarity,0.4612,D317,Review excitation status & field current,0.453,D315,Inspect field coils,0.4031,D312,Check field insulation,0.4025,D297,Measure field resistance,0.3979,D295,Measure field voltage/current,0.3949,False,❌ miss
13,Check for broken field coil lead or burnt terminal connection.,D123,Check terminal connections,D315,Inspect field coils,0.4945,D43,Inspect coil connections,0.4782,D155,Inspect coils,0.4546,D228,Check connection tightness,0.447,D227,Check cooling,0.4365,D326,Inspect terminal box & windings,0.4248,D24,Check jacking oil pump,0.4203,D122,Inspect interpole coils,0.4069,D320,Inspect rotor field circuit,0.3835,D96,Check cooling fan operation,0.3677,False,❌ miss
42,Verify material and manufacturing details of shaft.,D182,Verify material quality,D202,Inspect shaft surface,0.7913,D82,Check shaft surface,0.7756,D72,Check shaft alignment,0.7339,D75,Inspect bearing & shaft,0.7241,D207,Measure shaft diameter,0.6999,D206,Inspect shaft journal,0.6688,D177,Inspect shaft fracture,0.6399,D92,Measure shaft runout,0.616,D118,Check shaft for overload signs,0.5798,D5,Verify motor–gearbox alignment,0.5397,False,❌ miss
44,Inspect brush holder alignment and clearance.,D191,Inspect holder alignment,D55,Inspect brush holders alignment,0.9047,D52,Brush holder alignment,0.8618,D60,Check brush holder material,0.7786,D150,Inspect brush surface,0.7379,D308,Inspect brush condition,0.7351,D56,Check brush seating & spring tension,0.725,D61,Inspect brush contact,0.7007,D138,Check brush movement,0.69,D176,Inspect brush wear,0.6823,D50,Brush condition,0.6755,False,❌ miss
13,Measure field winding continuity using megger/multimeter.,D48,Field continuity,D156,Measure winding resistance,0.666,D184,Measure winding resistance,0.666,D225,Inspect winding condition,0.5944,D277,Check winding condition,0.5806,D121,Measure IR of interpole winding,0.5767,D213,Inspect end windings,0.5477,D124,Check winding temperature,0.5383,D39,Measure field current,0.5322,D47,Field winding IR,0.52,D188,Inspect internal winding,0.5165,False,❌ miss
10,Check commutator and brush assembly for carbon tracking.,D59,Inspect commutator surface,D138,Check brush movement,0.4972,D306,Inspect brush gear,0.4716,D54,Carbon dust,0.4585,D56,Check brush seating & spring tension,0.4445,D55,Inspect brush holders alignment,0.4369,D61,Inspect brush contact,0.432,D152,Inspect commutator film,0.4317,D176,Inspect brush wear,0.428,D65,Inspect commutator for oil traces,0.4274,D150,Inspect brush surface,0.4256,False,❌ miss
26,Check bearings and shaft for possible fan seizure.,D75,Inspect bearing & shaft,D96,Check cooling fan operation,0.6809,D100,Inspect fan condition,0.6633,D101,Check fan supply,0.6209,D237,Check rotor cooling,0.5872,D103,Inspect fan blades,0.5858,D227,Check cooling,0.579,D87,Check fan & attachments,0.5431,D321,Check cooling & rotor temp,0.5341,D107,Verify fan mounting,0.5321,D290,Check vibration,0.5056,False,❌ miss
11,Measure insulation resistance of field winding to ground using megger.,D47,Field winding IR,D218,Inspect winding insulation,0.7156,D156,Measure winding resistance,0.6795,D184,Measure winding resistance,0.6795,D99,Measure insulation resistance,0.6285,D223,Compare winding resistance,0.616,D312,Check field insulation,0.6143,D36,Insulation resistance test,0.5971,D133,Check insulation resistance,0.5959,D266,Check winding resistance/IR,0.5952,D124,Check winding temperature,0.5802,False,❌ miss
11,Check continuity of field coil to confirm absence of open circuit.,D305,Check continuity,D315,Inspect field coils,0.6376,D43,Inspect coil connections,0.6008,D155,Inspect coils,0.5857,D122,Inspect interpole coils,0.5331,D277,Check winding condition,0.4437,D320,Inspect rotor field circuit,0.4385,D312,Check field insulation,0.4279,D47,Field winding IR,0.4141,D266,Check winding resistance/IR,0.4082,D225,Inspect winding condition,0.4068,False,❌ miss
12,Inspect creepage and clearance distances at terminals and busbars.,Inspect creepage and clearance distances at terminals and busbars,NOT FOUND,D229,Inspect lugs/busbars,0.5894,D326,Inspect terminal box & windings,0.4823,D280,Inspect driven equipment,0.4498,D185,Inspect terminal box,0.4418,D330,Inspect stator/terminal box,0.4182,D355,Inspect cooler tubes,0.4067,D95,Inspect air passages,0.4064,D336,Inspect air gap,0.4039,D125,Inspect cooling/ventilation,0.4024,D200,Inspect hub fitment,0.4019,False,❌ miss
43,Inspect motor for internal short-circuit or insulation damage.,Inspect motor for internal short-circuit or insulation damage,NOT FOUND,D218,Inspect winding insulation,0.5767,D188,Inspect internal winding,0.5733,D100,Inspect fan condition,0.5588,D134,Inspect end-turn insulation,0.5418,D233,Inspect rotor,0.5183,D103,Inspect fan blades,0.5151,D155,Inspect coils,0.5109,D320,Inspect rotor field circuit,0.4953,D220,Inspect cooling,0.4939,D177,Inspect shaft fracture,0.4926,False,❌ miss
56,Check temperature rise of stator windings and bearings.,D108,Measure temperature rise,D124,Check winding temperature,0.7452,D225,Inspect winding condition,0.6482,D289,Measure bearing temp,0.6299,D321,Check cooling & rotor temp,0.6295,D218,Inspect winding insulation,0.6133,D277,Check winding condition,0.6023,D188,Inspect internal winding,0.5961,D75,Inspect bearing & shaft,0.5955,D237,Check rotor cooling,0.5879,D19,Monitor bearing temperature,0.5878,False,❌ miss
12,Visually inspect insulation surfaces for tracking paths and carbon deposits.,Visually inspect insulation surfaces for tracking paths and carbon deposits,NOT FOUND,D166,Inspect insulators,0.5843,D134,Inspect end-turn insulation,0.5365,D218,Inspect winding insulation,0.5239,D95,Inspect air passages,0.5181,D312,Check field insulation,0.4863,D169,Inspect environment,0.4794,D99,Measure insulation resistance,0.4651,D125,Inspect cooling/ventilation,0.4579,D133,Check insulation resistance,0.4454,D336,Inspect air gap,0.445,False,❌ miss
46,Check tightening condition of hub locking bolts or shrink-fit arrangement.,D204,Verify locking arrangement,D200,Inspect hub fitment,0.5841,D6,Check foundation bolts tightness,0.5167,D72,Check shaft alignment,0.442,D228,Check connection tightness,0.4367,D141,Check foundation bolts,0.372,D203,Check hub bore,0.3672,D197,Inspect keyway & hub,0.3558,D56,Check brush seating & spring tension,0.3545,D195,Inspect coupling bolts,0.3431,D215,Check moisture/oil ingress,0.3386,False,❌ miss
39,Check insulation resistance between phases and to earth.,D212,Measure IR phase-to-earth,D133,Check insulation resistance,0.6677,D36,Insulation resistance test,0.6251,D312,Check field insulation,0.5935,D99,Measure insulation resistance,0.5803,D134,Inspect end-turn insulation,0.5576,D38,Check mica insulation,0.5536,D217,Measure phase resistance,0.545,D166,Inspect insulators,0.4979,D174,Verify earthing,0.4816,D218,Inspect winding insulation,0.4752,False,❌ miss
12,"Check for moisture ingress, oil contamination, and dust accumulation.","Check for moisture ingress, oil contamination, and dust accumulation",NOT FOUND,D215,Check moisture/oil ingress,0.8155,D31,Check oil contamination,0.549,D227,Check cooling,0.5033,D76,Check lubrication oil,0.4962,D341,Check oil condition,0.4918,D32,Check oil heater/cooler,0.4851,D356,Check water quality/temp,0.476,D98,Check enclosure cleanliness,0.4625,D23,Check oil reservoir condition,0.4515,D286,Inspect contamination,0.44,False,❌ miss
33,Compare measured spring force with manufacturer specifications.,D136,Compare with OEM spec,D190,Measure spring tension,0.6503,D135,Measure spring pressure,0.6355,D154,Check spring pressure,0.6159,D137,Inspect spring condition,0.4988,D56,Check brush seating & spring tension,0.422,D275,Inspect mechanical load,0.4092,D307,Check mechanical stress,0.4087,D334,Check pull-out torque margin,0.3693,D223,Compare winding resistance,0.352,D120,Assess rotor balance,0.3513,False,❌ miss
35,Inspect brush wear pattern and contact surface.,D148,Inspect wear pattern,D176,Inspect brush wear,0.8999,D61,Inspect brush contact,0.8805,D150,Inspect brush surface,0.8502,D308,Inspect brush condition,0.8186,D306,Inspect brush gear,0.7467,D60,Check brush holder material,0.7177,D50,Brush condition,0.7073,D138,Check brush movement,0.6895,D55,Inspect brush holders alignment,0.6809,D67,Verify brush contact pressure,0.6708,False,❌ miss
35,Check brush resistivity and hardness characteristics.,D147,Check resistivity/hardness,D308,Inspect brush condition,0.7226,D146,Check brush grade,0.7219,D50,Brush condition,0.707,D60,Check brush holder material,0.7009,D176,Inspect brush wear,0.6664,D150,Inspect brush surface,0.6622,D67,Verify brush contact pressure,0.6371,D306,Inspect brush gear,0.6244,D61,Inspect brush contact,0.6188,D138,Check brush movement,0.6104,False,❌ miss
50,Perform insulation resistance and polarization index tests.,D222,Perform IR & PI test,D36,Insulation resistance test,0.7999,D133,Check insulation resistance,0.7774,D99,Measure insulation resistance,0.7472,D312,Check field insulation,0.6542,D68,Monitor insulation resistance,0.6455,D38,Check mica insulation,0.5908,D134,Inspect end-turn insulation,0.5815,D166,Inspect insulators,0.5655,D218,Inspect winding insulation,0.5563,D186,Check CT polarity & wiring,0.4351,False,❌ miss
18,Check commutator for pitting or burn marks.,D63,Check commutator condition,D65,Inspect commutator for oil traces,0.482,D152,Inspect commutator film,0.4406,D59,Inspect commutator surface,0.4359,D37,Inspect commutator,0.433,D42,Check commutator segments,0.4207,D338,Check pitting depth,0.4064,D118,Check shaft for overload signs,0.3875,D282,Check lubrication,0.3836,D66,Check bearings & seals,0.3773,D76,Check lubrication oil,0.3716,False,❌ miss
34,Check motor-shaft and driven-equipment alignment.,D144,Verify alignment,D72,Check shaft alignment,0.8019,D5,Verify motor–gearbox alignment,0.68,D196,Check alignment,0.5408,D82,Check shaft surface,0.5382,D118,Check shaft for overload signs,0.5043,D202,Inspect shaft surface,0.4965,D200,Inspect hub fitment,0.4922,D75,Inspect bearing & shaft,0.4906,D206,Inspect shaft journal,0.4726,D115,Check coupling alignment history,0.465,False,❌ miss
47,Check alignment and vibration history.,D205,Review alignment history,D290,Check vibration,0.7197,D72,Check shaft alignment,0.6579,D164,Check vibration effect,0.642,D178,Review vibration history,0.6376,D91,Perform vibration analysis,0.6181,D74,Monitor vibration,0.5884,D145,Monitor vibration trend,0.5636,D34,Monitor bearing vibration,0.553,D77,Monitor vibration under load,0.5405,D1,Monitor vibration severity at DE & NDE,0.5242,False,❌ miss
63,Check locked-rotor current settings in protection relay or VFD.,D274,Check relay/VFD settings,D3,Check rotor free movement,0.5639,D237,Check rotor cooling,0.5359,D281,Check rotor movement,0.5072,D320,Inspect rotor field circuit,0.5066,D233,Inspect rotor,0.502,D263,Check protection relay,0.4913,D321,Check cooling & rotor temp,0.4883,D86,Inspect rotor surface,0.4628,D354,Check air lock,0.4564,D279,Check relay settings,0.4522,False,❌ miss
48,Measure insulation resistance phase-to-earth using megger.,D212,Measure IR phase-to-earth,D99,Measure insulation resistance,0.7386,D36,Insulation resistance test,0.7098,D133,Check insulation resistance,0.7026,D312,Check field insulation,0.5882,D68,Monitor insulation resistance,0.5734,D217,Measure phase resistance,0.5486,D134,Inspect end-turn insulation,0.539,D38,Check mica insulation,0.5064,D218,Inspect winding insulation,0.4873,D166,Inspect insulators,0.4651,False,❌ miss
64,Measure insulation resistance (IR) of stator windings using 5 kV megger.,D283,Measure IR (5 kV),D218,Inspect winding insulation,0.7307,D266,Check winding resistance/IR,0.7196,D156,Measure winding resistance,0.7187,D184,Measure winding resistance,0.7187,D223,Compare winding resistance,0.6749,D99,Measure insulation resistance,0.62,D124,Check winding temperature,0.6121,D133,Check insulation resistance,0.5925,D36,Insulation resistance test,0.587,D225,Inspect winding condition,0.5858,False,❌ miss
63,Inspect stator winding resistance and insulation.,D73,Check lubrication condition,D218,Inspect winding insulation,0.8451,D225,Inspect winding condition,0.7166,D223,Compare winding resistance,0.7023,D156,Measure winding resistance,0.6938,D184,Measure winding resistance,0.6938,D188,Inspect internal winding,0.6871,D266,Check winding resistance/IR,0.6846,D213,Inspect end windings,0.66,D124,Check winding temperature,0.6442,D133,Check insulation resistance,0.6276,False,❌ miss
3,Check for any air lock or improper venting in lubrication lines.,D17,Check for air lock in lines,D76,Check lubrication oil,0.7108,D282,Check lubrication,0.7002,D14,Check lubrication oil pressure,0.6718,D7,Check lubrication & grease condition,0.6462,D73,Check lubrication condition,0.6198,D361,Inspect lubrication/grease,0.5772,D215,Check moisture/oil ingress,0.5602,D210,Verify lubrication condition,0.5453,D20,Inspect lubrication pump,0.5407,D292,Review lubrication history,0.5212,False,❌ miss
38,Inspect encoder mounting and coupling alignment on motor shaft.,D161,Inspect mounting,D72,Check shaft alignment,0.6476,D5,Verify motor–gearbox alignment,0.5895,D206,Inspect shaft journal,0.5484,D75,Inspect bearing & shaft,0.5426,D202,Inspect shaft surface,0.54,D118,Check shaft for overload signs,0.5071,D85,Inspect coupling alignment,0.5058,D82,Check shaft surface,0.504,D115,Check coupling alignment history,0.4873,D195,Inspect coupling bolts,0.4862,False,❌ miss
37,Check insulation resistance of field and inter-pole coils using megger.,D47,Field winding IR,D122,Inspect interpole coils,0.6916,D315,Inspect field coils,0.6521,D312,Check field insulation,0.6514,D218,Inspect winding insulation,0.6375,D155,Inspect coils,0.6362,D133,Check insulation resistance,0.6323,D43,Inspect coil connections,0.6148,D36,Insulation resistance test,0.5779,D38,Check mica insulation,0.5419,D266,Check winding resistance/IR,0.5352,False,❌ miss
44,Check rotor circuit resistance and connections.,D192,Check rotor circuit resistance,D192,Check rotor circuit resistance,0.7902,D320,Inspect rotor field circuit,0.7409,D237,Check rotor cooling,0.7365,D233,Inspect rotor,0.7136,D281,Check rotor movement,0.6994,D321,Check cooling & rotor temp,0.6832,D86,Inspect rotor surface,0.6741,D3,Check rotor free movement,0.6633,D84,Check rotor runout,0.6441,D302,Inspect rotor poles,0.6406,True,✅ hit
48,Review recent operating and maintenance history.,D214,Review operating history,D187,Review maintenance history,0.7172,D214,Review operating history,0.7009,D119,Review operational logs,0.5217,D226,Review temp/load history,0.5053,D255,Review drive fault history,0.4841,D252,Review starting/load condition,0.48,D219,Review voltage/load history,0.4715,D292,Review lubrication history,0.4586,D231,Review current/load,0.4549,D209,Review installation practice,0.4475,True,✅ hit
44,Measure brush spring tension and contact pressure.,D190,Measure spring tension,D67,Verify brush contact pressure,0.8365,D56,Check brush seating & spring tension,0.7755,D51,Brush pressure,0.7202,D61,Inspect brush contact,0.6804,D190,Measure spring tension,0.6677,D308,Inspect brush condition,0.6504,D135,Measure spring pressure,0.6268,D150,Inspect brush surface,0.6254,D138,Check brush movement,0.6219,D60,Check brush holder material,0.6107,True,✅ hit
49,Check protection relay event records for phase fault indication.,D216,Check relay records,D263,Check protection relay,0.7582,D211,Check earth fault relay,0.6908,D323,Check earth fault relay log,0.6722,D249,Check relay logs,0.6542,D273,Verify relay settings,0.6402,D216,Check relay records,0.6315,D279,Check relay settings,0.6219,D331,Perform relay secondary test,0.6171,D319,Analyze relay logs,0.593,D274,Check relay/VFD settings,0.5807,True,✅ hit
48,Check stator end windings for insulation damage or contamination.,D213,Inspect end windings,D218,Inspect winding insulation,0.7916,D213,Inspect end windings,0.7104,D188,Inspect internal winding,0.6969,D134,Inspect end-turn insulation,0.6859,D225,Inspect winding condition,0.6642,D124,Check winding temperature,0.6128,D277,Check winding condition,0.5925,D43,Inspect coil connections,0.5858,D266,Check winding resistance/IR,0.5841,D155,Inspect coils,0.5776,True,✅ hit
44,"Check brush condition, grade, and wear pattern.",D176,Inspect brush wear,D146,Check brush grade,0.8058,D308,Inspect brush condition,0.7775,D176,Inspect brush wear,0.7667,D50,Brush condition,0.7602,D60,Check brush holder material,0.6817,D150,Inspect brush surface,0.6679,D61,Inspect brush contact,0.651,D138,Check brush movement,0.6468,D306,Inspect brush gear,0.6405,D56,Check brush seating & spring tension,0.5921,True,✅ hit
49,Measure insulation resistance phase-to-phase and phase-to-earth.,D217,Measure phase resistance,D99,Measure insulation resistance,0.7772,D36,Insulation resistance test,0.7354,D133,Check insulation resistance,0.7165,D217,Measure phase resistance,0.6667,D68,Monitor insulation resistance,0.6005,D312,Check field insulation,0.5815,D134,Inspect end-turn insulation,0.5631,D218,Inspect winding insulation,0.5146,D212,Measure IR phase-to-earth,0.507,D166,Inspect insulators,0.495,True,✅ hit
49,Perform winding resistance comparison between phases.,D223,Compare winding resistance,D223,Compare winding resistance,0.7851,D156,Measure winding resistance,0.7155,D184,Measure winding resistance,0.7155,D266,Check winding resistance/IR,0.6893,D225,Inspect winding condition,0.6866,D277,Check winding condition,0.675,D124,Check winding temperature,0.6654,D218,Inspect winding insulation,0.608,D217,Measure phase resistance,0.6023,D188,Inspect internal winding,0.5951,True,✅ hit
44,"Visually inspect slip rings for burning, pitting, or uneven wear.",D189,Inspect slip rings,D189,Inspect slip rings,0.8141,D298,Inspect slip rings/brushes,0.7281,D304,Inspect slip rings/leads,0.7169,D240,Inspect bearing wear,0.5116,D148,Inspect wear pattern,0.508,D79,Inspect oil ring rotation,0.4721,D202,Inspect shaft surface,0.4564,D81,Inspect oil ring condition,0.4514,D112,Inspect oil ring operation,0.4427,D179,Inspect bearings,0.4177,True,✅ hit
48,Check moisture ingress or oil contamination inside motor.,D215,Check moisture/oil ingress,D215,Check moisture/oil ingress,0.6965,D76,Check lubrication oil,0.6547,D14,Check lubrication oil pressure,0.595,D7,Check lubrication & grease condition,0.5858,D282,Check lubrication,0.5539,D24,Check jacking oil pump,0.5274,D227,Check cooling,0.5049,D361,Inspect lubrication/grease,0.5018,D20,Inspect lubrication pump,0.4971,D341,Check oil condition,0.4856,True,✅ hit
48,"Inspect terminal box, cable glands, and busbar insulation.",D326,Inspect terminal box & windings,D134,Inspect end-turn insulation,0.5817,D38,Check mica insulation,0.5749,D326,Inspect terminal box & windings,0.563,D250,Inspect cables & contactors,0.5302,D166,Inspect insulators,0.5293,D218,Inspect winding insulation,0.5141,D133,Check insulation resistance,0.5135,D98,Check enclosure cleanliness,0.5055,D185,Inspect terminal box,0.5053,D312,Check field insulation,0.5002,True,✅ hit
47,Check bearing fit and seating condition.,D93,Check bearing seating,D93,Check bearing seating,0.8273,D116,Inspect bearing seating & housing,0.7931,D88,Check bearing condition,0.7692,D33,Check bearing clearance,0.72,D75,Inspect bearing & shaft,0.6799,D72,Check shaft alignment,0.6502,D179,Inspect bearings,0.6301,D71,Measure bearing clearance,0.6264,D240,Inspect bearing wear,0.6214,D70,Inspect bearing for displacement,0.6017,True,✅ hit
44,Review starting current and load conditions.,D194,Review starting current,D252,Review starting/load condition,0.8287,D194,Review starting current,0.7749,D231,Review current/load,0.7381,D219,Review voltage/load history,0.591,D278,Measure starting current,0.5579,D234,Check starting performance,0.5417,D159,Review load cycle,0.5225,D267,Assess load condition,0.5143,D350,Review load/speed,0.4986,D226,Review temp/load history,0.4982,True,✅ hit
47,Inspect bearing inner race for fretting or polishing marks.,D208,Inspect inner race,D240,Inspect bearing wear,0.7233,D179,Inspect bearings,0.6363,D75,Inspect bearing & shaft,0.5868,D348,Inspect bearing liner,0.5673,D148,Inspect wear pattern,0.5623,D202,Inspect shaft surface,0.5335,D208,Inspect inner race,0.5075,D66,Check bearings & seals,0.4973,D176,Inspect brush wear,0.4935,D116,Inspect bearing seating & housing,0.4909,True,✅ hit
47,Visually inspect shaft journal at bearing inner race location.,D202,Inspect shaft surface,D206,Inspect shaft journal,0.8638,D75,Inspect bearing & shaft,0.7703,D202,Inspect shaft surface,0.7075,D179,Inspect bearings,0.6439,D82,Check shaft surface,0.6428,D240,Inspect bearing wear,0.6198,D72,Check shaft alignment,0.6133,D118,Check shaft for overload signs,0.601,D92,Measure shaft runout,0.5915,D116,Inspect bearing seating & housing,0.5783,True,✅ hit
46,Review alignment and vibration history.,D205,Review alignment history,D178,Review vibration history,0.755,D205,Review alignment history,0.6801,D290,Check vibration,0.5884,D74,Monitor vibration,0.5504,D164,Check vibration effect,0.5493,D91,Perform vibration analysis,0.5353,D34,Monitor bearing vibration,0.5223,D145,Monitor vibration trend,0.5212,D72,Check shaft alignment,0.5161,D1,Monitor vibration severity at DE & NDE,0.4981,True,✅ hit
47,Review bearing installation method and tightening practice.,D209,Review installation practice,D33,Check bearing clearance,0.5888,D209,Review installation practice,0.5787,D71,Measure bearing clearance,0.5717,D88,Check bearing condition,0.5599,D75,Inspect bearing & shaft,0.5574,D116,Inspect bearing seating & housing,0.5412,D70,Inspect bearing for displacement,0.5409,D240,Inspect bearing wear,0.5352,D179,Inspect bearings,0.5344,D93,Check bearing seating,0.53,True,✅ hit
46,Verify coupling hub bore condition and tolerance.,D203,Check hub bore,D4,Inspect coupling condition,0.6148,D203,Check hub bore,0.5986,D85,Inspect coupling alignment,0.5242,D115,Check coupling alignment history,0.5177,D200,Inspect hub fitment,0.4933,D195,Inspect coupling bolts,0.3698,D5,Verify motor–gearbox alignment,0.3556,D334,Check pull-out torque margin,0.3435,D88,Check bearing condition,0.3166,D239,Check air gap uniformity,0.3115,True,✅ hit
47,Verify lubrication condition and contamination.,D210,Verify lubrication condition,D73,Check lubrication condition,0.837,D210,Verify lubrication condition,0.8369,D282,Check lubrication,0.815,D69,Assess lubrication practices,0.7981,D7,Check lubrication & grease condition,0.7656,D361,Inspect lubrication/grease,0.7625,D292,Review lubrication history,0.7548,D76,Check lubrication oil,0.7543,D345,Review lubrication system,0.7074,D14,Check lubrication oil pressure,0.6891,True,✅ hit
46,Check key and keyway condition for wear or shear.,D201,Check key/keyway,D201,Check key/keyway,0.5737,D197,Inspect keyway & hub,0.5165,D148,Inspect wear pattern,0.475,D307,Check mechanical stress,0.4713,D66,Check bearings & seals,0.4706,D167,Check tightness,0.4466,D240,Inspect bearing wear,0.4413,D202,Inspect shaft surface,0.4397,D306,Inspect brush gear,0.4359,D298,Inspect slip rings/brushes,0.4324,True,✅ hit
44,Verify earthing of rotor circuit.,D193,Verify rotor earthing,D193,Verify rotor earthing,0.9298,D174,Verify earthing,0.6491,D320,Inspect rotor field circuit,0.6445,D281,Check rotor movement,0.6442,D86,Inspect rotor surface,0.6148,D192,Check rotor circuit resistance,0.6069,D233,Inspect rotor,0.6015,D120,Assess rotor balance,0.5931,D3,Check rotor free movement,0.5855,D302,Inspect rotor poles,0.5669,True,✅ hit
46,Visually inspect coupling hub fitment on motor shaft.,D200,Inspect hub fitment,D200,Inspect hub fitment,0.7671,D72,Check shaft alignment,0.6323,D85,Inspect coupling alignment,0.6291,D195,Inspect coupling bolts,0.6165,D5,Verify motor–gearbox alignment,0.6128,D75,Inspect bearing & shaft,0.5985,D202,Inspect shaft surface,0.5847,D4,Inspect coupling condition,0.5616,D115,Check coupling alignment history,0.5432,D206,Inspect shaft journal,0.541,True,✅ hit
45,"Verify bolt grade, size, and tightening torque.",D198,Verify bolt specification,D198,Verify bolt specification,0.7528,D334,Check pull-out torque margin,0.6187,D195,Inspect coupling bolts,0.5625,D72,Check shaft alignment,0.5606,D141,Check foundation bolts,0.5095,D5,Verify motor–gearbox alignment,0.4914,D6,Check foundation bolts tightness,0.4846,D344,Verify thrust load,0.4615,D56,Check brush seating & spring tension,0.4512,D118,Check shaft for overload signs,0.4353,True,✅ hit
45,"Inspect coupling fitment, keyway, and hub condition.",D200,Inspect hub fitment,D200,Inspect hub fitment,0.7519,D85,Inspect coupling alignment,0.6441,D4,Inspect coupling condition,0.6261,D197,Inspect keyway & hub,0.6045,D115,Check coupling alignment history,0.5896,D195,Inspect coupling bolts,0.5458,D203,Check hub bore,0.515,D5,Verify motor–gearbox alignment,0.4593,D72,Check shaft alignment,0.4424,D334,Check pull-out torque margin,0.4135,True,✅ hit
48,Check earth fault relay indication and trip records.,D323,Check earth fault relay log,D211,Check earth fault relay,0.8563,D323,Check earth fault relay log,0.8203,D44,Check earth fault,0.7228,D313,Perform earth fault test,0.6914,D216,Check relay records,0.5995,D249,Check relay logs,0.5852,D263,Check protection relay,0.5699,D183,Check differential relay records,0.5484,D279,Check relay settings,0.5402,D273,Verify relay settings,0.5263,True,✅ hit
45,Review vibration history prior to failure.,D178,Review vibration history,D178,Review vibration history,0.8921,D290,Check vibration,0.6942,D164,Check vibration effect,0.6342,D74,Monitor vibration,0.6168,D1,Monitor vibration severity at DE & NDE,0.6143,D145,Monitor vibration trend,0.6087,D91,Perform vibration analysis,0.6079,D77,Monitor vibration under load,0.5966,D140,Measure vibration levels,0.5812,D187,Review maintenance history,0.5459,True,✅ hit
45,Check motor-to-driven equipment alignment.,D196,Check alignment,D72,Check shaft alignment,0.7137,D5,Verify motor–gearbox alignment,0.676,D196,Check alignment,0.5446,D85,Inspect coupling alignment,0.5102,D115,Check coupling alignment history,0.5086,D191,Inspect holder alignment,0.4649,D118,Check shaft for overload signs,0.4616,D144,Verify alignment,0.4601,D56,Check brush seating & spring tension,0.4598,D200,Inspect hub fitment,0.4574,True,✅ hit
47,Measure shaft diameter and compared with OEM tolerance.,D207,Measure shaft diameter,D207,Measure shaft diameter,0.8164,D72,Check shaft alignment,0.6993,D92,Measure shaft runout,0.6847,D82,Check shaft surface,0.6442,D202,Inspect shaft surface,0.6121,D118,Check shaft for overload signs,0.5805,D75,Inspect bearing & shaft,0.5592,D206,Inspect shaft journal,0.5584,D5,Verify motor–gearbox alignment,0.5244,D177,Inspect shaft fracture,0.4843,True,✅ hit
45,Visually inspect coupling bolts and coupling condition.,D195,Inspect coupling bolts,D195,Inspect coupling bolts,0.9256,D85,Inspect coupling alignment,0.7008,D4,Inspect coupling condition,0.6917,D115,Check coupling alignment history,0.5897,D198,Verify bolt specification,0.5573,D213,Inspect end windings,0.501,D202,Inspect shaft surface,0.493,D161,Inspect mounting,0.4883,D334,Check pull-out torque margin,0.4881,D191,Inspect holder alignment,0.4863,True,✅ hit
45,Check for overloads or shock loading history.,D199,Check overload history,D180,Check load history,0.5869,D294,Check load/speed,0.5722,D199,Check overload history,0.534,D275,Inspect mechanical load,0.5336,D226,Review temp/load history,0.5228,D219,Review voltage/load history,0.5103,D307,Check mechanical stress,0.4941,D252,Review starting/load condition,0.4844,D267,Assess load condition,0.4822,D322,Review load changes,0.4682,True,✅ hit
46,Inspect shaft surface for scoring or fretting.,D202,Inspect shaft surface,D202,Inspect shaft surface,0.788,D82,Check shaft surface,0.7472,D75,Inspect bearing & shaft,0.6913,D177,Inspect shaft fracture,0.6473,D72,Check shaft alignment,0.638,D206,Inspect shaft journal,0.6378,D92,Measure shaft runout,0.6369,D118,Check shaft for overload signs,0.5958,D179,Inspect bearings,0.5909,D207,Measure shaft diameter,0.5853,True,✅ hit
1,Monitored vibration severity at DE and NDE using vibration meter / physical assessment.,D1,Monitor vibration severity at DE & NDE,D1,Monitor vibration severity at DE & NDE,0.9307,D140,Measure vibration levels,0.7465,D91,Perform vibration analysis,0.6766,D290,Check vibration,0.6704,D164,Check vibration effect,0.667,D77,Monitor vibration under load,0.658,D74,Monitor vibration,0.6546,D145,Monitor vibration trend,0.6484,D238,Measure vibration (radial/axial),0.6475,D178,Review vibration history,0.5794,True,✅ hit
43,Check current transformer (CT) polarity and wiring integrity.,D186,Check CT polarity & wiring,D186,Check CT polarity & wiring,0.7478,D26,Check RTD wiring,0.4945,D228,Check connection tightness,0.4723,D329,Check CT polarity/ratio,0.466,D43,Inspect coil connections,0.4627,D251,Check fuses/MCC breaker,0.4535,D46,Check cable condition,0.4527,D188,Inspect internal winding,0.4454,D266,Check winding resistance/IR,0.4229,D276,Check voltage quality,0.4216,True,✅ hit
39,Inspect busbar tightness and clearances inside terminal box.,D185,Inspect terminal box,D185,Inspect terminal box,0.6082,D229,Inspect lugs/busbars,0.5512,D326,Inspect terminal box & windings,0.54,D330,Inspect stator/terminal box,0.5007,D127,Check terminal markings,0.4532,D123,Check terminal connections,0.43,D228,Check connection tightness,0.4251,D6,Check foundation bolts tightness,0.4015,D167,Check tightness,0.3638,D200,Inspect hub fitment,0.3578,True,✅ hit
39,"Visually inspect busbar insulators for cracks, tracking, or carbonization.",D166,Inspect insulators,D166,Inspect insulators,0.6738,D229,Inspect lugs/busbars,0.5943,D280,Inspect driven equipment,0.4709,D134,Inspect end-turn insulation,0.4614,D355,Inspect cooler tubes,0.4306,D264,Inspect fuses/contactors,0.412,D218,Inspect winding insulation,0.4084,D89,Inspect end shields,0.4075,D95,Inspect air passages,0.4039,D175,Inspect holders,0.3929,True,✅ hit
38,Verify parameter settings related to encoder resolution and type.,D165,Verify parameters,D160,Check encoder alarms,0.4233,D296,Check AVR/excitation system,0.2576,D165,Verify parameters,0.2271,D273,Verify relay settings,0.2201,D28,Verify signal/transmitter,0.2136,D72,Check shaft alignment,0.2117,D228,Check connection tightness,0.208,D274,Check relay/VFD settings,0.207,D279,Check relay settings,0.2045,D254,Check UV relay/VFD settings,0.2026,True,✅ hit
38,Check for mechanical vibration affecting encoder mounting.,D164,Check vibration effect,D160,Check encoder alarms,0.4577,D290,Check vibration,0.4478,D161,Inspect mounting,0.404,D34,Monitor bearing vibration,0.3982,D164,Check vibration effect,0.3975,D74,Monitor vibration,0.3968,D72,Check shaft alignment,0.3884,D77,Monitor vibration under load,0.3699,D1,Monitor vibration severity at DE & NDE,0.3684,D307,Check mechanical stress,0.3678,True,✅ hit
38,Monitor encoder feedback signals using drive diagnostics.,D163,Monitor feedback signal,D163,Monitor feedback signal,0.5854,D296,Check AVR/excitation system,0.5078,D160,Check encoder alarms,0.4875,D1,Monitor vibration severity at DE & NDE,0.4479,D280,Inspect driven equipment,0.432,D74,Monitor vibration,0.4249,D333,Monitor excitation & stator current,0.4147,D145,Monitor vibration trend,0.4138,D342,Inspect thrust pads,0.3884,D34,Monitor bearing vibration,0.3852,True,✅ hit
38,"Check encoder cable continuity, shielding, and grounding.",D46,Check cable condition,D228,Check connection tightness,0.4417,D46,Check cable condition,0.4239,D160,Check encoder alarms,0.3582,D250,Inspect cables & contactors,0.3469,D327,Check grounding system,0.3445,D296,Check AVR/excitation system,0.3224,D24,Check jacking oil pump,0.3149,D186,Check CT polarity & wiring,0.313,D38,Check mica insulation,0.2851,D258,Verify cable sizing/voltage drop,0.2824,True,✅ hit
38,Verify encoder supply voltage and signal integrity.,D162,Verify supply voltage,D276,Check voltage quality,0.5427,D160,Check encoder alarms,0.5227,D162,Verify supply voltage,0.5002,D28,Verify signal/transmitter,0.4756,D296,Check AVR/excitation system,0.4256,D253,Record terminal voltage,0.3986,D258,Verify cable sizing/voltage drop,0.3878,D311,Check excitation stability,0.3626,D46,Check cable condition,0.3613,D318,Check stator voltage & frequency,0.3492,True,✅ hit
38,Check encoder fault codes and alarm history in drive panel.,D316,Review alarm history,D160,Check encoder alarms,0.56,D255,Review drive fault history,0.435,D29,Check alarm/trip setting,0.3944,D316,Review alarm history,0.3752,D296,Check AVR/excitation system,0.3537,D323,Check earth fault relay log,0.3239,D203,Check hub bore,0.3081,D211,Check earth fault relay,0.2993,D44,Check earth fault,0.2974,D353,Check control valve,0.2933,True,✅ hit
39,Measure operating current and checked for overloading.,D131,Measure motor current,D168,Measure current,0.6031,D241,Measure current balance,0.6014,D231,Review current/load,0.5993,D278,Measure starting current,0.5874,D221,Measure current imbalance,0.5839,D131,Measure motor current,0.5721,D62,Monitor load current & temp,0.5579,D35,Check armature current/voltage,0.5538,D267,Assess load condition,0.527,D270,Check current & PF,0.5252,True,✅ hit
37,Review motor load pattern and duty cycle.,D153,Review load pattern,D159,Review load cycle,0.5724,D236,Review duty cycle,0.5553,D153,Review load pattern,0.5463,D252,Review starting/load condition,0.5149,D275,Inspect mechanical load,0.4965,D267,Assess load condition,0.4924,D231,Review current/load,0.492,D350,Review load/speed,0.4637,D120,Assess rotor balance,0.4627,D332,Review load trend,0.4395,True,✅ hit
37,Measure operating temperature using infrared thermometer.,D158,Measure temperature,D158,Measure temperature,0.7347,D97,Measure air temperature,0.624,D108,Measure temperature rise,0.599,D289,Measure bearing temp,0.5788,D285,Check temperature correction,0.5764,D19,Monitor bearing temperature,0.5716,D110,Check oil temperature,0.5489,D149,Measure brush temp,0.5439,D124,Check winding temperature,0.5432,D104,Monitor temperature rise,0.5374,True,✅ hit
37,Verify field current and compared with rated values.,D157,Verify field current,D157,Verify field current,0.7448,D270,Check current & PF,0.536,D295,Measure field voltage/current,0.5358,D301,Monitor field current,0.5349,D39,Measure field current,0.526,D317,Review excitation status & field current,0.5024,D35,Check armature current/voltage,0.4739,D312,Check field insulation,0.4655,D260,Check current imbalance,0.4652,D126,Verify field polarity,0.4643,True,✅ hit
37,Measure field and inter-pole winding resistance and compared with baseline values.,D156,Measure winding resistance,D156,Measure winding resistance,0.8022,D184,Measure winding resistance,0.8022,D223,Compare winding resistance,0.7627,D266,Check winding resistance/IR,0.6793,D225,Inspect winding condition,0.6717,D277,Check winding condition,0.6351,D124,Check winding temperature,0.6105,D121,Measure IR of interpole winding,0.605,D213,Inspect end windings,0.5996,D218,Inspect winding insulation,0.5953,True,✅ hit
37,Visually inspect field and inter-pole coils for discoloration and insulation damage.,D122,Inspect interpole coils,D315,Inspect field coils,0.7239,D122,Inspect interpole coils,0.7113,D155,Inspect coils,0.6927,D218,Inspect winding insulation,0.654,D312,Check field insulation,0.6151,D43,Inspect coil connections,0.6086,D134,Inspect end-turn insulation,0.5822,D166,Inspect insulators,0.5423,D188,Inspect internal winding,0.5173,D225,Inspect winding condition,0.5031,True,✅ hit
36,Check brush spring pressure for adequacy.,D154,Check spring pressure,D51,Brush pressure,0.7464,D67,Verify brush contact pressure,0.7238,D56,Check brush seating & spring tension,0.7081,D308,Inspect brush condition,0.6242,D50,Brush condition,0.6184,D138,Check brush movement,0.5942,D154,Check spring pressure,0.5584,D146,Check brush grade,0.5518,D150,Inspect brush surface,0.542,D60,Check brush holder material,0.528,True,✅ hit
36,Review operating load pattern for prolonged light-load operation.,D153,Review load pattern,D153,Review load pattern,0.5283,D267,Assess load condition,0.5155,D159,Review load cycle,0.4927,D231,Review current/load,0.4872,D252,Review starting/load condition,0.4753,D350,Review load/speed,0.4625,D275,Inspect mechanical load,0.4514,D294,Check load/speed,0.4249,D332,Review load trend,0.4128,D261,Check non-linear loads,0.4005,True,✅ hit
36,Inspect commutator surface condition and film formation.,D152,Inspect commutator film,D152,Inspect commutator film,0.8187,D59,Inspect commutator surface,0.7749,D37,Inspect commutator,0.6085,D65,Inspect commutator for oil traces,0.5381,D49,Commutator condition,0.5176,D63,Check commutator condition,0.5108,D42,Check commutator segments,0.4714,D53,Commutator runout,0.4488,D337,Inspect rotor/stator surface,0.4329,D86,Inspect rotor surface,0.4066,True,✅ hit
36,Measure brush current density.,D151,Measure current density,D151,Measure current density,0.7359,D149,Measure brush temp,0.6917,D308,Inspect brush condition,0.6473,D168,Measure current,0.6329,D67,Verify brush contact pressure,0.6246,D150,Inspect brush surface,0.6176,D131,Measure motor current,0.6159,D176,Inspect brush wear,0.5973,D306,Inspect brush gear,0.5932,D61,Inspect brush contact,0.5893,True,✅ hit
37,Check cooling airflow and ventilation paths.,D64,Verify cooling airflow,D125,Inspect cooling/ventilation,0.7253,D227,Check cooling,0.7224,D96,Check cooling fan operation,0.6816,D220,Inspect cooling,0.6417,D64,Verify cooling airflow,0.6399,D106,Check airflow,0.6247,D215,Check moisture/oil ingress,0.6065,D132,Inspect cooling system,0.6054,D349,Verify cooling,0.5931,D95,Inspect air passages,0.5745,True,✅ hit
39,Review ambient temperature and ventilation condition of terminal enclosure.,D125,Inspect cooling/ventilation,D125,Inspect cooling/ventilation,0.5682,D98,Check enclosure cleanliness,0.5672,D230,Check enclosure sealing,0.5163,D105,Inspect ventilation ducts,0.4518,D95,Inspect air passages,0.3844,D97,Measure air temperature,0.3779,D132,Inspect cooling system,0.3713,D287,Check space heater,0.3647,D326,Inspect terminal box & windings,0.3607,D220,Inspect cooling,0.3551,True,✅ hit
39,"Check for presence of moisture, dust, or oil contamination.",D31,Check oil contamination,D215,Check moisture/oil ingress,0.718,D31,Check oil contamination,0.5784,D76,Check lubrication oil,0.5382,D227,Check cooling,0.5235,D341,Check oil condition,0.5091,D98,Check enclosure cleanliness,0.5035,D356,Check water quality/temp,0.503,D32,Check oil heater/cooler,0.4832,D113,Check contamination,0.4824,D286,Inspect contamination,0.4824,True,✅ hit
40,Visually inspect star point connections for flash marks or insulation damage.,D170,Inspect star point,D170,Inspect star point,0.706,D134,Inspect end-turn insulation,0.4875,D166,Inspect insulators,0.4656,D218,Inspect winding insulation,0.446,D264,Inspect fuses/contactors,0.4443,D250,Inspect cables & contactors,0.439,D304,Inspect slip rings/leads,0.4332,D312,Check field insulation,0.4283,D89,Inspect end shields,0.413,D161,Inspect mounting,0.4091,True,✅ hit
43,Inspect motor terminal box and busbar connections.,D326,Inspect terminal box & windings,D326,Inspect terminal box & windings,0.6724,D330,Inspect stator/terminal box,0.5894,D185,Inspect terminal box,0.5822,D229,Inspect lugs/busbars,0.5731,D123,Check terminal connections,0.5524,D43,Inspect coil connections,0.5097,D127,Check terminal markings,0.4838,D280,Inspect driven equipment,0.4793,D87,Check fan & attachments,0.4776,D250,Inspect cables & contactors,0.4749,True,✅ hit
43,Perform winding resistance measurement for imbalance.,D184,Measure winding resistance,D156,Measure winding resistance,0.828,D184,Measure winding resistance,0.828,D223,Compare winding resistance,0.7304,D266,Check winding resistance/IR,0.7002,D225,Inspect winding condition,0.6751,D188,Inspect internal winding,0.6186,D277,Check winding condition,0.6185,D124,Check winding temperature,0.6158,D213,Inspect end windings,0.6115,D218,Inspect winding insulation,0.601,True,✅ hit
49,Inspect stator end windings and slot insulation.,D218,Inspect winding insulation,D218,Inspect winding insulation,0.796,D213,Inspect end windings,0.767,D188,Inspect internal winding,0.7435,D134,Inspect end-turn insulation,0.693,D225,Inspect winding condition,0.682,D326,Inspect terminal box & windings,0.6636,D43,Inspect coil connections,0.6497,D155,Inspect coils,0.6371,D337,Inspect rotor/stator surface,0.5925,D124,Check winding temperature,0.588,True,✅ hit
43,Check differential relay trip indication and event records.,D183,Check differential relay records,D183,Check differential relay records,0.8004,D328,Review differential relay records,0.6917,D216,Check relay records,0.6708,D249,Check relay logs,0.6317,D273,Verify relay settings,0.6121,D263,Check protection relay,0.6053,D211,Check earth fault relay,0.6021,D274,Check relay/VFD settings,0.5909,D279,Check relay settings,0.5909,D319,Analyze relay logs,0.5894,True,✅ hit
42,Review foundation condition and rigidity.,D181,Inspect foundation,D247,Review supply stability,0.5359,D181,Inspect foundation,0.5138,D242,Check foundation alignment,0.5053,D205,Review alignment history,0.4799,D322,Review load changes,0.4518,D288,Review storage condition,0.4505,D153,Review load pattern,0.4487,D6,Check foundation bolts tightness,0.4394,D187,Review maintenance history,0.4271,D252,Review starting/load condition,0.4257,True,✅ hit
42,Check load history for overloads or shock loading.,D180,Check load history,D180,Check load history,0.6238,D294,Check load/speed,0.6154,D275,Inspect mechanical load,0.5375,D199,Check overload history,0.5299,D267,Assess load condition,0.526,D78,Verify load conditions,0.5167,D219,Review voltage/load history,0.5108,D226,Review temp/load history,0.5025,D252,Review starting/load condition,0.493,D322,Review load changes,0.4788,True,✅ hit
42,Inspect bearings for abnormal wear or seizure.,D179,Inspect bearings,D179,Inspect bearings,0.7886,D240,Inspect bearing wear,0.7665,D75,Inspect bearing & shaft,0.6895,D116,Inspect bearing seating & housing,0.6132,D66,Check bearings & seals,0.6085,D88,Check bearing condition,0.6022,D348,Inspect bearing liner,0.5855,D70,Inspect bearing for displacement,0.5822,D93,Check bearing seating,0.5645,D202,Inspect shaft surface,0.5465,True,✅ hit
42,Review vibration history and trend data prior to failure.,D145,Monitor vibration trend,D178,Review vibration history,0.8309,D145,Monitor vibration trend,0.7215,D290,Check vibration,0.6576,D1,Monitor vibration severity at DE & NDE,0.6501,D91,Perform vibration analysis,0.6308,D140,Measure vibration levels,0.6249,D164,Check vibration effect,0.6164,D77,Monitor vibration under load,0.5931,D74,Monitor vibration,0.5858,D238,Measure vibration (radial/axial),0.5298,True,✅ hit
42,Check coupling condition and alignment records.,D4,Inspect coupling condition,D115,Check coupling alignment history,0.8408,D85,Inspect coupling alignment,0.7908,D4,Inspect coupling condition,0.6793,D196,Check alignment,0.6456,D144,Verify alignment,0.623,D5,Verify motor–gearbox alignment,0.5646,D72,Check shaft alignment,0.5272,D310,Verify holder alignment,0.5238,D195,Inspect coupling bolts,0.5076,D191,Inspect holder alignment,0.4935,True,✅ hit
42,Visually inspect broken shaft surface and fracture location.,D202,Inspect shaft surface,D177,Inspect shaft fracture,0.9068,D202,Inspect shaft surface,0.7676,D82,Check shaft surface,0.6738,D75,Inspect bearing & shaft,0.6627,D206,Inspect shaft journal,0.6221,D72,Check shaft alignment,0.5674,D94,Inspect for mechanical impact,0.5666,D179,Inspect bearings,0.5493,D92,Measure shaft runout,0.5399,D240,Inspect bearing wear,0.5244,True,✅ hit
41,Inspect commutator surface for burning or pitting.,D59,Inspect commutator surface,D59,Inspect commutator surface,0.645,D65,Inspect commutator for oil traces,0.5785,D152,Inspect commutator film,0.5721,D37,Inspect commutator,0.5381,D202,Inspect shaft surface,0.4732,D282,Check lubrication,0.4685,D82,Check shaft surface,0.4482,D76,Check lubrication oil,0.4322,D338,Check pitting depth,0.4288,D69,Assess lubrication practices,0.4269,True,✅ hit
41,Verify brush holder alignment and neutral axis position.,D55,Inspect brush holders alignment,D52,Brush holder alignment,0.8002,D55,Inspect brush holders alignment,0.7782,D138,Check brush movement,0.7044,D56,Check brush seating & spring tension,0.6792,D67,Verify brush contact pressure,0.6433,D150,Inspect brush surface,0.6398,D60,Check brush holder material,0.6387,D308,Inspect brush condition,0.6304,D50,Brush condition,0.6143,D51,Brush pressure,0.6072,True,✅ hit
41,"Inspect brushes for chipping, uneven wear, or overheating.",D176,Inspect brush wear,D308,Inspect brush condition,0.761,D176,Inspect brush wear,0.7561,D150,Inspect brush surface,0.7093,D61,Inspect brush contact,0.6862,D306,Inspect brush gear,0.6456,D298,Inspect slip rings/brushes,0.6337,D50,Brush condition,0.6092,D146,Check brush grade,0.6014,D60,Check brush holder material,0.6014,D55,Inspect brush holders alignment,0.5844,True,✅ hit
41,Check freedom of brush movement within holders.,D138,Check brush movement,D138,Check brush movement,0.7218,D55,Inspect brush holders alignment,0.6722,D52,Brush holder alignment,0.6352,D60,Check brush holder material,0.6309,D176,Inspect brush wear,0.6041,D50,Brush condition,0.6029,D308,Inspect brush condition,0.5941,D56,Check brush seating & spring tension,0.5938,D306,Inspect brush gear,0.5924,D61,Inspect brush contact,0.5909,True,✅ hit
40,Verify neutral earthing arrangement and earthing resistance.,D174,Verify earthing,D174,Verify earthing,0.8059,D313,Perform earth fault test,0.6104,D44,Check earth fault,0.5834,D193,Verify rotor earthing,0.5724,D327,Check grounding system,0.5212,D57,Verify neutral axis alignment,0.4594,D211,Check earth fault relay,0.447,D171,Measure IR to earth,0.4137,D323,Check earth fault relay log,0.3965,D147,Check resistivity/hardness,0.379,True,✅ hit
40,"Inspect enclosure for moisture, dust, or conductive contamination.",D98,Check enclosure cleanliness,D98,Check enclosure cleanliness,0.8416,D286,Inspect contamination,0.7046,D230,Check enclosure sealing,0.663,D113,Check contamination,0.6409,D125,Inspect cooling/ventilation,0.6017,D95,Inspect air passages,0.5838,D169,Inspect environment,0.5361,D215,Check moisture/oil ingress,0.5224,D166,Inspect insulators,0.5186,D220,Inspect cooling,0.5179,True,✅ hit
40,Review protection relay records for earth fault or overvoltage indications.,D173,Review relay records,D211,Check earth fault relay,0.7589,D323,Check earth fault relay log,0.7356,D263,Check protection relay,0.6423,D173,Review relay records,0.6319,D328,Review differential relay records,0.6008,D313,Perform earth fault test,0.5776,D44,Check earth fault,0.5716,D216,Check relay records,0.5678,D249,Check relay logs,0.5316,D273,Verify relay settings,0.5138,True,✅ hit
40,Check tightness and condition of star point joints.,D172,Check joint tightness,D172,Check joint tightness,0.6627,D170,Inspect star point,0.5451,D167,Check tightness,0.4966,D72,Check shaft alignment,0.4929,D195,Inspect coupling bolts,0.4537,D228,Check connection tightness,0.4334,D196,Check alignment,0.4319,D56,Check brush seating & spring tension,0.4295,D6,Check foundation bolts tightness,0.4254,D141,Check foundation bolts,0.4242,True,✅ hit
40,Measure insulation resistance between star point and earth.,D171,Measure IR to earth,D99,Measure insulation resistance,0.6993,D133,Check insulation resistance,0.6467,D36,Insulation resistance test,0.644,D312,Check field insulation,0.573,D68,Monitor insulation resistance,0.5476,D171,Measure IR to earth,0.49,D174,Verify earthing,0.4772,D170,Inspect star point,0.467,D134,Inspect end-turn insulation,0.4586,D217,Measure phase resistance,0.4438,True,✅ hit
43,Review recent maintenance or wiring changes.,D187,Review maintenance history,D187,Review maintenance history,0.5329,D186,Check CT polarity & wiring,0.4799,D322,Review load changes,0.4682,D194,Review starting current,0.4598,D339,Review current trends,0.4536,D231,Review current/load,0.4458,D219,Review voltage/load history,0.4444,D26,Check RTD wiring,0.4422,D209,Review installation practice,0.4339,D119,Review operational logs,0.4316,True,✅ hit
49,Check terminal box for loose or shorted connections.,D123,Check terminal connections,D123,Check terminal connections,0.6396,D228,Check connection tightness,0.6337,D299,Check connections,0.4795,D185,Inspect terminal box,0.4248,D227,Check cooling,0.4147,D326,Inspect terminal box & windings,0.4055,D24,Check jacking oil pump,0.3757,D101,Check fan supply,0.3574,D46,Check cable condition,0.3568,D96,Check cooling fan operation,0.3489,True,✅ hit
51,Measure insulation resistance phase-to-phase and phase-to-earth.,D212,Measure IR phase-to-earth,D99,Measure insulation resistance,0.7772,D36,Insulation resistance test,0.7354,D133,Check insulation resistance,0.7165,D217,Measure phase resistance,0.6667,D68,Monitor insulation resistance,0.6005,D312,Check field insulation,0.5815,D134,Inspect end-turn insulation,0.5631,D218,Inspect winding insulation,0.5146,D212,Measure IR phase-to-earth,0.507,D166,Inspect insulators,0.495,True,✅ hit
49,Inspect cooling and ventilation condition.,D220,Inspect cooling,D125,Inspect cooling/ventilation,0.9058,D220,Inspect cooling,0.7739,D132,Inspect cooling system,0.7385,D105,Inspect ventilation ducts,0.6827,D227,Check cooling,0.6609,D100,Inspect fan condition,0.66,D349,Verify cooling,0.6539,D95,Inspect air passages,0.6355,D96,Check cooling fan operation,0.6322,D64,Verify cooling airflow,0.6049,True,✅ hit
62,Record phase currents at motor terminals during operation.,D245,Measure phase currents,D245,Measure phase currents,0.6188,D131,Measure motor current,0.5742,D109,Monitor motor current,0.5576,D253,Record terminal voltage,0.4694,D217,Measure phase resistance,0.4519,D320,Inspect rotor field circuit,0.4468,D278,Measure starting current,0.4407,D326,Inspect terminal box & windings,0.4374,D333,Monitor excitation & stator current,0.4295,D206,Inspect shaft journal,0.4246,True,✅ hit
61,Inspect protection relay settings for frequency limits.,D273,Verify relay settings,D263,Check protection relay,0.7003,D279,Check relay settings,0.6707,D273,Verify relay settings,0.6405,D274,Check relay/VFD settings,0.6019,D319,Analyze relay logs,0.5522,D249,Check relay logs,0.5317,D331,Perform relay secondary test,0.5277,D254,Check UV relay/VFD settings,0.5241,D216,Check relay records,0.499,D211,Check earth fault relay,0.4844,True,✅ hit
61,Check VFD input frequency and control response (if applicable).,D272,Check VFD input,D272,Check VFD input,0.7089,D274,Check relay/VFD settings,0.5005,D318,Check stator voltage & frequency,0.4961,D296,Check AVR/excitation system,0.4684,D257,Check control supply,0.4648,D311,Check excitation stability,0.448,D164,Check vibration effect,0.4428,D290,Check vibration,0.4408,D254,Check UV relay/VFD settings,0.4207,D353,Check control valve,0.4023,True,✅ hit
61,Review grid stability and load switching events.,D271,Review grid/load events,D271,Review grid/load events,0.7344,D159,Review load cycle,0.5177,D322,Review load changes,0.502,D247,Review supply stability,0.4715,D332,Review load trend,0.4657,D231,Review current/load,0.4599,D153,Review load pattern,0.4457,D252,Review starting/load condition,0.4433,D219,Review voltage/load history,0.4373,D350,Review load/speed,0.4267,True,✅ hit
61,Check stator current and power factor under varying frequency.,D270,Check current & PF,D318,Check stator voltage & frequency,0.7523,D270,Check current & PF,0.5658,D333,Monitor excitation & stator current,0.555,D268,Measure supply frequency,0.5028,D277,Check winding condition,0.4646,D157,Verify field current,0.4584,D241,Measure current balance,0.4478,D266,Check winding resistance/IR,0.4406,D35,Check armature current/voltage,0.4382,D62,Monitor load current & temp,0.4333,True,✅ hit
61,Correlate motor speed variation with frequency fluctuation.,D269,Correlate speed variation,D269,Correlate speed variation,0.7209,D131,Measure motor current,0.4624,D109,Monitor motor current,0.4339,D145,Monitor vibration trend,0.4221,D294,Check load/speed,0.4063,D343,Measure axial movement,0.3964,D164,Check vibration effect,0.3964,D120,Assess rotor balance,0.3943,D5,Verify motor–gearbox alignment,0.3923,D281,Check rotor movement,0.3848,True,✅ hit
61,Measure supply frequency continuously using power quality analyzer.,D268,Measure supply frequency,D268,Measure supply frequency,0.7521,D318,Check stator voltage & frequency,0.5849,D276,Check voltage quality,0.5259,D333,Monitor excitation & stator current,0.4537,D241,Measure current balance,0.4527,D62,Monitor load current & temp,0.4483,D257,Check control supply,0.4274,D278,Measure starting current,0.4172,D219,Review voltage/load history,0.4131,D262,Measure voltage/current,0.4091,True,✅ hit
60,Assess load condition at the time of event.,D267,Assess load condition,D267,Assess load condition,0.8394,D78,Verify load conditions,0.7033,D294,Check load/speed,0.6448,D261,Check non-linear loads,0.6053,D275,Inspect mechanical load,0.5787,D180,Check load history,0.5279,D252,Review starting/load condition,0.5271,D62,Monitor load current & temp,0.5034,D271,Review grid/load events,0.4978,D77,Monitor vibration under load,0.4869,True,✅ hit
60,Check stator winding resistance and insulation resistance.,D266,Check winding resistance/IR,D218,Inspect winding insulation,0.7841,D266,Check winding resistance/IR,0.7014,D133,Check insulation resistance,0.6848,D225,Inspect winding condition,0.6739,D223,Compare winding resistance,0.6667,D124,Check winding temperature,0.6654,D156,Measure winding resistance,0.6378,D184,Measure winding resistance,0.6378,D36,Insulation resistance test,0.6352,D277,Check winding condition,0.6346,True,✅ hit
62,Check overload relay or VFD over-current trip settings.,D274,Check relay/VFD settings,D279,Check relay settings,0.515,D274,Check relay/VFD settings,0.4487,D29,Check alarm/trip setting,0.4185,D211,Check earth fault relay,0.3975,D263,Check protection relay,0.3708,D273,Verify relay settings,0.3687,D323,Check earth fault relay log,0.3523,D331,Perform relay secondary test,0.3421,D228,Check connection tightness,0.3401,D254,Check UV relay/VFD settings,0.3383,True,✅ hit
60,Review protection relay event logs.,D265,Review event logs,D249,Check relay logs,0.7332,D319,Analyze relay logs,0.7318,D263,Check protection relay,0.7107,D173,Review relay records,0.6869,D265,Review event logs,0.6807,D323,Check earth fault relay log,0.6015,D119,Review operational logs,0.5791,D216,Check relay records,0.5778,D279,Check relay settings,0.5606,D328,Review differential relay records,0.5452,True,✅ hit
60,Checked overload relay and phase failure protection response.,D263,Check protection relay,D263,Check protection relay,0.7176,D279,Check relay settings,0.6354,D331,Perform relay secondary test,0.6096,D273,Verify relay settings,0.598,D211,Check earth fault relay,0.5812,D274,Check relay/VFD settings,0.5293,D323,Check earth fault relay log,0.5227,D249,Check relay logs,0.519,D216,Check relay records,0.4969,D319,Analyze relay logs,0.4826,True,✅ hit
60,Measure phase voltages and currents at motor terminals during operation.,D262,Measure voltage/current,D131,Measure motor current,0.6958,D245,Measure phase currents,0.6524,D109,Monitor motor current,0.61,D262,Measure voltage/current,0.5995,D243,Measure terminal voltage,0.5948,D217,Measure phase resistance,0.5592,D248,Measure line voltages,0.5237,D295,Measure field voltage/current,0.5127,D278,Measure starting current,0.5045,D318,Check stator voltage & frequency,0.4875,True,✅ hit
59,Check grounding and earthing continuity.,D327,Check grounding system,D174,Verify earthing,0.7388,D327,Check grounding system,0.6582,D44,Check earth fault,0.5401,D193,Verify rotor earthing,0.5398,D313,Perform earth fault test,0.52,D324,Measure IR to ground,0.416,D211,Check earth fault relay,0.3831,D215,Check moisture/oil ingress,0.3439,D24,Check jacking oil pump,0.3402,D323,Check earth fault relay log,0.3396,True,✅ hit
59,Review presence of non-linear loads such as VFDs and rectifiers on the same bus.,D261,Check non-linear loads,D261,Check non-linear loads,0.5396,D231,Review current/load,0.4411,D267,Assess load condition,0.4289,D159,Review load cycle,0.4123,D252,Review starting/load condition,0.409,D350,Review load/speed,0.4043,D322,Review load changes,0.3989,D153,Review load pattern,0.398,D219,Review voltage/load history,0.3919,D78,Verify load conditions,0.3546,True,✅ hit
59,Monitor motor temperature rise under steady load.,D114,Monitor temp rise under load,D104,Monitor temperature rise,0.7411,D108,Measure temperature rise,0.6986,D114,Monitor temp rise under load,0.6788,D62,Monitor load current & temp,0.6645,D19,Monitor bearing temperature,0.6363,D314,Monitor temp trend,0.5941,D109,Monitor motor current,0.5863,D340,Monitor thrust bearing temp,0.5744,D158,Measure temperature,0.5655,D289,Measure bearing temp,0.5568,True,✅ hit
59,Check motor current imbalance and neutral current levels.,D221,Measure current imbalance,D109,Monitor motor current,0.593,D131,Measure motor current,0.5897,D260,Check current imbalance,0.5746,D221,Measure current imbalance,0.5121,D120,Assess rotor balance,0.4822,D281,Check rotor movement,0.4781,D3,Check rotor free movement,0.4712,D321,Check cooling & rotor temp,0.4692,D320,Inspect rotor field circuit,0.4683,D101,Check fan supply,0.4682,True,✅ hit
59,"Record harmonic spectrum (5th, 7th, 11th, 13th orders).",D259,Record harmonic spectrum,D259,Record harmonic spectrum,0.7194,D117,Vibration spectrum (1X peak),0.3847,D318,Check stator voltage & frequency,0.2717,D253,Record terminal voltage,0.2651,D140,Measure vibration levels,0.2456,D178,Review vibration history,0.2398,D309,Check collector ring,0.207,D238,Measure vibration (radial/axial),0.2027,D128,Observe commutation,0.2008,D212,Measure IR phase-to-earth,0.1986,True,✅ hit
58,Verify cable sizing and voltage drop under load.,D258,Verify cable sizing/voltage drop,D258,Verify cable sizing/voltage drop,0.9076,D46,Check cable condition,0.6553,D276,Check voltage quality,0.5103,D162,Verify supply voltage,0.5029,D250,Inspect cables & contactors,0.49,D228,Check connection tightness,0.4833,D219,Review voltage/load history,0.4452,D248,Measure line voltages,0.4352,D133,Check insulation resistance,0.4175,D325,Perform leakage/step voltage test,0.4156,True,✅ hit
58,Check control power supply and auxiliary transformers.,D257,Check control supply,D257,Check control supply,0.522,D227,Check cooling,0.5215,D96,Check cooling fan operation,0.4659,D101,Check fan supply,0.4648,D24,Check jacking oil pump,0.4587,D353,Check control valve,0.4519,D228,Check connection tightness,0.4481,D215,Check moisture/oil ingress,0.4043,D32,Check oil heater/cooler,0.4043,D251,Check fuses/MCC breaker,0.3805,True,✅ hit
60,"Inspect fuses, MCC contactors, and power cables.",D264,Inspect fuses/contactors,D251,Check fuses/MCC breaker,0.7571,D264,Inspect fuses/contactors,0.7543,D250,Inspect cables & contactors,0.7246,D43,Inspect coil connections,0.553,D103,Inspect fan blades,0.4881,D155,Inspect coils,0.4833,D46,Check cable condition,0.4817,D280,Inspect driven equipment,0.4778,D220,Inspect cooling,0.4668,D161,Inspect mounting,0.4629,True,✅ hit
58,Inspect incoming power supply stability and feeder health.,D256,Inspect incoming feeder,D256,Inspect incoming feeder,0.5807,D247,Review supply stability,0.515,D257,Check control supply,0.4763,D219,Review voltage/load history,0.4629,D246,Inspect upstream system,0.4541,D220,Inspect cooling,0.4246,D132,Inspect cooling system,0.4108,D327,Check grounding system,0.4034,D125,Inspect cooling/ventilation,0.3986,D275,Inspect mechanical load,0.3858,True,✅ hit
62,Review protection relay event logs.,D319,Analyze relay logs,D249,Check relay logs,0.7332,D319,Analyze relay logs,0.7318,D263,Check protection relay,0.7107,D173,Review relay records,0.6869,D265,Review event logs,0.6807,D323,Check earth fault relay log,0.6015,D119,Review operational logs,0.5791,D216,Check relay records,0.5778,D279,Check relay settings,0.5606,D328,Review differential relay records,0.5452,True,✅ hit
62,Check supply voltage balance and quality.,D276,Check voltage quality,D276,Check voltage quality,0.7199,D162,Verify supply voltage,0.5967,D219,Review voltage/load history,0.522,D228,Check connection tightness,0.473,D227,Check cooling,0.4576,D257,Check control supply,0.4563,D101,Check fan supply,0.4555,D325,Perform leakage/step voltage test,0.4434,D247,Review supply stability,0.4115,D258,Verify cable sizing/voltage drop,0.3995,True,✅ hit
66,Inspect slip rings and brushes for continuity.,D298,Inspect slip rings/brushes,D298,Inspect slip rings/brushes,0.8468,D189,Inspect slip rings,0.7291,D304,Inspect slip rings/leads,0.689,D306,Inspect brush gear,0.5814,D55,Inspect brush holders alignment,0.5704,D60,Check brush holder material,0.5697,D176,Inspect brush wear,0.5595,D138,Check brush movement,0.5539,D308,Inspect brush condition,0.5427,D61,Inspect brush contact,0.5246,True,✅ hit
66,Measure field winding resistance using micro-ohmmeter.,D297,Measure field resistance,D156,Measure winding resistance,0.8332,D184,Measure winding resistance,0.8332,D223,Compare winding resistance,0.711,D266,Check winding resistance/IR,0.6999,D297,Measure field resistance,0.6521,D225,Inspect winding condition,0.6091,D218,Inspect winding insulation,0.5762,D277,Check winding condition,0.5751,D124,Check winding temperature,0.575,D188,Inspect internal winding,0.5702,True,✅ hit
66,Check excitation system and AVR status.,D296,Check AVR/excitation system,D296,Check AVR/excitation system,0.8921,D311,Check excitation stability,0.5286,D317,Review excitation status & field current,0.4436,D333,Monitor excitation & stator current,0.4044,D227,Check cooling,0.3955,D321,Check cooling & rotor temp,0.3922,D96,Check cooling fan operation,0.3899,D106,Check airflow,0.3891,D234,Check starting performance,0.3814,D237,Check rotor cooling,0.3778,True,✅ hit
66,Measure field voltage and current at slip rings / excitation terminals.,D295,Measure field voltage/current,D295,Measure field voltage/current,0.7124,D39,Measure field current,0.6143,D189,Inspect slip rings,0.5716,D262,Measure voltage/current,0.5655,D243,Measure terminal voltage,0.5617,D304,Inspect slip rings/leads,0.5407,D168,Measure current,0.5381,D248,Measure line voltages,0.5222,D315,Inspect field coils,0.5103,D245,Measure phase currents,0.4912,True,✅ hit
65,Check motor load and speed conditions.,D294,Check load/speed,D294,Check load/speed,0.6931,D275,Inspect mechanical load,0.5902,D307,Check mechanical stress,0.5827,D321,Check cooling & rotor temp,0.58,D281,Check rotor movement,0.5611,D73,Check lubrication condition,0.5509,D237,Check rotor cooling,0.5452,D3,Check rotor free movement,0.5374,D344,Verify thrust load,0.5371,D282,Check lubrication,0.5326,True,✅ hit
65,Verify grease type compatibility with bearing specification.,D293,Verify grease type,D293,Verify grease type,0.7046,D7,Check lubrication & grease condition,0.6297,D361,Inspect lubrication/grease,0.6,D88,Check bearing condition,0.5655,D75,Inspect bearing & shaft,0.5524,D33,Check bearing clearance,0.5377,D240,Inspect bearing wear,0.5374,D348,Inspect bearing liner,0.5317,D8,Check bearing oil pressure gauge,0.5307,D179,Inspect bearings,0.53,True,✅ hit
65,Review lubrication history and quantity of grease applied.,D292,Review lubrication history,D361,Inspect lubrication/grease,0.8424,D7,Check lubrication & grease condition,0.8134,D292,Review lubrication history,0.802,D69,Assess lubrication practices,0.7236,D345,Review lubrication system,0.7019,D76,Check lubrication oil,0.6852,D293,Verify grease type,0.6786,D14,Check lubrication oil pressure,0.6557,D282,Check lubrication,0.6476,D210,Verify lubrication condition,0.6441,True,✅ hit
65,Inspect grease relief ports and seals.,D291,Inspect grease seals,D291,Inspect grease seals,0.8555,D361,Inspect lubrication/grease,0.721,D7,Check lubrication & grease condition,0.6889,D76,Check lubrication oil,0.619,D22,Inspect oil lines/orifices,0.6086,D20,Inspect lubrication pump,0.5777,D14,Check lubrication oil pressure,0.5768,D31,Check oil contamination,0.5674,D66,Check bearings & seals,0.5662,D282,Check lubrication,0.5582,True,✅ hit
65,Check vibration levels and bearing defect frequencies.,D290,Check vibration,D290,Check vibration,0.7345,D179,Inspect bearings,0.7015,D88,Check bearing condition,0.695,D140,Measure vibration levels,0.6792,D240,Inspect bearing wear,0.6759,D164,Check vibration effect,0.6739,D75,Inspect bearing & shaft,0.6727,D91,Perform vibration analysis,0.6539,D34,Monitor bearing vibration,0.651,D70,Inspect bearing for displacement,0.6415,True,✅ hit
62,Inspect motor load condition and mechanical resistance.,D275,Inspect mechanical load,D275,Inspect mechanical load,0.7469,D307,Check mechanical stress,0.6378,D267,Assess load condition,0.5822,D294,Check load/speed,0.5698,D202,Inspect shaft surface,0.5575,D75,Inspect bearing & shaft,0.5433,D131,Measure motor current,0.5428,D233,Inspect rotor,0.5381,D206,Inspect shaft journal,0.5305,D280,Inspect driven equipment,0.5277,True,✅ hit
65,Measure bearing temperatures at DE and NDE.,D289,Measure bearing temp,D289,Measure bearing temp,0.8083,D19,Monitor bearing temperature,0.7447,D358,Measure bearing temp (RTD),0.715,D2,Monitor bearing temperature using RTD,0.6343,D158,Measure temperature,0.6181,D88,Check bearing condition,0.5888,D340,Monitor thrust bearing temp,0.588,D346,Monitor bearing temp/vibration,0.5751,D1,Monitor vibration severity at DE & NDE,0.551,D70,Inspect bearing for displacement,0.551,True,✅ hit
64,Check space heater operation and enclosure sealing.,D287,Check space heater,D287,Check space heater,0.7041,D230,Check enclosure sealing,0.633,D98,Check enclosure cleanliness,0.55,D38,Check mica insulation,0.5228,D227,Check cooling,0.5139,D32,Check oil heater/cooler,0.4757,D215,Check moisture/oil ingress,0.4527,D96,Check cooling fan operation,0.4392,D303,Review thermal history,0.4379,D228,Check connection tightness,0.4378,True,✅ hit
64,"Inspect terminal box for moisture, dust, or contamination.",D185,Inspect terminal box,D185,Inspect terminal box,0.6237,D98,Check enclosure cleanliness,0.5977,D215,Check moisture/oil ingress,0.5876,D286,Inspect contamination,0.5743,D326,Inspect terminal box & windings,0.5654,D113,Check contamination,0.5395,D330,Inspect stator/terminal box,0.5137,D95,Inspect air passages,0.5057,D125,Inspect cooling/ventilation,0.4949,D227,Check cooling,0.4935,True,✅ hit
64,Check winding temperature and corrected IR to 40°C reference.,D124,Check winding temperature,D124,Check winding temperature,0.6736,D266,Check winding resistance/IR,0.6354,D47,Field winding IR,0.6078,D121,Measure IR of interpole winding,0.5682,D225,Inspect winding condition,0.5558,D218,Inspect winding insulation,0.5282,D188,Inspect internal winding,0.5211,D277,Check winding condition,0.5153,D321,Check cooling & rotor temp,0.4838,D213,Inspect end windings,0.4799,True,✅ hit
64,Measure Polarization Index (PI) values (10 min / 1 min).,D45,PI test,D284,Measure PI value,0.5881,D329,Check CT polarity/ratio,0.5531,D45,PI test,0.5361,D300,Measure IR & PI,0.5248,D126,Verify field polarity,0.4587,D245,Measure phase currents,0.4245,D217,Measure phase resistance,0.4116,D129,Check interpole polarity,0.4074,D212,Measure IR phase-to-earth,0.3888,D186,Check CT polarity & wiring,0.3696,True,✅ hit
63,Check bearings and lubrication condition.,D282,Check lubrication,D282,Check lubrication,0.8244,D73,Check lubrication condition,0.8069,D76,Check lubrication oil,0.7852,D7,Check lubrication & grease condition,0.7617,D210,Verify lubrication condition,0.7428,D14,Check lubrication oil pressure,0.7287,D179,Inspect bearings,0.721,D361,Inspect lubrication/grease,0.6821,D75,Inspect bearing & shaft,0.6773,D88,Check bearing condition,0.6682,True,✅ hit
63,Manually rotate motor shaft to check free movement.,D281,Check rotor movement,D3,Check rotor free movement,0.7029,D281,Check rotor movement,0.6342,D72,Check shaft alignment,0.5644,D82,Check shaft surface,0.5598,D75,Inspect bearing & shaft,0.5573,D202,Inspect shaft surface,0.5528,D233,Inspect rotor,0.5312,D206,Inspect shaft journal,0.5066,D343,Measure axial movement,0.4883,D179,Inspect bearings,0.4845,True,✅ hit
63,Inspect driven equipment for mechanical jamming.,D280,Inspect driven equipment,D280,Inspect driven equipment,0.7257,D94,Inspect for mechanical impact,0.5424,D275,Inspect mechanical load,0.5124,D179,Inspect bearings,0.5078,D206,Inspect shaft journal,0.4846,D202,Inspect shaft surface,0.4784,D306,Inspect brush gear,0.4705,D75,Inspect bearing & shaft,0.4594,D66,Check bearings & seals,0.4473,D233,Inspect rotor,0.4235,True,✅ hit
63,Measure starting current and acceleration time.,D278,Measure starting current,D278,Measure starting current,0.7747,D168,Measure current,0.6184,D131,Measure motor current,0.5828,D241,Measure current balance,0.5645,D262,Measure voltage/current,0.5254,D109,Monitor motor current,0.5078,D234,Check starting performance,0.4977,D35,Check armature current/voltage,0.4842,D39,Measure field current,0.4825,D221,Measure current imbalance,0.4753,True,✅ hit
62,Measure stator winding resistance and insulation resistance.,D156,Measure winding resistance,D156,Measure winding resistance,0.8069,D184,Measure winding resistance,0.8069,D218,Inspect winding insulation,0.7753,D223,Compare winding resistance,0.7464,D99,Measure insulation resistance,0.7366,D36,Insulation resistance test,0.6923,D266,Check winding resistance/IR,0.6911,D133,Check insulation resistance,0.6835,D124,Check winding temperature,0.6348,D225,Inspect winding condition,0.6196,True,✅ hit
64,Review motor idle period and storage conditions.,D288,Review storage condition,D109,Monitor motor current,0.469,D288,Review storage condition,0.4606,D131,Measure motor current,0.4261,D252,Review starting/load condition,0.4039,D7,Check lubrication & grease condition,0.4014,D73,Check lubrication condition,0.4,D282,Check lubrication,0.3989,D321,Check cooling & rotor temp,0.3928,D234,Check starting performance,0.3898,D84,Check rotor runout,0.3871,True,✅ hit
49,"Review recent overload, voltage imbalance, or switching events.",D219,Review voltage/load history,D219,Review voltage/load history,0.5949,D221,Measure current imbalance,0.5168,D260,Check current imbalance,0.4677,D276,Check voltage quality,0.4127,D231,Review current/load,0.4119,D241,Measure current balance,0.3724,D332,Review load trend,0.3713,D271,Review grid/load events,0.3573,D322,Review load changes,0.3492,D253,Record terminal voltage,0.3469,True,✅ hit
58,Review drive fault history and time-stamped alarms.,D255,Review drive fault history,D255,Review drive fault history,0.8234,D316,Review alarm history,0.6687,D214,Review operating history,0.5796,D187,Review maintenance history,0.5665,D226,Review temp/load history,0.4806,D265,Review event logs,0.4628,D119,Review operational logs,0.4343,D29,Check alarm/trip setting,0.4162,D236,Review duty cycle,0.4151,D206,Inspect shaft journal,0.4146,True,✅ hit
58,Record supply voltage at motor terminals during trip event.,D253,Record terminal voltage,D253,Record terminal voltage,0.6962,D243,Measure terminal voltage,0.5424,D219,Review voltage/load history,0.4686,D109,Monitor motor current,0.4658,D162,Verify supply voltage,0.4477,D248,Measure line voltages,0.4342,D262,Measure voltage/current,0.4304,D131,Measure motor current,0.4176,D295,Measure field voltage/current,0.3912,D276,Check voltage quality,0.3632,True,✅ hit
53,Perform vibration analysis focusing on slip-related frequencies.,D91,Perform vibration analysis,D91,Perform vibration analysis,0.7095,D164,Check vibration effect,0.619,D189,Inspect slip rings,0.6043,D290,Check vibration,0.5944,D83,Conduct vibration analysis,0.591,D238,Measure vibration (radial/axial),0.569,D145,Monitor vibration trend,0.5607,D140,Measure vibration levels,0.5551,D298,Inspect slip rings/brushes,0.5473,D74,Monitor vibration,0.5415,True,✅ hit
53,Measure stator phase currents and checked for imbalance.,D245,Measure phase currents,D245,Measure phase currents,0.723,D221,Measure current imbalance,0.7183,D260,Check current imbalance,0.6669,D241,Measure current balance,0.6435,D217,Measure phase resistance,0.6295,D318,Check stator voltage & frequency,0.5516,D333,Monitor excitation & stator current,0.5152,D168,Measure current,0.4948,D278,Measure starting current,0.4821,D131,Measure motor current,0.4586,True,✅ hit
52,Review load history for frequent starts or overloads.,D180,Check load history,D226,Review temp/load history,0.7272,D332,Review load trend,0.7256,D180,Check load history,0.7153,D252,Review starting/load condition,0.6941,D159,Review load cycle,0.6899,D153,Review load pattern,0.6875,D199,Check overload history,0.674,D322,Review load changes,0.6502,D231,Review current/load,0.6244,D350,Review load/speed,0.6243,True,✅ hit
52,Check starting performance and acceleration time.,D234,Check starting performance,D234,Check starting performance,0.7438,D294,Check load/speed,0.5667,D227,Check cooling,0.476,D252,Review starting/load condition,0.4596,D350,Review load/speed,0.4402,D321,Check cooling & rotor temp,0.3982,D344,Verify thrust load,0.3965,D307,Check mechanical stress,0.389,D237,Check rotor cooling,0.377,D290,Check vibration,0.3726,True,✅ hit
52,Inspect rotor visually during shutdown where possible.,D233,Inspect rotor,D233,Inspect rotor,0.8263,D235,Inspect rotor during overhaul,0.7931,D86,Inspect rotor surface,0.7876,D302,Inspect rotor poles,0.7456,D337,Inspect rotor/stator surface,0.7385,D320,Inspect rotor field circuit,0.7088,D84,Check rotor runout,0.6904,D281,Check rotor movement,0.6849,D237,Check rotor cooling,0.6532,D3,Check rotor free movement,0.6325,True,✅ hit
52,Conduct motor current signature analysis (MCSA).,D232,Conduct MCSA,D131,Measure motor current,0.6018,D109,Monitor motor current,0.531,D232,Conduct MCSA,0.4648,D270,Check current & PF,0.4149,D168,Measure current,0.4068,D278,Measure starting current,0.4008,D83,Conduct vibration analysis,0.3972,D251,Check fuses/MCC breaker,0.3853,D192,Check rotor circuit resistance,0.3738,D118,Check shaft for overload signs,0.3736,True,✅ hit
52,Perform vibration analysis focusing on twice slip frequency.,D91,Perform vibration analysis,D91,Perform vibration analysis,0.7125,D164,Check vibration effect,0.6391,D290,Check vibration,0.5954,D238,Measure vibration (radial/axial),0.5906,D145,Monitor vibration trend,0.5723,D83,Conduct vibration analysis,0.5713,D140,Measure vibration levels,0.5612,D74,Monitor vibration,0.558,D77,Monitor vibration under load,0.5359,D34,Monitor bearing vibration,0.5328,True,✅ hit
52,Measure stator phase currents and checked for imbalance.,D245,Measure phase currents,D245,Measure phase currents,0.723,D221,Measure current imbalance,0.7183,D260,Check current imbalance,0.6669,D241,Measure current balance,0.6435,D217,Measure phase resistance,0.6295,D318,Check stator voltage & frequency,0.5516,D333,Monitor excitation & stator current,0.5152,D168,Measure current,0.4948,D278,Measure starting current,0.4821,D131,Measure motor current,0.4586,True,✅ hit
51,Check operating current and recent overload events.,D231,Review current/load,D199,Check overload history,0.6757,D180,Check load history,0.5851,D226,Review temp/load history,0.48,D294,Check load/speed,0.4357,D234,Check starting performance,0.4315,D118,Check shaft for overload signs,0.4302,D231,Review current/load,0.4268,D214,Review operating history,0.4245,D260,Check current imbalance,0.4244,D219,Review voltage/load history,0.4229,True,✅ hit
53,Conduct motor current signature analysis (MCSA).,D232,Conduct MCSA,D131,Measure motor current,0.6018,D109,Monitor motor current,0.531,D232,Conduct MCSA,0.4648,D270,Check current & PF,0.4149,D168,Measure current,0.4068,D278,Measure starting current,0.4008,D83,Conduct vibration analysis,0.3972,D251,Check fuses/MCC breaker,0.3853,D192,Check rotor circuit resistance,0.3738,D118,Check shaft for overload signs,0.3736,True,✅ hit
51,"Review enclosure sealing for dust, moisture, or oil ingress.",D230,Check enclosure sealing,D230,Check enclosure sealing,0.7022,D98,Check enclosure cleanliness,0.5774,D215,Check moisture/oil ingress,0.5029,D291,Inspect grease seals,0.453,D125,Inspect cooling/ventilation,0.3924,D336,Inspect air gap,0.3738,D95,Inspect air passages,0.3728,D66,Check bearings & seals,0.3678,D105,Inspect ventilation ducts,0.3482,D38,Check mica insulation,0.3459,True,✅ hit
51,Check tightness and condition of terminal connections.,D228,Check connection tightness,D228,Check connection tightness,0.7342,D123,Check terminal connections,0.6787,D326,Inspect terminal box & windings,0.542,D185,Inspect terminal box,0.5374,D127,Check terminal markings,0.4579,D299,Check connections,0.452,D227,Check cooling,0.4272,D330,Inspect stator/terminal box,0.4202,D46,Check cable condition,0.41,D6,Check foundation bolts tightness,0.396,True,✅ hit
36,Check brush grade suitability for load and speed conditions.,D146,Check brush grade,D146,Check brush grade,0.735,D50,Brush condition,0.6944,D308,Inspect brush condition,0.6753,D306,Inspect brush gear,0.6516,D176,Inspect brush wear,0.6337,D51,Brush pressure,0.6211,D60,Check brush holder material,0.6199,D138,Check brush movement,0.5973,D150,Inspect brush surface,0.5914,D67,Verify brush contact pressure,0.5867,True,✅ hit
51,Visually inspect terminal box for flash marks and insulation damage.,D185,Inspect terminal box,D185,Inspect terminal box,0.6331,D326,Inspect terminal box & windings,0.576,D330,Inspect stator/terminal box,0.5331,D127,Check terminal markings,0.5136,D134,Inspect end-turn insulation,0.5024,D166,Inspect insulators,0.4792,D312,Check field insulation,0.4557,D89,Inspect end shields,0.4284,D218,Inspect winding insulation,0.4271,D250,Inspect cables & contactors,0.4258,True,✅ hit
50,Check ventilation and cooling condition.,D227,Check cooling,D125,Inspect cooling/ventilation,0.7364,D227,Check cooling,0.7306,D96,Check cooling fan operation,0.644,D220,Inspect cooling,0.6382,D215,Check moisture/oil ingress,0.6348,D132,Inspect cooling system,0.5869,D349,Verify cooling,0.5851,D100,Inspect fan condition,0.5568,D105,Inspect ventilation ducts,0.5437,D64,Verify cooling airflow,0.5287,True,✅ hit
50,Review operating temperature and load history.,D226,Review temp/load history,D226,Review temp/load history,0.7616,D303,Review thermal history,0.603,D219,Review voltage/load history,0.5722,D252,Review starting/load condition,0.5695,D130,Review temperature trend,0.5474,D62,Monitor load current & temp,0.5294,D267,Assess load condition,0.5229,D220,Inspect cooling,0.5144,D321,Check cooling & rotor temp,0.5124,D132,Inspect cooling system,0.5102,True,✅ hit
50,Inspect stator end windings for insulation damage or discoloration.,D225,Inspect winding condition,D218,Inspect winding insulation,0.8195,D213,Inspect end windings,0.7537,D188,Inspect internal winding,0.7298,D134,Inspect end-turn insulation,0.7142,D225,Inspect winding condition,0.7059,D124,Check winding temperature,0.6098,D155,Inspect coils,0.6005,D266,Check winding resistance/IR,0.5982,D43,Inspect coil connections,0.5881,D326,Inspect terminal box & windings,0.5876,True,✅ hit
50,Carry out surge comparison test on stator winding.,D224,Conduct surge test,D225,Inspect winding condition,0.6755,D224,Conduct surge test,0.6521,D277,Check winding condition,0.6436,D218,Inspect winding insulation,0.6279,D188,Inspect internal winding,0.6049,D213,Inspect end windings,0.6041,D266,Check winding resistance/IR,0.5771,D223,Compare winding resistance,0.5744,D124,Check winding temperature,0.5568,D156,Measure winding resistance,0.5514,True,✅ hit
50,Conduct winding resistance comparison between phases.,D223,Compare winding resistance,D223,Compare winding resistance,0.7625,D156,Measure winding resistance,0.6459,D184,Measure winding resistance,0.6459,D266,Check winding resistance/IR,0.5798,D217,Measure phase resistance,0.5589,D218,Inspect winding insulation,0.5474,D225,Inspect winding condition,0.5393,D124,Check winding temperature,0.5304,D277,Check winding condition,0.5269,D188,Inspect internal winding,0.4623,True,✅ hit
50,Measure phase currents and checked for imbalance.,D221,Measure current imbalance,D245,Measure phase currents,0.7841,D221,Measure current imbalance,0.7194,D217,Measure phase resistance,0.6967,D260,Check current imbalance,0.6566,D241,Measure current balance,0.6529,D168,Measure current,0.5055,D278,Measure starting current,0.4823,D262,Measure voltage/current,0.4511,D120,Assess rotor balance,0.4489,D212,Measure IR phase-to-earth,0.4446,True,✅ hit
51,"Inspect cable lugs, busbars, and insulating sleeves.",D229,Inspect lugs/busbars,D229,Inspect lugs/busbars,0.7158,D250,Inspect cables & contactors,0.6909,D280,Inspect driven equipment,0.6095,D166,Inspect insulators,0.599,D134,Inspect end-turn insulation,0.5787,D218,Inspect winding insulation,0.5483,D155,Inspect coils,0.5432,D46,Check cable condition,0.5367,D264,Inspect fuses/contactors,0.5337,D275,Inspect mechanical load,0.5335,True,✅ hit
58,Check under-voltage relay or VFD protection settings.,D254,Check UV relay/VFD settings,D279,Check relay settings,0.5632,D274,Check relay/VFD settings,0.5139,D263,Check protection relay,0.4746,D254,Check UV relay/VFD settings,0.4242,D228,Check connection tightness,0.3996,D211,Check earth fault relay,0.3924,D273,Verify relay settings,0.3839,D249,Check relay logs,0.3639,D331,Perform relay secondary test,0.3622,D323,Check earth fault relay log,0.3557,True,✅ hit
53,Inspect rotor visually during overhaul.,D233,Inspect rotor,D235,Inspect rotor during overhaul,0.9579,D233,Inspect rotor,0.8753,D86,Inspect rotor surface,0.815,D302,Inspect rotor poles,0.7702,D337,Inspect rotor/stator surface,0.742,D320,Inspect rotor field circuit,0.6944,D281,Check rotor movement,0.6785,D84,Check rotor runout,0.6638,D120,Assess rotor balance,0.6488,D3,Check rotor free movement,0.6199,True,✅ hit
53,Check rotor temperature and cooling condition.,D321,Check cooling & rotor temp,D321,Check cooling & rotor temp,0.8959,D237,Check rotor cooling,0.8852,D233,Inspect rotor,0.701,D281,Check rotor movement,0.6849,D86,Inspect rotor surface,0.6694,D96,Check cooling fan operation,0.664,D227,Check cooling,0.6635,D3,Check rotor free movement,0.6582,D84,Check rotor runout,0.6507,D337,Inspect rotor/stator surface,0.638,True,✅ hit
57,Review motor starting sequence and load condition.,D252,Review starting/load condition,D252,Review starting/load condition,0.752,D234,Check starting performance,0.5386,D194,Review starting current,0.5313,D159,Review load cycle,0.4852,D267,Assess load condition,0.4642,D231,Review current/load,0.4639,D5,Verify motor–gearbox alignment,0.4552,D294,Check load/speed,0.4536,D350,Review load/speed,0.45,D275,Inspect mechanical load,0.4491,True,✅ hit
57,Check fuses and MCC breaker status.,D251,Check fuses/MCC breaker,D251,Check fuses/MCC breaker,0.8661,D264,Inspect fuses/contactors,0.5162,D101,Check fan supply,0.4667,D227,Check cooling,0.456,D96,Check cooling fan operation,0.439,D24,Check jacking oil pump,0.4231,D186,Check CT polarity & wiring,0.4219,D26,Check RTD wiring,0.3974,D32,Check oil heater/cooler,0.395,D353,Check control valve,0.393,True,✅ hit
57,"Inspect power cables, terminal box, and contactors.",D250,Inspect cables & contactors,D250,Inspect cables & contactors,0.752,D326,Inspect terminal box & windings,0.5986,D264,Inspect fuses/contactors,0.5966,D185,Inspect terminal box,0.5804,D123,Check terminal connections,0.5739,D330,Inspect stator/terminal box,0.5567,D43,Inspect coil connections,0.5273,D46,Check cable condition,0.4965,D257,Check control supply,0.4676,D228,Check connection tightness,0.4601,True,✅ hit
57,Check protection relay logs for phase failure indication.,D249,Check relay logs,D263,Check protection relay,0.7453,D249,Check relay logs,0.6789,D279,Check relay settings,0.66,D323,Check earth fault relay log,0.6448,D273,Verify relay settings,0.6291,D319,Analyze relay logs,0.6227,D211,Check earth fault relay,0.6101,D331,Perform relay secondary test,0.6059,D274,Check relay/VFD settings,0.5717,D216,Check relay records,0.5599,True,✅ hit
57,Measure phase currents to detect missing or low current phase.,D245,Measure phase currents,D245,Measure phase currents,0.8178,D217,Measure phase resistance,0.6631,D168,Measure current,0.5764,D241,Measure current balance,0.5666,D278,Measure starting current,0.5475,D221,Measure current imbalance,0.5445,D262,Measure voltage/current,0.5214,D131,Measure motor current,0.4739,D295,Measure field voltage/current,0.4663,D151,Measure current density,0.4523,True,✅ hit
57,Measure line voltages at motor terminals during start and run.,D248,Measure line voltages,D248,Measure line voltages,0.6792,D243,Measure terminal voltage,0.6366,D131,Measure motor current,0.6286,D109,Monitor motor current,0.5896,D262,Measure voltage/current,0.5677,D278,Measure starting current,0.538,D295,Measure field voltage/current,0.5023,D326,Inspect terminal box & windings,0.496,D213,Inspect end windings,0.4904,D276,Check voltage quality,0.4721,True,✅ hit
56,Review load distribution and supply source stability.,D247,Review supply stability,D247,Review supply stability,0.8581,D159,Review load cycle,0.6402,D322,Review load changes,0.6037,D332,Review load trend,0.5923,D231,Review current/load,0.5721,D153,Review load pattern,0.5686,D252,Review starting/load condition,0.5677,D350,Review load/speed,0.5564,D236,Review duty cycle,0.5031,D267,Assess load condition,0.4959,True,✅ hit
56,"Inspect upstream switchgear, cables, and terminal connections.",D250,Inspect cables & contactors,D246,Inspect upstream system,0.6463,D250,Inspect cables & contactors,0.5934,D123,Check terminal connections,0.5674,D326,Inspect terminal box & windings,0.5465,D43,Inspect coil connections,0.535,D185,Inspect terminal box,0.4953,D46,Check cable condition,0.4651,D264,Inspect fuses/contactors,0.4643,D299,Check connections,0.4642,D330,Inspect stator/terminal box,0.4628,True,✅ hit
56,Measure phase currents under load conditions.,D245,Measure phase currents,D245,Measure phase currents,0.858,D217,Measure phase resistance,0.6619,D241,Measure current balance,0.5944,D168,Measure current,0.5882,D278,Measure starting current,0.5487,D267,Assess load condition,0.5472,D221,Measure current imbalance,0.5359,D78,Verify load conditions,0.5354,D62,Monitor load current & temp,0.5272,D262,Measure voltage/current,0.5162,True,✅ hit
53,Review motor starting frequency and load duty cycle.,D234,Check starting performance,D252,Review starting/load condition,0.5949,D159,Review load cycle,0.4956,D234,Check starting performance,0.4661,D236,Review duty cycle,0.4657,D294,Check load/speed,0.4211,D350,Review load/speed,0.419,D275,Inspect mechanical load,0.4026,D194,Review starting current,0.4026,D109,Monitor motor current,0.3924,D120,Assess rotor balance,0.3909,True,✅ hit
56,Calculate percentage voltage imbalance as per IEC / NEMA guidelines.,D244,Calculate % imbalance,D244,Calculate % imbalance,0.6348,D221,Measure current imbalance,0.5974,D260,Check current imbalance,0.5324,D241,Measure current balance,0.4637,D276,Check voltage quality,0.4323,D248,Measure line voltages,0.425,D262,Measure voltage/current,0.4181,D219,Review voltage/load history,0.4083,D295,Measure field voltage/current,0.3949,D120,Assess rotor balance,0.3938,True,✅ hit
55,Review foundation alignment and soft foot condition.,D242,Check foundation alignment,D242,Check foundation alignment,0.6461,D143,Check soft foot,0.5903,D6,Check foundation bolts tightness,0.497,D205,Review alignment history,0.4893,D181,Inspect foundation,0.4521,D141,Check foundation bolts,0.4071,D247,Review supply stability,0.3592,D322,Review load changes,0.3491,D187,Review maintenance history,0.3474,D196,Check alignment,0.3419,True,✅ hit
55,Measure stator current balance under no-load and load conditions.,D241,Measure current balance,D241,Measure current balance,0.7907,D221,Measure current imbalance,0.703,D267,Assess load condition,0.6118,D260,Check current imbalance,0.6089,D62,Monitor load current & temp,0.598,D278,Measure starting current,0.591,D168,Measure current,0.5766,D333,Monitor excitation & stator current,0.559,D78,Verify load conditions,0.5402,D131,Measure motor current,0.5337,True,✅ hit
55,Inspect bearings for uneven wear patterns.,D240,Inspect bearing wear,D240,Inspect bearing wear,0.8627,D179,Inspect bearings,0.8175,D75,Inspect bearing & shaft,0.7041,D348,Inspect bearing liner,0.6731,D148,Inspect wear pattern,0.6642,D88,Check bearing condition,0.6507,D70,Inspect bearing for displacement,0.6496,D116,Inspect bearing seating & housing,0.6295,D66,Check bearings & seals,0.6141,D93,Check bearing seating,0.5907,True,✅ hit
55,Perform shaft runout measurement with dial gauge.,D92,Measure shaft runout,D92,Measure shaft runout,0.8649,D207,Measure shaft diameter,0.6583,D72,Check shaft alignment,0.6276,D202,Inspect shaft surface,0.6204,D82,Check shaft surface,0.611,D118,Check shaft for overload signs,0.6003,D206,Inspect shaft journal,0.5775,D75,Inspect bearing & shaft,0.5504,D177,Inspect shaft fracture,0.5084,D213,Inspect end windings,0.5062,True,✅ hit
55,Check air gap uniformity using feeler gauges during shutdown.,D239,Check air gap uniformity,D336,Inspect air gap,0.6027,D239,Check air gap uniformity,0.5716,D354,Check air lock,0.499,D17,Check for air lock in lines,0.4748,D228,Check connection tightness,0.4686,D106,Check airflow,0.4649,D95,Inspect air passages,0.4569,D227,Check cooling,0.4412,D64,Verify cooling airflow,0.4403,D13,Check pressure relief valve,0.4351,True,✅ hit
55,Measure radial and axial vibration at DE and NDE bearings.,D238,Measure vibration (radial/axial),D238,Measure vibration (radial/axial),0.7656,D1,Monitor vibration severity at DE & NDE,0.6962,D179,Inspect bearings,0.6357,D75,Inspect bearing & shaft,0.6209,D88,Check bearing condition,0.5991,D70,Inspect bearing for displacement,0.5964,D34,Monitor bearing vibration,0.5953,D140,Measure vibration levels,0.5826,D91,Perform vibration analysis,0.5709,D240,Inspect bearing wear,0.5634,True,✅ hit
54,Inspect rotor during shutdown and overhaul.,D235,Inspect rotor during overhaul,D235,Inspect rotor during overhaul,0.909,D233,Inspect rotor,0.8801,D86,Inspect rotor surface,0.8021,D302,Inspect rotor poles,0.758,D337,Inspect rotor/stator surface,0.7416,D84,Check rotor runout,0.7243,D320,Inspect rotor field circuit,0.7013,D281,Check rotor movement,0.6888,D237,Check rotor cooling,0.6623,D3,Check rotor free movement,0.6311,True,✅ hit
54,Conduct vibration analysis focusing on slip frequency components.,D83,Conduct vibration analysis,D83,Conduct vibration analysis,0.7913,D91,Perform vibration analysis,0.5733,D189,Inspect slip rings,0.5089,D298,Inspect slip rings/brushes,0.4867,D164,Check vibration effect,0.4858,D290,Check vibration,0.473,D304,Inspect slip rings/leads,0.4521,D238,Measure vibration (radial/axial),0.4497,D178,Review vibration history,0.4453,D145,Monitor vibration trend,0.4402,True,✅ hit
54,Measure stator phase current and checked current imbalance.,D245,Measure phase currents,D221,Measure current imbalance,0.7849,D241,Measure current balance,0.7353,D260,Check current imbalance,0.7168,D245,Measure phase currents,0.7153,D217,Measure phase resistance,0.5978,D168,Measure current,0.585,D333,Monitor excitation & stator current,0.5688,D278,Measure starting current,0.5546,D318,Check stator voltage & frequency,0.5427,D131,Measure motor current,0.5315,True,✅ hit
56,Measure line-to-line and line-to-neutral voltages at motor terminals.,D248,Measure line voltages,D248,Measure line voltages,0.6952,D243,Measure terminal voltage,0.6431,D131,Measure motor current,0.6262,D109,Monitor motor current,0.5723,D262,Measure voltage/current,0.5629,D295,Measure field voltage/current,0.5019,D276,Check voltage quality,0.4712,D326,Inspect terminal box & windings,0.4621,D156,Measure winding resistance,0.4477,D184,Measure winding resistance,0.4477,True,✅ hit
36,Visually inspect brush contact surface for glazing or polishing.,D150,Inspect brush surface,D61,Inspect brush contact,0.7881,D150,Inspect brush surface,0.7851,D176,Inspect brush wear,0.6955,D308,Inspect brush condition,0.6741,D67,Verify brush contact pressure,0.6252,D50,Brush condition,0.6023,D55,Inspect brush holders alignment,0.5881,D306,Inspect brush gear,0.5801,D138,Check brush movement,0.5783,D60,Check brush holder material,0.5615,True,✅ hit
34,Check tightness of foundation bolts and holding-down bolts.,D141,Check foundation bolts,D6,Check foundation bolts tightness,0.9086,D141,Check foundation bolts,0.786,D242,Check foundation alignment,0.574,D181,Inspect foundation,0.5265,D215,Check moisture/oil ingress,0.4808,D227,Check cooling,0.376,D228,Check connection tightness,0.3668,D72,Check shaft alignment,0.3383,D167,Check tightness,0.3309,D195,Inspect coupling bolts,0.319,True,✅ hit
35,Measure brush temperature using infrared thermometer.,D149,Measure brush temp,D149,Measure brush temp,0.8967,D308,Inspect brush condition,0.6992,D176,Inspect brush wear,0.6562,D150,Inspect brush surface,0.647,D61,Inspect brush contact,0.6205,D50,Brush condition,0.6102,D158,Measure temperature,0.6076,D138,Check brush movement,0.5991,D146,Check brush grade,0.598,D306,Inspect brush gear,0.5856,True,✅ hit
14,"Inspect brush grade, size, and spring tension for correct specification.",D146,Check brush grade,D56,Check brush seating & spring tension,0.7373,D308,Inspect brush condition,0.7062,D146,Check brush grade,0.7044,D50,Brush condition,0.654,D67,Verify brush contact pressure,0.654,D150,Inspect brush surface,0.6396,D60,Check brush holder material,0.6334,D176,Inspect brush wear,0.6277,D306,Inspect brush gear,0.6155,D55,Inspect brush holders alignment,0.6117,True,✅ hit
14,"Check commutator surface condition for pitting, burning, and uneven wear.",D59,Inspect commutator surface,D59,Inspect commutator surface,0.6078,D152,Inspect commutator film,0.5347,D65,Inspect commutator for oil traces,0.5115,D37,Inspect commutator,0.491,D73,Check lubrication condition,0.4793,D338,Check pitting depth,0.4772,D282,Check lubrication,0.4749,D7,Check lubrication & grease condition,0.4535,D63,Check commutator condition,0.4446,D82,Check shaft surface,0.4422,True,✅ hit
13,Inspect for vibration-induced loosening of field terminals.,D74,Monitor vibration,D164,Check vibration effect,0.5156,D290,Check vibration,0.4873,D326,Inspect terminal box & windings,0.4767,D91,Perform vibration analysis,0.4738,D74,Monitor vibration,0.4612,D178,Review vibration history,0.4586,D77,Monitor vibration under load,0.4547,D315,Inspect field coils,0.4516,D83,Conduct vibration analysis,0.4445,D320,Inspect rotor field circuit,0.411,True,✅ hit
13,"Inspect field terminals, brushes, and interconnections.",D185,Inspect terminal box,D326,Inspect terminal box & windings,0.6406,D315,Inspect field coils,0.6103,D43,Inspect coil connections,0.5797,D61,Inspect brush contact,0.5648,D150,Inspect brush surface,0.5617,D155,Inspect coils,0.5491,D122,Inspect interpole coils,0.5402,D306,Inspect brush gear,0.5401,D185,Inspect terminal box,0.5304,D250,Inspect cables & contactors,0.53,True,✅ hit
13,Measure field coil resistance and compared to standard value.,D297,Measure field resistance,D315,Inspect field coils,0.7122,D156,Measure winding resistance,0.6589,D184,Measure winding resistance,0.6589,D297,Measure field resistance,0.6471,D223,Compare winding resistance,0.6186,D155,Inspect coils,0.614,D266,Check winding resistance/IR,0.6055,D122,Inspect interpole coils,0.5466,D295,Measure field voltage/current,0.5374,D43,Inspect coil connections,0.531,True,✅ hit
13,Check excitation source output and AVR/field controller status.,D296,Check AVR/excitation system,D296,Check AVR/excitation system,0.7771,D311,Check excitation stability,0.4825,D317,Review excitation status & field current,0.4811,D333,Monitor excitation & stator current,0.4114,D320,Inspect rotor field circuit,0.4051,D257,Check control supply,0.3857,D353,Check control valve,0.3516,D106,Check airflow,0.3477,D234,Check starting performance,0.3291,D290,Check vibration,0.3278,True,✅ hit
13,Check relay trip logs and DCS alarm history for field failure.,D249,Check relay logs,D249,Check relay logs,0.7042,D323,Check earth fault relay log,0.6815,D211,Check earth fault relay,0.6619,D216,Check relay records,0.6583,D279,Check relay settings,0.6535,D263,Check protection relay,0.6453,D319,Analyze relay logs,0.6358,D273,Verify relay settings,0.601,D274,Check relay/VFD settings,0.5879,D183,Check differential relay records,0.5297,True,✅ hit
12,Verify tightness and condition of electrical connections.,D228,Check connection tightness,D228,Check connection tightness,0.7348,D46,Check cable condition,0.5396,D167,Check tightness,0.5227,D277,Check winding condition,0.5189,D225,Inspect winding condition,0.514,D43,Inspect coil connections,0.5136,D299,Check connections,0.5089,D4,Inspect coupling condition,0.508,D172,Check joint tightness,0.4913,D78,Verify load conditions,0.4801,True,✅ hit
11,Verify excitation supply voltage and field current stability.,D162,Verify supply voltage,D311,Check excitation stability,0.7165,D317,Review excitation status & field current,0.572,D157,Verify field current,0.5367,D162,Verify supply voltage,0.536,D333,Monitor excitation & stator current,0.4669,D295,Measure field voltage/current,0.4658,D296,Check AVR/excitation system,0.461,D270,Check current & PF,0.432,D276,Check voltage quality,0.4245,D35,Check armature current/voltage,0.3971,True,✅ hit
14,Check for loose brush holders and misalignment.,D55,Inspect brush holders alignment,D56,Check brush seating & spring tension,0.6575,D55,Inspect brush holders alignment,0.6162,D52,Brush holder alignment,0.5959,D138,Check brush movement,0.5748,D50,Brush condition,0.5681,D60,Check brush holder material,0.5644,D308,Inspect brush condition,0.557,D51,Brush pressure,0.5446,D176,Inspect brush wear,0.5417,D150,Inspect brush surface,0.5394,True,✅ hit
11,Inspect for carbon tracking or metallic dust accumulation.,D54,Carbon dust,D54,Carbon dust,0.7655,D95,Inspect air passages,0.5694,D286,Inspect contamination,0.5622,D125,Inspect cooling/ventilation,0.5101,D113,Check contamination,0.5017,D336,Inspect air gap,0.4893,D220,Inspect cooling,0.488,D169,Inspect environment,0.4763,D31,Check oil contamination,0.4462,D105,Inspect ventilation ducts,0.4454,True,✅ hit
11,Check for moisture ingress in terminal box and field winding chamber.,D326,Inspect terminal box & windings,D215,Check moisture/oil ingress,0.7199,D227,Check cooling,0.5256,D326,Inspect terminal box & windings,0.4986,D38,Check mica insulation,0.4726,D6,Check foundation bolts tightness,0.4725,D228,Check connection tightness,0.4697,D24,Check jacking oil pump,0.4521,D76,Check lubrication oil,0.4328,D16,Check oil pump delivery pressure,0.4291,D218,Inspect winding insulation,0.4248,True,✅ hit
11,Check field circuit trip logs and relay operation on MCC.,D249,Check relay logs,D249,Check relay logs,0.6467,D319,Analyze relay logs,0.6082,D251,Check fuses/MCC breaker,0.5858,D216,Check relay records,0.5824,D323,Check earth fault relay log,0.5794,D279,Check relay settings,0.5754,D273,Verify relay settings,0.5543,D263,Check protection relay,0.5515,D274,Check relay/VFD settings,0.5499,D211,Check earth fault relay,0.5451,True,✅ hit
10,Inspect winding slot area and varnish condition for moisture or breakdown.,D188,Inspect internal winding,D225,Inspect winding condition,0.6392,D218,Inspect winding insulation,0.6182,D213,Inspect end windings,0.6136,D188,Inspect internal winding,0.6102,D100,Inspect fan condition,0.5264,D361,Inspect lubrication/grease,0.516,D326,Inspect terminal box & windings,0.5132,D202,Inspect shaft surface,0.5114,D291,Inspect grease seals,0.5086,D277,Check winding condition,0.5081,True,✅ hit
10,Verify cable condition from converter to motor for mechanical damage.,D46,Check cable condition,D46,Check cable condition,0.6091,D250,Inspect cables & contactors,0.4978,D258,Verify cable sizing/voltage drop,0.4915,D225,Inspect winding condition,0.464,D218,Inspect winding insulation,0.4624,D266,Check winding resistance/IR,0.46,D188,Inspect internal winding,0.4596,D213,Inspect end windings,0.4421,D277,Check winding condition,0.4417,D43,Inspect coil connections,0.4383,True,✅ hit
10,"Inspect terminal box, cable glands, and insulation sleeves for damage.",D185,Inspect terminal box,D250,Inspect cables & contactors,0.5807,D326,Inspect terminal box & windings,0.5601,D134,Inspect end-turn insulation,0.5526,D38,Check mica insulation,0.53,D185,Inspect terminal box,0.5205,D166,Inspect insulators,0.5016,D46,Check cable condition,0.4977,D98,Check enclosure cleanliness,0.4904,D218,Inspect winding insulation,0.4815,D330,Inspect stator/terminal box,0.4815,True,✅ hit
10,Conduct PI test to assess insulation condition.,D45,PI test,D36,Insulation resistance test,0.778,D133,Check insulation resistance,0.7199,D99,Measure insulation resistance,0.6912,D312,Check field insulation,0.6572,D218,Inspect winding insulation,0.6175,D45,PI test,0.5951,D134,Inspect end-turn insulation,0.5811,D166,Inspect insulators,0.5533,D68,Monitor insulation resistance,0.54,D224,Conduct surge test,0.5047,True,✅ hit
10,Measure insulation resistance of armature and field winding to ground found zero.,D99,Measure insulation resistance,D218,Inspect winding insulation,0.7197,D99,Measure insulation resistance,0.6969,D156,Measure winding resistance,0.6781,D184,Measure winding resistance,0.6781,D133,Check insulation resistance,0.6692,D36,Insulation resistance test,0.6626,D312,Check field insulation,0.6397,D124,Check winding temperature,0.6021,D266,Check winding resistance/IR,0.598,D134,Inspect end-turn insulation,0.5879,True,✅ hit
10,Check motor earth fault relay and trip records.,D211,Check earth fault relay,D211,Check earth fault relay,0.7558,D323,Check earth fault relay log,0.7306,D44,Check earth fault,0.6483,D313,Perform earth fault test,0.6058,D249,Check relay logs,0.5341,D216,Check relay records,0.534,D279,Check relay settings,0.5171,D263,Check protection relay,0.5029,D183,Check differential relay records,0.4788,D319,Analyze relay logs,0.4705,True,✅ hit
9,"Monitor torque, noise, and vibration trends during trial.",D74,Monitor vibration,D74,Monitor vibration,0.6769,D145,Monitor vibration trend,0.6681,D77,Monitor vibration under load,0.6146,D34,Monitor bearing vibration,0.6141,D140,Measure vibration levels,0.5876,D1,Monitor vibration severity at DE & NDE,0.5786,D290,Check vibration,0.5725,D346,Monitor bearing temp/vibration,0.5604,D164,Check vibration effect,0.5593,D91,Perform vibration analysis,0.5338,True,✅ hit
11,"Inspect field coil terminals, insulation tape, and sleeves for damage.",D315,Inspect field coils,D315,Inspect field coils,0.767,D155,Inspect coils,0.7439,D43,Inspect coil connections,0.6995,D122,Inspect interpole coils,0.6572,D218,Inspect winding insulation,0.644,D312,Check field insulation,0.6376,D134,Inspect end-turn insulation,0.6144,D326,Inspect terminal box & windings,0.5752,D188,Inspect internal winding,0.5616,D166,Inspect insulators,0.5577,True,✅ hit
9,Inspect solder/connection points between coil leads and commutator risers.,D43,Inspect coil connections,D43,Inspect coil connections,0.6816,D155,Inspect coils,0.66,D122,Inspect interpole coils,0.5729,D315,Inspect field coils,0.5586,D213,Inspect end windings,0.5455,D304,Inspect slip rings/leads,0.5362,D188,Inspect internal winding,0.4931,D37,Inspect commutator,0.4821,D59,Inspect commutator surface,0.4771,D225,Inspect winding condition,0.4704,True,✅ hit
14,Measure armature current fluctuations and load conditions.,D35,Check armature current/voltage,D35,Check armature current/voltage,0.6693,D241,Measure current balance,0.6372,D221,Measure current imbalance,0.6039,D168,Measure current,0.5808,D62,Monitor load current & temp,0.5742,D278,Measure starting current,0.5718,D267,Assess load condition,0.5549,D231,Review current/load,0.5372,D131,Measure motor current,0.5254,D275,Inspect mechanical load,0.5012,True,✅ hit
14,Test armature winding resistance to detect imbalance or short-circuit.,D156,Measure winding resistance,D156,Measure winding resistance,0.6832,D184,Measure winding resistance,0.6832,D266,Check winding resistance/IR,0.6774,D223,Compare winding resistance,0.6398,D225,Inspect winding condition,0.6229,D188,Inspect internal winding,0.5969,D213,Inspect end windings,0.5876,D218,Inspect winding insulation,0.5771,D277,Check winding condition,0.5769,D124,Check winding temperature,0.5435,True,✅ hit
17,Check brush seating and spring tension.,D56,Check brush seating & spring tension,D56,Check brush seating & spring tension,0.9168,D55,Inspect brush holders alignment,0.6184,D138,Check brush movement,0.6172,D51,Brush pressure,0.6025,D67,Verify brush contact pressure,0.6013,D60,Check brush holder material,0.5923,D52,Brush holder alignment,0.5879,D50,Brush condition,0.5745,D308,Inspect brush condition,0.5604,D61,Inspect brush contact,0.5281,True,✅ hit
17,Visually inspect brush holders for tilt or uneven positioning.,D55,Inspect brush holders alignment,D55,Inspect brush holders alignment,0.8606,D52,Brush holder alignment,0.7512,D150,Inspect brush surface,0.7215,D60,Check brush holder material,0.7058,D138,Check brush movement,0.6962,D176,Inspect brush wear,0.6935,D61,Inspect brush contact,0.6772,D308,Inspect brush condition,0.6748,D306,Inspect brush gear,0.6533,D56,Check brush seating & spring tension,0.6463,True,✅ hit
16,Check commutator runout to detect eccentricity.,D53,Commutator runout,D37,Inspect commutator,0.5,D128,Observe commutation,0.4921,D42,Check commutator segments,0.4731,D59,Inspect commutator surface,0.4473,D53,Commutator runout,0.4247,D102,Verify rotation direction,0.4238,D72,Check shaft alignment,0.4136,D3,Check rotor free movement,0.4049,D118,Check shaft for overload signs,0.4043,D63,Check commutator condition,0.4009,True,✅ hit
16,Assess cooling airflow inside motor housing.,D64,Verify cooling airflow,D64,Verify cooling airflow,0.7279,D220,Inspect cooling,0.6919,D125,Inspect cooling/ventilation,0.6898,D132,Inspect cooling system,0.6731,D349,Verify cooling,0.6434,D96,Check cooling fan operation,0.6309,D237,Check rotor cooling,0.62,D100,Inspect fan condition,0.5991,D321,Check cooling & rotor temp,0.595,D227,Check cooling,0.564,True,✅ hit
16,Monitor load current and fluctuations under operation.,D62,Monitor load current & temp,D62,Monitor load current & temp,0.7291,D267,Assess load condition,0.6235,D275,Inspect mechanical load,0.6061,D231,Review current/load,0.6041,D241,Measure current balance,0.5976,D333,Monitor excitation & stator current,0.5652,D77,Monitor vibration under load,0.5521,D219,Review voltage/load history,0.5473,D114,Monitor temp rise under load,0.5467,D294,Check load/speed,0.5398,True,✅ hit
16,"Check for contaminants such as dust, oil, or moisture.",D215,Check moisture/oil ingress,D215,Check moisture/oil ingress,0.6643,D31,Check oil contamination,0.6196,D113,Check contamination,0.6159,D286,Inspect contamination,0.5845,D98,Check enclosure cleanliness,0.5542,D356,Check water quality/temp,0.5495,D76,Check lubrication oil,0.521,D341,Check oil condition,0.5197,D227,Check cooling,0.484,D282,Check lubrication,0.4754,True,✅ hit
16,Verify brush holder alignment and neutral axis alignment.,D52,Brush holder alignment,D52,Brush holder alignment,0.8166,D55,Inspect brush holders alignment,0.7918,D56,Check brush seating & spring tension,0.6781,D138,Check brush movement,0.6694,D67,Verify brush contact pressure,0.6313,D60,Check brush holder material,0.6184,D150,Inspect brush surface,0.6161,D308,Inspect brush condition,0.6118,D50,Brush condition,0.6018,D51,Brush pressure,0.5965,True,✅ hit
16,Measure brush pressure and spring tension using tension gauge.,D51,Brush pressure,D67,Verify brush contact pressure,0.7918,D56,Check brush seating & spring tension,0.7658,D51,Brush pressure,0.7411,D190,Measure spring tension,0.6989,D135,Measure spring pressure,0.6626,D308,Inspect brush condition,0.6544,D138,Check brush movement,0.6224,D149,Measure brush temp,0.6162,D150,Inspect brush surface,0.6154,D154,Check spring pressure,0.6098,True,✅ hit
16,"Check commutator surface for roughness, grooving, or pitting.",D59,Inspect commutator surface,D59,Inspect commutator surface,0.6563,D82,Check shaft surface,0.4973,D65,Inspect commutator for oil traces,0.495,D152,Inspect commutator film,0.493,D338,Check pitting depth,0.4881,D202,Inspect shaft surface,0.4767,D37,Inspect commutator,0.4637,D282,Check lubrication,0.4599,D73,Check lubrication condition,0.4294,D69,Assess lubrication practices,0.417,True,✅ hit
14,Verify field excitation stability to rule out field weakening.,D311,Check excitation stability,D311,Check excitation stability,0.6629,D317,Review excitation status & field current,0.4935,D157,Verify field current,0.4387,D126,Verify field polarity,0.4339,D312,Check field insulation,0.4126,D48,Field continuity,0.4006,D296,Check AVR/excitation system,0.3681,D297,Measure field resistance,0.3488,D4,Inspect coupling condition,0.3462,D315,Inspect field coils,0.3445,True,✅ hit
16,"Inspect brushes for wear pattern, hardness, and grade suitability.",D176,Inspect brush wear,D176,Inspect brush wear,0.8086,D308,Inspect brush condition,0.7584,D146,Check brush grade,0.7333,D150,Inspect brush surface,0.7143,D306,Inspect brush gear,0.7048,D60,Check brush holder material,0.6844,D61,Inspect brush contact,0.6812,D50,Brush condition,0.6738,D298,Inspect slip rings/brushes,0.629,D55,Inspect brush holders alignment,0.6106,True,✅ hit
15,Measure commutator runout using dial gauge.,D53,Commutator runout,D37,Inspect commutator,0.6077,D53,Commutator runout,0.6046,D42,Check commutator segments,0.5392,D92,Measure shaft runout,0.5217,D59,Inspect commutator surface,0.4741,D128,Observe commutation,0.471,D63,Check commutator condition,0.4662,D152,Inspect commutator film,0.4375,D49,Commutator condition,0.4115,D248,Measure line voltages,0.4093,True,✅ hit
15,Check armature current for overload or fluctuation.,D35,Check armature current/voltage,D35,Check armature current/voltage,0.5862,D260,Check current imbalance,0.4864,D227,Check cooling,0.469,D231,Review current/load,0.457,D221,Measure current imbalance,0.4557,D114,Monitor temp rise under load,0.4432,D228,Check connection tightness,0.4379,D96,Check cooling fan operation,0.4366,D62,Monitor load current & temp,0.4277,D307,Check mechanical stress,0.4229,True,✅ hit
15,Inspect for carbon dust buildup or abrasive contaminants.,D54,Carbon dust,D54,Carbon dust,0.7544,D286,Inspect contamination,0.656,D113,Check contamination,0.5846,D95,Inspect air passages,0.5318,D169,Inspect environment,0.5044,D31,Check oil contamination,0.4875,D98,Check enclosure cleanliness,0.4843,D125,Inspect cooling/ventilation,0.4774,D336,Inspect air gap,0.4762,D105,Inspect ventilation ducts,0.4444,True,✅ hit
15,Verify brush seating and holder alignment.,D55,Inspect brush holders alignment,D52,Brush holder alignment,0.8442,D55,Inspect brush holders alignment,0.843,D56,Check brush seating & spring tension,0.7738,D60,Check brush holder material,0.6876,D138,Check brush movement,0.6134,D50,Brush condition,0.6091,D150,Inspect brush surface,0.5875,D308,Inspect brush condition,0.5846,D176,Inspect brush wear,0.5678,D67,Verify brush contact pressure,0.5644,True,✅ hit
15,Measure brush pressure and assessed spring tension.,D51,Brush pressure,D51,Brush pressure,0.7896,D56,Check brush seating & spring tension,0.7836,D67,Verify brush contact pressure,0.7814,D190,Measure spring tension,0.6483,D308,Inspect brush condition,0.6479,D135,Measure spring pressure,0.6336,D50,Brush condition,0.6323,D138,Check brush movement,0.6272,D154,Check spring pressure,0.613,D61,Inspect brush contact,0.6097,True,✅ hit
15,Check brush grade compatibility with commutator material.,D146,Check brush grade,D60,Check brush holder material,0.5955,D146,Check brush grade,0.5938,D50,Brush condition,0.5751,D59,Inspect commutator surface,0.5329,D308,Inspect brush condition,0.5284,D176,Inspect brush wear,0.5259,D37,Inspect commutator,0.5235,D306,Inspect brush gear,0.5147,D152,Inspect commutator film,0.5078,D55,Inspect brush holders alignment,0.5019,True,✅ hit
15,"Visually inspect commutator surface condition for pits, grooves, flat spots, and discoloration.",D59,Inspect commutator surface,D59,Inspect commutator surface,0.7505,D152,Inspect commutator film,0.6271,D37,Inspect commutator,0.6097,D65,Inspect commutator for oil traces,0.6006,D202,Inspect shaft surface,0.5085,D308,Inspect brush condition,0.4825,D82,Check shaft surface,0.469,D42,Check commutator segments,0.4665,D150,Inspect brush surface,0.4573,D63,Check commutator condition,0.439,True,✅ hit
14,Inspect carbon dust accumulation and lubrication traces,D54,Carbon dust,D54,Carbon dust,0.7355,D361,Inspect lubrication/grease,0.5693,D282,Check lubrication,0.5378,D69,Assess lubrication practices,0.5268,D73,Check lubrication condition,0.5061,D76,Check lubrication oil,0.501,D292,Review lubrication history,0.4931,D95,Inspect air passages,0.4888,D65,Inspect commutator for oil traces,0.4842,D176,Inspect brush wear,0.4768,True,✅ hit
14,Check commutator runout and eccentricity.,D53,Commutator runout,D53,Commutator runout,0.6522,D37,Inspect commutator,0.5954,D42,Check commutator segments,0.5836,D63,Check commutator condition,0.527,D59,Inspect commutator surface,0.5241,D128,Observe commutation,0.503,D49,Commutator condition,0.4863,D152,Inspect commutator film,0.4454,D84,Check rotor runout,0.4165,D118,Check shaft for overload signs,0.3935,True,✅ hit
15,Check cooling system for overheating effects.,D132,Inspect cooling system,D227,Check cooling,0.7865,D96,Check cooling fan operation,0.6546,D220,Inspect cooling,0.6112,D349,Verify cooling,0.5693,D215,Check moisture/oil ingress,0.5371,D132,Inspect cooling system,0.5371,D237,Check rotor cooling,0.5082,D32,Check oil heater/cooler,0.4899,D101,Check fan supply,0.4883,D114,Monitor temp rise under load,0.487,True,✅ hit
9,Check commutator segments for discoloration and raised bars.,D42,Check commutator segments,D152,Inspect commutator film,0.5022,D59,Inspect commutator surface,0.4982,D42,Check commutator segments,0.4858,D37,Inspect commutator,0.4426,D65,Inspect commutator for oil traces,0.4075,D229,Inspect lugs/busbars,0.3964,D63,Check commutator condition,0.3831,D49,Commutator condition,0.3824,D338,Check pitting depth,0.3765,D282,Check lubrication,0.3616,True,✅ hit
9,Conduct growler test to check coil integrity and continuity.,D41,Growler test,D41,Growler test,0.682,D155,Inspect coils,0.6711,D43,Inspect coil connections,0.6214,D122,Inspect interpole coils,0.6058,D315,Inspect field coils,0.5619,D218,Inspect winding insulation,0.519,D225,Inspect winding condition,0.4741,D134,Inspect end-turn insulation,0.4625,D188,Inspect internal winding,0.4591,D213,Inspect end windings,0.4315,True,✅ hit
9,Measure armature current and voltage during start and running conditions.,D35,Check armature current/voltage,D35,Check armature current/voltage,0.7508,D278,Measure starting current,0.6927,D262,Measure voltage/current,0.6322,D131,Measure motor current,0.6121,D241,Measure current balance,0.5902,D168,Measure current,0.5682,D295,Measure field voltage/current,0.5484,D62,Monitor load current & temp,0.5403,D109,Monitor motor current,0.539,D243,Measure terminal voltage,0.5003,True,✅ hit
5,Check temperature readings on motor control panel and compared with portable laser thermometer.,D25,Compare panel temp with laser,D25,Compare panel temp with laser,0.6464,D359,Cross-check temp (laser),0.5779,D321,Check cooling & rotor temp,0.5498,D285,Check temperature correction,0.5135,D158,Measure temperature,0.4952,D227,Check cooling,0.4917,D124,Check winding temperature,0.4753,D220,Inspect cooling,0.4689,D19,Monitor bearing temperature,0.4688,D237,Check rotor cooling,0.467,True,✅ hit
3,Inspect oil pump operation and assessed delivery pressure.,D16,Check oil pump delivery pressure,D16,Check oil pump delivery pressure,0.8748,D9,Inspect oil supply pump operation,0.7755,D20,Inspect lubrication pump,0.5872,D8,Check bearing oil pressure gauge,0.5836,D24,Check jacking oil pump,0.556,D347,Check oil level/flow,0.556,D22,Inspect oil lines/orifices,0.5553,D12,Inspect oil piping,0.5246,D14,Check lubrication oil pressure,0.524,D15,Inspect oil return line,0.5188,True,✅ hit
3,Check oil return line and piping for restriction or blockage.,D15,Inspect oil return line,D341,Check oil condition,0.6707,D14,Check lubrication oil pressure,0.6423,D76,Check lubrication oil,0.6326,D23,Check oil reservoir condition,0.6166,D80,Check oil level,0.6152,D24,Check jacking oil pump,0.6004,D32,Check oil heater/cooler,0.6,D21,Check oil strainer/filter,0.5931,D12,Inspect oil piping,0.5905,D15,Inspect oil return line,0.5788,True,✅ hit
3,Check oil filter condition for blockage restricting flow.,D11,Inspect oil filter condition,D341,Check oil condition,0.6521,D11,Inspect oil filter condition,0.6439,D347,Check oil level/flow,0.6352,D21,Check oil strainer/filter,0.6315,D23,Check oil reservoir condition,0.6308,D18,Check oil flow indicators,0.6292,D14,Check lubrication oil pressure,0.6268,D30,Check oil viscosity,0.5835,D16,Check oil pump delivery pressure,0.5758,D80,Check oil level,0.5657,True,✅ hit
3,Inspect pressure relief valve operation for jamming or incorrect calibration.,D13,Check pressure relief valve,D13,Check pressure relief valve,0.7509,D353,Check control valve,0.5658,D154,Check spring pressure,0.5044,D16,Check oil pump delivery pressure,0.4928,D351,Check water flow/pressure,0.4834,D135,Measure spring pressure,0.4562,D352,Inspect strainers/piping,0.4201,D8,Check bearing oil pressure gauge,0.4049,D20,Inspect lubrication pump,0.3742,D307,Check mechanical stress,0.3738,True,✅ hit
3,Monitored bearing temperatures at DE and NDE.,D2,Monitor bearing temperature using RTD,D19,Monitor bearing temperature,0.7691,D289,Measure bearing temp,0.757,D358,Measure bearing temp (RTD),0.675,D2,Monitor bearing temperature using RTD,0.6618,D340,Monitor thrust bearing temp,0.6328,D346,Monitor bearing temp/vibration,0.6208,D88,Check bearing condition,0.5743,D179,Inspect bearings,0.5653,D1,Monitor vibration severity at DE & NDE,0.5571,D240,Inspect bearing wear,0.5525,True,✅ hit
3,Check lubrication system oil pressure gauge and verify alarm condition.,D8,Check bearing oil pressure gauge,D14,Check lubrication oil pressure,0.7879,D76,Check lubrication oil,0.7474,D282,Check lubrication,0.6729,D7,Check lubrication & grease condition,0.65,D73,Check lubrication condition,0.64,D341,Check oil condition,0.6301,D210,Verify lubrication condition,0.5912,D361,Inspect lubrication/grease,0.5859,D80,Check oil level,0.585,D8,Check bearing oil pressure gauge,0.5714,True,✅ hit
2,Assess lubrication system pressure relief valve operation.,D13,Check pressure relief valve,D13,Check pressure relief valve,0.6669,D14,Check lubrication oil pressure,0.6261,D345,Review lubrication system,0.6,D20,Inspect lubrication pump,0.573,D210,Verify lubrication condition,0.5723,D73,Check lubrication condition,0.5709,D69,Assess lubrication practices,0.568,D282,Check lubrication,0.5269,D16,Check oil pump delivery pressure,0.5135,D292,Review lubrication history,0.504,True,✅ hit
2,"Inspect oil piping for restriction, blockage, or air ingress.",D12,Inspect oil piping,D12,Inspect oil piping,0.7649,D22,Inspect oil lines/orifices,0.708,D341,Check oil condition,0.6514,D31,Check oil contamination,0.6452,D80,Check oil level,0.6367,D347,Check oil level/flow,0.6313,D21,Check oil strainer/filter,0.6274,D18,Check oil flow indicators,0.623,D23,Check oil reservoir condition,0.6139,D11,Inspect oil filter condition,0.6065,True,✅ hit
5,Monitor DE and NDE bearings for physical temperature rise.,D1,Monitor vibration severity at DE & NDE,D19,Monitor bearing temperature,0.769,D289,Measure bearing temp,0.7332,D340,Monitor thrust bearing temp,0.6468,D346,Monitor bearing temp/vibration,0.6452,D358,Measure bearing temp (RTD),0.6417,D2,Monitor bearing temperature using RTD,0.6341,D108,Measure temperature rise,0.6119,D104,Monitor temperature rise,0.6077,D179,Inspect bearings,0.5798,D1,Monitor vibration severity at DE & NDE,0.5443,True,✅ hit
2,Verify condition of oil filter for clogging or blockage.,D11,Inspect oil filter condition,D11,Inspect oil filter condition,0.7871,D21,Check oil strainer/filter,0.6602,D341,Check oil condition,0.6581,D347,Check oil level/flow,0.6315,D23,Check oil reservoir condition,0.6137,D18,Check oil flow indicators,0.6061,D22,Inspect oil lines/orifices,0.5831,D12,Inspect oil piping,0.5678,D80,Check oil level,0.5658,D31,Check oil contamination,0.5593,True,✅ hit
2,Inspect oil supply pump operation and flow to the bearings.,D9,Inspect oil supply pump operation,D9,Inspect oil supply pump operation,0.8148,D179,Inspect bearings,0.6818,D20,Inspect lubrication pump,0.6737,D8,Check bearing oil pressure gauge,0.6625,D22,Inspect oil lines/orifices,0.6592,D16,Check oil pump delivery pressure,0.6331,D12,Inspect oil piping,0.6305,D66,Check bearings & seals,0.624,D75,Inspect bearing & shaft,0.6226,D347,Check oil level/flow,0.6136,True,✅ hit
2,Monitor bearing temperatures at DE and NDE using RTD.,D2,Monitor bearing temperature using RTD,D2,Monitor bearing temperature using RTD,0.8862,D358,Measure bearing temp (RTD),0.82,D19,Monitor bearing temperature,0.7526,D289,Measure bearing temp,0.6783,D340,Monitor thrust bearing temp,0.6348,D346,Monitor bearing temp/vibration,0.6196,D27,Inspect RTD sensor,0.6143,D158,Measure temperature,0.5483,D1,Monitor vibration severity at DE & NDE,0.5328,D104,Monitor temperature rise,0.5256,True,✅ hit
2,Check bearing oil pressure gauge and verify alarm trip setting.,D29,Check alarm/trip setting,D29,Check alarm/trip setting,0.6041,D8,Check bearing oil pressure gauge,0.5905,D14,Check lubrication oil pressure,0.5701,D16,Check oil pump delivery pressure,0.5527,D341,Check oil condition,0.5326,D80,Check oil level,0.5313,D18,Check oil flow indicators,0.5253,D76,Check lubrication oil,0.5127,D24,Check jacking oil pump,0.5102,D32,Check oil heater/cooler,0.4796,True,✅ hit
1,Inspect bearing lubrication condition and grease contamination.,D7,Check lubrication & grease condition,D361,Inspect lubrication/grease,0.8189,D7,Check lubrication & grease condition,0.7686,D179,Inspect bearings,0.7256,D69,Assess lubrication practices,0.7158,D240,Inspect bearing wear,0.7097,D73,Check lubrication condition,0.6897,D282,Check lubrication,0.6784,D75,Inspect bearing & shaft,0.6761,D76,Check lubrication oil,0.6659,D210,Verify lubrication condition,0.6569,True,✅ hit
1,Check foundation bolts and base plate tightness.,D6,Check foundation bolts tightness,D6,Check foundation bolts tightness,0.8953,D141,Check foundation bolts,0.7485,D242,Check foundation alignment,0.5849,D215,Check moisture/oil ingress,0.4592,D181,Inspect foundation,0.4476,D72,Check shaft alignment,0.4052,D228,Check connection tightness,0.3825,D33,Check bearing clearance,0.3703,D227,Check cooling,0.3597,D338,Check pitting depth,0.3517,True,✅ hit
1,Verify motor–gearbox alignment condition.,D5,Verify motor–gearbox alignment,D5,Verify motor–gearbox alignment,0.9643,D72,Check shaft alignment,0.7617,D196,Check alignment,0.5972,D144,Verify alignment,0.5801,D118,Check shaft for overload signs,0.5306,D115,Check coupling alignment history,0.5271,D57,Verify neutral axis alignment,0.5172,D75,Inspect bearing & shaft,0.5144,D82,Check shaft surface,0.5135,D88,Check bearing condition,0.5013,True,✅ hit
1,"Inspect coupling condition for seizure, wear, or damage.",D4,Inspect coupling condition,D4,Inspect coupling condition,0.477,D155,Inspect coils,0.4255,D148,Inspect wear pattern,0.4147,D195,Inspect coupling bolts,0.4111,D225,Inspect winding condition,0.3995,D85,Inspect coupling alignment,0.3942,D280,Inspect driven equipment,0.3932,D43,Inspect coil connections,0.3855,D122,Inspect interpole coils,0.3815,D218,Inspect winding insulation,0.3756,True,✅ hit
1,Check rotor free movement by manual rotation.,D3,Check rotor free movement,D3,Check rotor free movement,0.9342,D281,Check rotor movement,0.8696,D233,Inspect rotor,0.7537,D86,Inspect rotor surface,0.7154,D120,Assess rotor balance,0.7001,D237,Check rotor cooling,0.6998,D84,Check rotor runout,0.6888,D302,Inspect rotor poles,0.6819,D235,Inspect rotor during overhaul,0.6571,D337,Inspect rotor/stator surface,0.6466,True,✅ hit
1,Monitor bearing temperatures at DE and NDE using RTD.,D2,Monitor bearing temperature using RTD,D2,Monitor bearing temperature using RTD,0.8862,D358,Measure bearing temp (RTD),0.82,D19,Monitor bearing temperature,0.7526,D289,Measure bearing temp,0.6783,D340,Monitor thrust bearing temp,0.6348,D346,Monitor bearing temp/vibration,0.6196,D27,Inspect RTD sensor,0.6143,D158,Measure temperature,0.5483,D1,Monitor vibration severity at DE & NDE,0.5328,D104,Monitor temperature rise,0.5256,True,✅ hit
2,Check oil level in reservoir and inspect for leakage.,D10,Check oil level in reservoir,D23,Check oil reservoir condition,0.7852,D10,Check oil level in reservoir,0.6553,D215,Check moisture/oil ingress,0.6303,D76,Check lubrication oil,0.6204,D31,Check oil contamination,0.6083,D341,Check oil condition,0.6048,D14,Check lubrication oil pressure,0.5925,D12,Inspect oil piping,0.5658,D32,Check oil heater/cooler,0.5562,D30,Check oil viscosity,0.5531,True,✅ hit
5,Check RTD wiring continuity and terminal tightness.,D26,Check RTD wiring,D26,Check RTD wiring,0.6936,D228,Check connection tightness,0.5261,D360,Check RTD resistance,0.5075,D27,Inspect RTD sensor,0.502,D227,Check cooling,0.396,D186,Check CT polarity & wiring,0.3815,D6,Check foundation bolts tightness,0.3678,D2,Monitor bearing temperature using RTD,0.3552,D96,Check cooling fan operation,0.3002,D123,Check terminal connections,0.2993,True,✅ hit
5,Inspect RTD sensor for physical damage or loose fitment.,D27,Inspect RTD sensor,D27,Inspect RTD sensor,0.7976,D360,Check RTD resistance,0.6436,D26,Check RTD wiring,0.6207,D358,Measure bearing temp (RTD),0.5614,D2,Monitor bearing temperature using RTD,0.5567,D200,Inspect hub fitment,0.388,D280,Inspect driven equipment,0.3857,D285,Check temperature correction,0.3769,D290,Check vibration,0.3705,D353,Check control valve,0.3698,True,✅ hit
5,Verify control system signal conditioning and transmitter output.,D28,Verify signal/transmitter,D28,Verify signal/transmitter,0.6906,D257,Check control supply,0.5881,D335,Check control/governor system,0.5581,D163,Monitor feedback signal,0.5168,D296,Check AVR/excitation system,0.4462,D353,Check control valve,0.4283,D273,Verify relay settings,0.4262,D165,Verify parameters,0.389,D311,Check excitation stability,0.3834,D327,Check grounding system,0.3783,True,✅ hit
8,Monitor vibration and noise for rotor imbalance due to localized heating.,D74,Monitor vibration,D120,Assess rotor balance,0.6474,D237,Check rotor cooling,0.6304,D346,Monitor bearing temp/vibration,0.6143,D86,Inspect rotor surface,0.6063,D321,Check cooling & rotor temp,0.606,D233,Inspect rotor,0.6044,D74,Monitor vibration,0.6041,D145,Monitor vibration trend,0.5989,D77,Monitor vibration under load,0.5899,D140,Measure vibration levels,0.5836,True,✅ hit
8,Measure field current to verify excitation conditions.,D39,Measure field current,D39,Measure field current,0.7462,D295,Measure field voltage/current,0.7114,D157,Verify field current,0.6478,D168,Measure current,0.6293,D317,Review excitation status & field current,0.6103,D245,Measure phase currents,0.5824,D151,Measure current density,0.5801,D333,Monitor excitation & stator current,0.5747,D311,Check excitation stability,0.558,D301,Monitor field current,0.5374,True,✅ hit
8,"Check for loose, bridged, or carbon-tracked mica insulation.",D38,Check mica insulation,D38,Check mica insulation,0.8942,D133,Check insulation resistance,0.5237,D312,Check field insulation,0.5018,D134,Inspect end-turn insulation,0.4939,D36,Insulation resistance test,0.4757,D215,Check moisture/oil ingress,0.4659,D227,Check cooling,0.4377,D230,Check enclosure sealing,0.435,D218,Inspect winding insulation,0.4347,D99,Measure insulation resistance,0.4317,True,✅ hit
8,Inspect commutator surface for uneven burning or discoloration.,D37,Inspect commutator,D59,Inspect commutator surface,0.6512,D152,Inspect commutator film,0.593,D65,Inspect commutator for oil traces,0.5599,D37,Inspect commutator,0.5462,D282,Check lubrication,0.4501,D202,Inspect shaft surface,0.4249,D73,Check lubrication condition,0.4126,D81,Inspect oil ring condition,0.4102,D76,Check lubrication oil,0.407,D53,Commutator runout,0.4042,True,✅ hit
8,Perform insulation resistance testing between armature windings and ground.,D36,Insulation resistance test,D218,Inspect winding insulation,0.766,D36,Insulation resistance test,0.6703,D133,Check insulation resistance,0.6437,D223,Compare winding resistance,0.6152,D99,Measure insulation resistance,0.6133,D134,Inspect end-turn insulation,0.6089,D156,Measure winding resistance,0.6051,D184,Measure winding resistance,0.6051,D266,Check winding resistance/IR,0.5977,D225,Inspect winding condition,0.567,True,✅ hit
8,Check armature current and voltage readings on MCC panel.,D35,Check armature current/voltage,D251,Check fuses/MCC breaker,0.601,D35,Check armature current/voltage,0.5186,D219,Review voltage/load history,0.3908,D227,Check cooling,0.3877,D321,Check cooling & rotor temp,0.3752,D257,Check control supply,0.3732,D320,Inspect rotor field circuit,0.3642,D237,Check rotor cooling,0.3608,D186,Check CT polarity & wiring,0.3539,D228,Check connection tightness,0.3508,True,✅ hit
7,Monitor bearing vibration during operation.,D34,Monitor bearing vibration,D34,Monitor bearing vibration,0.9147,D74,Monitor vibration,0.8566,D346,Monitor bearing temp/vibration,0.8378,D77,Monitor vibration under load,0.7764,D145,Monitor vibration trend,0.7388,D290,Check vibration,0.6928,D19,Monitor bearing temperature,0.667,D164,Check vibration effect,0.6532,D1,Monitor vibration severity at DE & NDE,0.652,D238,Measure vibration (radial/axial),0.6276,True,✅ hit
7,Check bearing clearance and hydrodynamic film condition.,D33,Check bearing clearance,D33,Check bearing clearance,0.7073,D88,Check bearing condition,0.6592,D71,Measure bearing clearance,0.6554,D70,Inspect bearing for displacement,0.6073,D348,Inspect bearing liner,0.598,D75,Inspect bearing & shaft,0.595,D179,Inspect bearings,0.587,D240,Inspect bearing wear,0.5732,D289,Measure bearing temp,0.5357,D116,Inspect bearing seating & housing,0.5264,True,✅ hit
7,Inspect oil pump delivery pressure and flow trend.,D16,Check oil pump delivery pressure,D16,Check oil pump delivery pressure,0.8382,D9,Inspect oil supply pump operation,0.8001,D347,Check oil level/flow,0.6349,D20,Inspect lubrication pump,0.6183,D18,Check oil flow indicators,0.6076,D8,Check bearing oil pressure gauge,0.5996,D22,Inspect oil lines/orifices,0.5919,D24,Check jacking oil pump,0.5874,D12,Inspect oil piping,0.571,D11,Inspect oil filter condition,0.5591,True,✅ hit
7,Check oil heater/cooler operation to verify temperature control.,D32,Check oil heater/cooler,D32,Check oil heater/cooler,0.8012,D110,Check oil temperature,0.7302,D227,Check cooling,0.6796,D341,Check oil condition,0.6485,D285,Check temperature correction,0.5907,D76,Check lubrication oil,0.5662,D80,Check oil level,0.5631,D23,Check oil reservoir condition,0.5606,D349,Verify cooling,0.5603,D96,Check cooling fan operation,0.5598,True,✅ hit
7,Collect oil sample for viscosity and contamination testing.,D31,Check oil contamination,D111,Inspect oil viscosity,0.7886,D31,Check oil contamination,0.7025,D30,Check oil viscosity,0.6769,D22,Inspect oil lines/orifices,0.6389,D12,Inspect oil piping,0.5935,D11,Inspect oil filter condition,0.59,D347,Check oil level/flow,0.5879,D21,Check oil strainer/filter,0.5563,D341,Check oil condition,0.5559,D80,Check oil level,0.551,True,✅ hit
7,Inspect oil viscosity grade and compared with OEM specifications.,D111,Inspect oil viscosity,D111,Inspect oil viscosity,0.8371,D30,Check oil viscosity,0.7844,D347,Check oil level/flow,0.6433,D18,Check oil flow indicators,0.6409,D22,Inspect oil lines/orifices,0.6037,D81,Inspect oil ring condition,0.5977,D341,Check oil condition,0.5929,D80,Check oil level,0.5859,D11,Inspect oil filter condition,0.5733,D12,Inspect oil piping,0.5731,True,✅ hit
7,Check bearing oil temperature and compared with permissible range.,D110,Check oil temperature,D110,Check oil temperature,0.732,D341,Check oil condition,0.6975,D289,Measure bearing temp,0.6868,D80,Check oil level,0.6788,D8,Check bearing oil pressure gauge,0.675,D88,Check bearing condition,0.667,D347,Check oil level/flow,0.6473,D30,Check oil viscosity,0.6215,D19,Monitor bearing temperature,0.6091,D32,Check oil heater/cooler,0.5963,True,✅ hit
6,Check oil viscosity grade and contamination level.,D31,Check oil contamination,D30,Check oil viscosity,0.7986,D31,Check oil contamination,0.7765,D111,Inspect oil viscosity,0.7651,D341,Check oil condition,0.695,D80,Check oil level,0.6773,D23,Check oil reservoir condition,0.6504,D21,Check oil strainer/filter,0.65,D76,Check lubrication oil,0.6365,D81,Inspect oil ring condition,0.6345,D347,Check oil level/flow,0.6303,True,✅ hit
6,Verify relief valve calibration and bypass return.,D13,Check pressure relief valve,D13,Check pressure relief valve,0.7463,D353,Check control valve,0.541,D351,Check water flow/pressure,0.3945,D16,Check oil pump delivery pressure,0.3923,D154,Check spring pressure,0.3894,D144,Verify alignment,0.3683,D344,Verify thrust load,0.3511,D196,Check alignment,0.337,D72,Check shaft alignment,0.3221,D15,Inspect oil return line,0.3172,True,✅ hit
6,Check flow control valves and orifices for incorrect setting or wear.,D353,Check control valve,D353,Check control valve,0.6563,D13,Check pressure relief valve,0.5534,D351,Check water flow/pressure,0.5266,D228,Check connection tightness,0.5143,D106,Check airflow,0.5016,D227,Check cooling,0.4889,D215,Check moisture/oil ingress,0.4882,D167,Check tightness,0.487,D282,Check lubrication,0.4791,D14,Check lubrication oil pressure,0.4682,True,✅ hit
6,Inspect oil pump delivery pressure and checked bypass operation.,D16,Check oil pump delivery pressure,D16,Check oil pump delivery pressure,0.8383,D9,Inspect oil supply pump operation,0.7365,D24,Check jacking oil pump,0.6466,D22,Inspect oil lines/orifices,0.5803,D8,Check bearing oil pressure gauge,0.5744,D20,Inspect lubrication pump,0.5591,D14,Check lubrication oil pressure,0.5579,D15,Inspect oil return line,0.5509,D347,Check oil level/flow,0.5505,D18,Check oil flow indicators,0.5467,True,✅ hit
6,Monitor bearing temperature trend using RTD and infrared thermometer.,D2,Monitor bearing temperature using RTD,D2,Monitor bearing temperature using RTD,0.8612,D358,Measure bearing temp (RTD),0.818,D19,Monitor bearing temperature,0.779,D289,Measure bearing temp,0.7291,D314,Monitor temp trend,0.6263,D346,Monitor bearing temp/vibration,0.6261,D158,Measure temperature,0.6121,D108,Measure temperature rise,0.6121,D340,Monitor thrust bearing temp,0.6083,D104,Monitor temperature rise,0.6077,True,✅ hit
6,Check oil flow sight glass and flow indicators for DE and NDE bearings.,D347,Check oil level/flow,D18,Check oil flow indicators,0.6785,D8,Check bearing oil pressure gauge,0.6069,D347,Check oil level/flow,0.5963,D30,Check oil viscosity,0.5826,D341,Check oil condition,0.5634,D22,Inspect oil lines/orifices,0.5614,D111,Inspect oil viscosity,0.5544,D179,Inspect bearings,0.5501,D80,Check oil level,0.5419,D14,Check lubrication oil pressure,0.5341,True,✅ hit
5,Cross-checked temperature readings using handheld digital thermometer.,D19,Monitor bearing temperature,D158,Measure temperature,0.7418,D285,Check temperature correction,0.6494,D97,Measure air temperature,0.6075,D359,Cross-check temp (laser),0.6069,D108,Measure temperature rise,0.6013,D104,Monitor temperature rise,0.5749,D19,Monitor bearing temperature,0.5667,D289,Measure bearing temp,0.551,D149,Measure brush temp,0.5439,D314,Monitor temp trend,0.5099,True,✅ hit
5,Check alarms and trip setting on the temperature protection relay.,D29,Check alarm/trip setting,D29,Check alarm/trip setting,0.6375,D227,Check cooling,0.5595,D279,Check relay settings,0.5243,D32,Check oil heater/cooler,0.4683,D263,Check protection relay,0.4651,D96,Check cooling fan operation,0.4422,D285,Check temperature correction,0.437,D215,Check moisture/oil ingress,0.4267,D228,Check connection tightness,0.4259,D211,Check earth fault relay,0.4156,True,✅ hit
17,Verify neutral axis alignment.,D57,Verify neutral axis alignment,D57,Verify neutral axis alignment,0.9703,D144,Verify alignment,0.6711,D196,Check alignment,0.6551,D102,Verify rotation direction,0.6164,D72,Check shaft alignment,0.5721,D5,Verify motor–gearbox alignment,0.5478,D85,Inspect coupling alignment,0.5124,D115,Check coupling alignment history,0.4979,D362,Check axial float,0.4845,D242,Check foundation alignment,0.4608,True,✅ hit
17,Monitor sparking pattern under no-load operation.,D58,Monitor sparking pattern,D58,Monitor sparking pattern,0.8406,D139,Observe sparking,0.7488,D77,Monitor vibration under load,0.4743,D275,Inspect mechanical load,0.4551,D145,Monitor vibration trend,0.4117,D261,Check non-linear loads,0.4091,D43,Inspect coil connections,0.4015,D155,Inspect coils,0.3914,D62,Monitor load current & temp,0.386,D294,Check load/speed,0.3807,True,✅ hit
17,Check commutator surface for local wear due to misalignment.,D59,Inspect commutator surface,D59,Inspect commutator surface,0.5885,D148,Inspect wear pattern,0.4971,D240,Inspect bearing wear,0.4859,D37,Inspect commutator,0.4799,D152,Inspect commutator film,0.4754,D65,Inspect commutator for oil traces,0.4475,D56,Check brush seating & spring tension,0.4235,D176,Inspect brush wear,0.4105,D172,Check joint tightness,0.41,D282,Check lubrication,0.4095,True,✅ hit
18,Check brush holder material for thermal damage.,D60,Check brush holder material,D60,Check brush holder material,0.6382,D149,Measure brush temp,0.5681,D308,Inspect brush condition,0.5651,D176,Inspect brush wear,0.5535,D150,Inspect brush surface,0.5325,D50,Brush condition,0.5282,D61,Inspect brush contact,0.5207,D146,Check brush grade,0.5023,D306,Inspect brush gear,0.4998,D303,Review thermal history,0.4885,True,✅ hit
30,"Visually inspect interpole coils for moisture, dust, or oil contamination.",D122,Inspect interpole coils,D122,Inspect interpole coils,0.7981,D155,Inspect coils,0.7412,D315,Inspect field coils,0.7024,D43,Inspect coil connections,0.6682,D218,Inspect winding insulation,0.594,D188,Inspect internal winding,0.5902,D95,Inspect air passages,0.5602,D225,Inspect winding condition,0.5364,D166,Inspect insulators,0.5328,D213,Inspect end windings,0.5326,True,✅ hit
30,Measure insulation resistance (IR) of interpole winding using megger.,D266,Check winding resistance/IR,D218,Inspect winding insulation,0.7529,D156,Measure winding resistance,0.7082,D184,Measure winding resistance,0.7082,D266,Check winding resistance/IR,0.6987,D121,Measure IR of interpole winding,0.6946,D223,Compare winding resistance,0.6635,D99,Measure insulation resistance,0.6402,D124,Check winding temperature,0.6222,D122,Inspect interpole coils,0.6199,D133,Check insulation resistance,0.6176,True,✅ hit
29,Assess rotor balance condition.,D120,Assess rotor balance,D120,Assess rotor balance,0.9514,D281,Check rotor movement,0.7531,D233,Inspect rotor,0.7364,D3,Check rotor free movement,0.7241,D86,Inspect rotor surface,0.7039,D237,Check rotor cooling,0.6725,D302,Inspect rotor poles,0.6657,D235,Inspect rotor during overhaul,0.6654,D84,Check rotor runout,0.6652,D337,Inspect rotor/stator surface,0.6567,True,✅ hit
29,Review operational logs for sudden load or jam incidents.,D119,Review operational logs,D119,Review operational logs,0.7995,D265,Review event logs,0.5074,D275,Inspect mechanical load,0.4771,D94,Inspect for mechanical impact,0.4476,D226,Review temp/load history,0.4459,D319,Analyze relay logs,0.4432,D214,Review operating history,0.4347,D252,Review starting/load condition,0.427,D219,Review voltage/load history,0.425,D231,Review current/load,0.4089,True,✅ hit
29,Check for signs of impact load or overload on shaft.,D118,Check shaft for overload signs,D118,Check shaft for overload signs,0.7195,D72,Check shaft alignment,0.6943,D177,Inspect shaft fracture,0.6434,D202,Inspect shaft surface,0.6371,D82,Check shaft surface,0.6347,D75,Inspect bearing & shaft,0.6228,D94,Inspect for mechanical impact,0.6108,D206,Inspect shaft journal,0.6016,D92,Measure shaft runout,0.5909,D307,Check mechanical stress,0.5701,True,✅ hit
29,Conduct vibration spectrum analysis for 1X running frequency peaks.,D117,Vibration spectrum (1X peak),D117,Vibration spectrum (1X peak),0.763,D83,Conduct vibration analysis,0.7013,D91,Perform vibration analysis,0.536,D140,Measure vibration levels,0.5234,D145,Monitor vibration trend,0.4703,D1,Monitor vibration severity at DE & NDE,0.4643,D238,Measure vibration (radial/axial),0.4332,D77,Monitor vibration under load,0.4261,D259,Record harmonic spectrum,0.4136,D164,Check vibration effect,0.4055,True,✅ hit
29,Inspect bearing seating and housings for damage.,D116,Inspect bearing seating & housing,D116,Inspect bearing seating & housing,0.9018,D93,Check bearing seating,0.7372,D179,Inspect bearings,0.7128,D240,Inspect bearing wear,0.6989,D75,Inspect bearing & shaft,0.6858,D70,Inspect bearing for displacement,0.6178,D348,Inspect bearing liner,0.5979,D94,Inspect for mechanical impact,0.5857,D88,Check bearing condition,0.58,D33,Check bearing clearance,0.5423,True,✅ hit
29,Check coupling alignment and misalignment history.,D115,Check coupling alignment history,D115,Check coupling alignment history,0.7908,D85,Inspect coupling alignment,0.7727,D4,Inspect coupling condition,0.6281,D195,Inspect coupling bolts,0.5359,D72,Check shaft alignment,0.5243,D196,Check alignment,0.5154,D5,Verify motor–gearbox alignment,0.5034,D228,Check connection tightness,0.4916,D144,Verify alignment,0.4795,D191,Inspect holder alignment,0.459,True,✅ hit
29,Measure shaft runout using dial indicator at several points.,D92,Measure shaft runout,D92,Measure shaft runout,0.9078,D207,Measure shaft diameter,0.6838,D202,Inspect shaft surface,0.6833,D82,Check shaft surface,0.6783,D118,Check shaft for overload signs,0.6525,D72,Check shaft alignment,0.6481,D206,Inspect shaft journal,0.629,D75,Inspect bearing & shaft,0.6231,D177,Inspect shaft fracture,0.5682,D213,Inspect end windings,0.5046,True,✅ hit
30,Measure winding temperature and review recent overheating history.,D124,Check winding temperature,D124,Check winding temperature,0.8199,D218,Inspect winding insulation,0.663,D225,Inspect winding condition,0.649,D156,Measure winding resistance,0.6125,D184,Measure winding resistance,0.6125,D188,Inspect internal winding,0.6037,D277,Check winding condition,0.5903,D213,Inspect end windings,0.5898,D266,Check winding resistance/IR,0.5489,D303,Review thermal history,0.543,True,✅ hit
28,Measure bearing temperature rise during load test.,D289,Measure bearing temp,D289,Measure bearing temp,0.764,D19,Monitor bearing temperature,0.7101,D108,Measure temperature rise,0.6566,D358,Measure bearing temp (RTD),0.6435,D104,Monitor temperature rise,0.5965,D88,Check bearing condition,0.5958,D346,Monitor bearing temp/vibration,0.588,D2,Monitor bearing temperature using RTD,0.5706,D114,Monitor temp rise under load,0.5601,D62,Monitor load current & temp,0.5583,True,✅ hit
28,Assess ambient temperature and cooling conditions.,D97,Measure air temperature,D158,Measure temperature,0.6676,D125,Inspect cooling/ventilation,0.6521,D220,Inspect cooling,0.6493,D97,Measure air temperature,0.6445,D132,Inspect cooling system,0.6144,D349,Verify cooling,0.6098,D108,Measure temperature rise,0.5771,D356,Check water quality/temp,0.5687,D285,Check temperature correction,0.5629,D321,Check cooling & rotor temp,0.5605,True,✅ hit
28,Inspect oil ring for proper rotation and oil feed.,D79,Inspect oil ring rotation,D79,Inspect oil ring rotation,0.8557,D81,Inspect oil ring condition,0.7941,D112,Inspect oil ring operation,0.7879,D341,Check oil condition,0.6358,D76,Check lubrication oil,0.622,D12,Inspect oil piping,0.6085,D30,Check oil viscosity,0.601,D80,Check oil level,0.5993,D14,Check lubrication oil pressure,0.5901,D18,Check oil flow indicators,0.5876,True,✅ hit
28,Verify bearing clearance and shaft runout.,D33,Check bearing clearance,D33,Check bearing clearance,0.8013,D75,Inspect bearing & shaft,0.7776,D72,Check shaft alignment,0.7646,D71,Measure bearing clearance,0.726,D88,Check bearing condition,0.7232,D92,Measure shaft runout,0.7125,D82,Check shaft surface,0.6611,D118,Check shaft for overload signs,0.6398,D93,Check bearing seating,0.6387,D179,Inspect bearings,0.636,True,✅ hit
28,Sample and inspect oil for viscosity loss and degradation.,D111,Inspect oil viscosity,D111,Inspect oil viscosity,0.8734,D30,Check oil viscosity,0.7932,D347,Check oil level/flow,0.619,D11,Inspect oil filter condition,0.5859,D18,Check oil flow indicators,0.5844,D341,Check oil condition,0.5809,D22,Inspect oil lines/orifices,0.573,D81,Inspect oil ring condition,0.5727,D12,Inspect oil piping,0.5702,D80,Check oil level,0.5586,True,✅ hit
28,Check operating temperature and compared to oil viscosity chart.,D110,Check oil temperature,D30,Check oil viscosity,0.8512,D111,Inspect oil viscosity,0.7555,D110,Check oil temperature,0.7063,D341,Check oil condition,0.6878,D32,Check oil heater/cooler,0.6336,D18,Check oil flow indicators,0.6252,D80,Check oil level,0.6208,D23,Check oil reservoir condition,0.6126,D14,Check lubrication oil pressure,0.6109,D347,Check oil level/flow,0.6053,True,✅ hit
27,Monitor motor current during thermal rise test.,D109,Monitor motor current,D109,Monitor motor current,0.6698,D131,Measure motor current,0.6437,D104,Monitor temperature rise,0.6203,D108,Measure temperature rise,0.6117,D62,Monitor load current & temp,0.5684,D220,Inspect cooling,0.5146,D114,Monitor temp rise under load,0.5091,D19,Monitor bearing temperature,0.4978,D278,Measure starting current,0.4949,D100,Inspect fan condition,0.4895,True,✅ hit
27,Measure bearing temperature and stator winding temperature rise.,D289,Measure bearing temp,D124,Check winding temperature,0.7623,D289,Measure bearing temp,0.7339,D19,Monitor bearing temperature,0.6916,D358,Measure bearing temp (RTD),0.626,D108,Measure temperature rise,0.6031,D225,Inspect winding condition,0.5985,D156,Measure winding resistance,0.5802,D184,Measure winding resistance,0.5802,D218,Inspect winding insulation,0.5726,D75,Inspect bearing & shaft,0.5621,True,✅ hit
27,Check airflow using anemometer across inlet and outlet.,D106,Check airflow,D106,Check airflow,0.7587,D64,Verify cooling airflow,0.6456,D95,Inspect air passages,0.6305,D351,Check water flow/pressure,0.5405,D336,Inspect air gap,0.5198,D96,Check cooling fan operation,0.5112,D105,Inspect ventilation ducts,0.5057,D125,Inspect cooling/ventilation,0.5039,D100,Inspect fan condition,0.4975,D17,Check for air lock in lines,0.4866,True,✅ hit
27,Verify fan mounting and coupling tightness.,D107,Verify fan mounting,D107,Verify fan mounting,0.6903,D96,Check cooling fan operation,0.6586,D101,Check fan supply,0.6475,D100,Inspect fan condition,0.6039,D228,Check connection tightness,0.5921,D87,Check fan & attachments,0.59,D227,Check cooling,0.5396,D103,Inspect fan blades,0.5167,D349,Verify cooling,0.5125,D237,Check rotor cooling,0.4728,True,✅ hit
28,Check for contamination or dilution in oil.,D31,Check oil contamination,D31,Check oil contamination,0.8216,D341,Check oil condition,0.6916,D76,Check lubrication oil,0.6805,D80,Check oil level,0.6421,D81,Inspect oil ring condition,0.6121,D23,Check oil reservoir condition,0.6119,D30,Check oil viscosity,0.61,D12,Inspect oil piping,0.599,D14,Check lubrication oil pressure,0.5965,D21,Check oil strainer/filter,0.5858,True,✅ hit
30,Inspect cooling and ventilation effectiveness around interpole area.,D125,Inspect cooling/ventilation,D125,Inspect cooling/ventilation,0.7011,D220,Inspect cooling,0.5871,D132,Inspect cooling system,0.5692,D122,Inspect interpole coils,0.5383,D95,Inspect air passages,0.5202,D355,Inspect cooler tubes,0.5064,D349,Verify cooling,0.4989,D105,Inspect ventilation ducts,0.4904,D64,Verify cooling airflow,0.4789,D227,Check cooling,0.4729,True,✅ hit
31,Verify field pole polarity using compass / polarity tester.,D126,Verify field polarity,D126,Verify field polarity,0.7739,D129,Check interpole polarity,0.6332,D102,Verify rotation direction,0.4896,D157,Verify field current,0.4603,D329,Check CT polarity/ratio,0.4497,D186,Check CT polarity & wiring,0.4417,D320,Inspect rotor field circuit,0.4321,D302,Inspect rotor poles,0.4184,D57,Verify neutral axis alignment,0.4145,D45,PI test,0.3944,True,✅ hit
31,Check field winding terminal markings against motor drawings.,D127,Check terminal markings,D326,Inspect terminal box & windings,0.6896,D213,Inspect end windings,0.6489,D188,Inspect internal winding,0.6401,D225,Inspect winding condition,0.6304,D277,Check winding condition,0.5835,D320,Inspect rotor field circuit,0.5784,D266,Check winding resistance/IR,0.571,D127,Check terminal markings,0.5676,D72,Check shaft alignment,0.5595,D315,Inspect field coils,0.5555,True,✅ hit
35,Observe sparking intensity under no-load and full-load conditions.,D58,Monitor sparking pattern,D139,Observe sparking,0.7681,D58,Monitor sparking pattern,0.5932,D261,Check non-linear loads,0.4137,D267,Assess load condition,0.4111,D78,Verify load conditions,0.3791,D275,Inspect mechanical load,0.3694,D294,Check load/speed,0.3689,D77,Monitor vibration under load,0.3595,D155,Inspect coils,0.3535,D140,Measure vibration levels,0.3328,True,✅ hit
35,Identify installed brush grade and compared with OEM recommendations.,D146,Check brush grade,D146,Check brush grade,0.6786,D50,Brush condition,0.5963,D308,Inspect brush condition,0.5675,D176,Inspect brush wear,0.5513,D306,Inspect brush gear,0.5252,D150,Inspect brush surface,0.5167,D60,Check brush holder material,0.5033,D51,Brush pressure,0.4914,D55,Inspect brush holders alignment,0.4707,D61,Inspect brush contact,0.4704,True,✅ hit
34,Observe vibration trend during load variation.,D145,Monitor vibration trend,D77,Monitor vibration under load,0.7835,D145,Monitor vibration trend,0.7787,D164,Check vibration effect,0.6868,D91,Perform vibration analysis,0.6746,D140,Measure vibration levels,0.6738,D275,Inspect mechanical load,0.6422,D290,Check vibration,0.6262,D267,Assess load condition,0.6227,D74,Monitor vibration,0.6094,D1,Monitor vibration severity at DE & NDE,0.6056,True,✅ hit
34,Verify soft foot condition using feeler gauge.,D143,Check soft foot,D143,Check soft foot,0.7284,D13,Check pressure relief valve,0.4905,D307,Check mechanical stress,0.481,D167,Check tightness,0.4753,D8,Check bearing oil pressure gauge,0.4648,D172,Check joint tightness,0.4578,D154,Check spring pressure,0.4414,D215,Check moisture/oil ingress,0.4224,D35,Check armature current/voltage,0.4202,D290,Check vibration,0.417,True,✅ hit
34,"Inspect base frame, grout condition, and foundation cracks.",D142,Inspect base frame/grout,D142,Inspect base frame/grout,0.7567,D181,Inspect foundation,0.6639,D141,Check foundation bolts,0.5838,D6,Check foundation bolts tightness,0.5489,D242,Check foundation alignment,0.5421,D116,Inspect bearing seating & housing,0.4194,D348,Inspect bearing liner,0.4106,D66,Check bearings & seals,0.408,D240,Inspect bearing wear,0.4055,D215,Check moisture/oil ingress,0.4007,True,✅ hit
66,Check field circuit connections and terminals.,D299,Check connections,D123,Check terminal connections,0.5789,D157,Verify field current,0.5272,D315,Inspect field coils,0.5168,D299,Check connections,0.5167,D320,Inspect rotor field circuit,0.5116,D43,Inspect coil connections,0.5109,D186,Check CT polarity & wiring,0.5022,D326,Inspect terminal box & windings,0.4926,D257,Check control supply,0.4745,D126,Verify field polarity,0.463,True,✅ hit
34,"Measure vibration levels in horizontal, vertical, and axial directions.",D140,Measure vibration levels,D140,Measure vibration levels,0.8641,D238,Measure vibration (radial/axial),0.8501,D91,Perform vibration analysis,0.7331,D164,Check vibration effect,0.7159,D290,Check vibration,0.7062,D1,Monitor vibration severity at DE & NDE,0.6741,D145,Monitor vibration trend,0.6618,D74,Monitor vibration,0.6456,D77,Monitor vibration under load,0.6453,D343,Measure axial movement,0.5769,True,✅ hit
33,Inspect commutator surface for pitting or burn marks.,D59,Inspect commutator surface,D59,Inspect commutator surface,0.6552,D65,Inspect commutator for oil traces,0.5995,D152,Inspect commutator film,0.583,D37,Inspect commutator,0.5305,D202,Inspect shaft surface,0.5009,D82,Check shaft surface,0.4759,D240,Inspect bearing wear,0.4608,D282,Check lubrication,0.4479,D338,Check pitting depth,0.4416,D179,Inspect bearings,0.4372,True,✅ hit
33,Observe sparking pattern during no-load and load operation.,D58,Monitor sparking pattern,D139,Observe sparking,0.7312,D58,Monitor sparking pattern,0.6974,D275,Inspect mechanical load,0.44,D261,Check non-linear loads,0.4331,D43,Inspect coil connections,0.417,D294,Check load/speed,0.4076,D78,Verify load conditions,0.4029,D267,Assess load condition,0.3954,D155,Inspect coils,0.3914,D77,Monitor vibration under load,0.3861,True,✅ hit
33,Check brush seating and freedom of movement in holders.,D56,Check brush seating & spring tension,D56,Check brush seating & spring tension,0.7339,D55,Inspect brush holders alignment,0.6934,D52,Brush holder alignment,0.6347,D138,Check brush movement,0.6294,D60,Check brush holder material,0.6267,D175,Inspect holders,0.539,D306,Inspect brush gear,0.5229,D176,Inspect brush wear,0.5184,D191,Inspect holder alignment,0.4956,D50,Brush condition,0.495,True,✅ hit
33,"Inspect springs for fatigue, corrosion, or loss of elasticity.",D137,Inspect spring condition,D137,Inspect spring condition,0.7048,D307,Check mechanical stress,0.6179,D275,Inspect mechanical load,0.6104,D154,Check spring pressure,0.5933,D190,Measure spring tension,0.5621,D155,Inspect coils,0.5303,D135,Measure spring pressure,0.5217,D94,Inspect for mechanical impact,0.5137,D134,Inspect end-turn insulation,0.4896,D202,Inspect shaft surface,0.4827,True,✅ hit
33,Measure brush spring pressure using spring tension gauge.,D135,Measure spring pressure,D67,Verify brush contact pressure,0.7755,D135,Measure spring pressure,0.752,D56,Check brush seating & spring tension,0.7279,D51,Brush pressure,0.7215,D190,Measure spring tension,0.7135,D154,Check spring pressure,0.6871,D308,Inspect brush condition,0.6083,D149,Measure brush temp,0.6002,D138,Check brush movement,0.5857,D150,Inspect brush surface,0.5746,True,✅ hit
32,Inspect winding end-turns for discoloration or insulation damage.,D134,Inspect end-turn insulation,D218,Inspect winding insulation,0.7851,D213,Inspect end windings,0.775,D134,Inspect end-turn insulation,0.7578,D188,Inspect internal winding,0.7459,D225,Inspect winding condition,0.7241,D124,Check winding temperature,0.6111,D277,Check winding condition,0.593,D266,Check winding resistance/IR,0.5891,D326,Inspect terminal box & windings,0.5867,D155,Inspect coils,0.5839,True,✅ hit
32,Check insulation resistance to assess thermal degradation.,D36,Insulation resistance test,D133,Check insulation resistance,0.7542,D36,Insulation resistance test,0.73,D38,Check mica insulation,0.6786,D99,Measure insulation resistance,0.6773,D312,Check field insulation,0.6394,D134,Inspect end-turn insulation,0.6179,D303,Review thermal history,0.5964,D68,Monitor insulation resistance,0.5885,D218,Inspect winding insulation,0.5676,D227,Check cooling,0.5297,True,✅ hit
32,Inspect cooling and ventilation system effectiveness.,D125,Inspect cooling/ventilation,D125,Inspect cooling/ventilation,0.8619,D132,Inspect cooling system,0.7062,D220,Inspect cooling,0.691,D105,Inspect ventilation ducts,0.668,D95,Inspect air passages,0.6011,D349,Verify cooling,0.5919,D64,Verify cooling airflow,0.5797,D100,Inspect fan condition,0.5354,D96,Check cooling fan operation,0.5321,D227,Check cooling,0.5243,True,✅ hit
32,Measure motor current and compared with rated values.,D131,Measure motor current,D131,Measure motor current,0.8317,D109,Monitor motor current,0.7161,D168,Measure current,0.5809,D262,Measure voltage/current,0.5668,D278,Measure starting current,0.5272,D156,Measure winding resistance,0.5184,D184,Measure winding resistance,0.5184,D241,Measure current balance,0.5084,D207,Measure shaft diameter,0.4935,D151,Measure current density,0.4799,True,✅ hit
32,Review temperature trend history from protection relay.,D130,Review temperature trend,D263,Check protection relay,0.6183,D130,Review temperature trend,0.6155,D303,Review thermal history,0.5339,D319,Analyze relay logs,0.5171,D328,Review differential relay records,0.5013,D226,Review temp/load history,0.4938,D279,Check relay settings,0.4879,D249,Check relay logs,0.4709,D216,Check relay records,0.4596,D331,Perform relay secondary test,0.4586,True,✅ hit
32,Check winding temperature using RTD / embedded temperature sensors.,D124,Check winding temperature,D124,Check winding temperature,0.8547,D225,Inspect winding condition,0.6507,D218,Inspect winding insulation,0.6435,D188,Inspect internal winding,0.6326,D266,Check winding resistance/IR,0.6296,D277,Check winding condition,0.6277,D2,Monitor bearing temperature using RTD,0.6231,D358,Measure bearing temp (RTD),0.6214,D213,Inspect end windings,0.5957,D321,Check cooling & rotor temp,0.5738,True,✅ hit
31,Inspect interpole polarity alignment with main field.,D129,Check interpole polarity,D129,Check interpole polarity,0.7645,D122,Inspect interpole coils,0.5935,D126,Verify field polarity,0.574,D85,Inspect coupling alignment,0.5348,D121,Measure IR of interpole winding,0.4681,D115,Check coupling alignment history,0.467,D315,Inspect field coils,0.4491,D4,Inspect coupling condition,0.4292,D57,Verify neutral axis alignment,0.424,D320,Inspect rotor field circuit,0.3976,True,✅ hit
31,Observe commutation behaviour during no-load and load run.,D128,Observe commutation,D128,Observe commutation,0.6219,D37,Inspect commutator,0.5686,D53,Commutator runout,0.5317,D63,Check commutator condition,0.4742,D294,Check load/speed,0.47,D78,Verify load conditions,0.4543,D261,Check non-linear loads,0.441,D42,Check commutator segments,0.4402,D59,Inspect commutator surface,0.4321,D275,Inspect mechanical load,0.4277,True,✅ hit
31,Measure field current and compared with design values.,D39,Measure field current,D39,Measure field current,0.7622,D295,Measure field voltage/current,0.6948,D168,Measure current,0.6478,D301,Monitor field current,0.6098,D297,Measure field resistance,0.5845,D241,Measure current balance,0.5503,D151,Measure current density,0.5393,D157,Verify field current,0.5366,D221,Measure current imbalance,0.5317,D278,Measure starting current,0.5305,True,✅ hit
27,Test power supply to fan (if separately driven).,D101,Check fan supply,D101,Check fan supply,0.6688,D100,Inspect fan condition,0.6584,D107,Verify fan mounting,0.6304,D96,Check cooling fan operation,0.5768,D103,Inspect fan blades,0.5645,D87,Check fan & attachments,0.5442,D237,Check rotor cooling,0.4825,D257,Check control supply,0.4802,D349,Verify cooling,0.4725,D132,Inspect cooling system,0.4573,True,✅ hit
35,Check commutator surface for burning or glazing.,D59,Inspect commutator surface,D59,Inspect commutator surface,0.5538,D152,Inspect commutator film,0.4517,D76,Check lubrication oil,0.4278,D282,Check lubrication,0.4274,D53,Commutator runout,0.4211,D65,Inspect commutator for oil traces,0.4155,D37,Inspect commutator,0.4135,D227,Check cooling,0.3808,D42,Check commutator segments,0.37,D49,Commutator condition,0.3669,True,✅ hit
27,Check for dirt accumulation and blockage in ventilation ducts.,D105,Inspect ventilation ducts,D105,Inspect ventilation ducts,0.7411,D125,Inspect cooling/ventilation,0.5957,D95,Inspect air passages,0.54,D215,Check moisture/oil ingress,0.4914,D106,Check airflow,0.4814,D336,Inspect air gap,0.475,D100,Inspect fan condition,0.4481,D98,Check enclosure cleanliness,0.4429,D64,Verify cooling airflow,0.411,D96,Check cooling fan operation,0.406,True,✅ hit
26,Measure temperature rise at brush gear and commutator.,D104,Monitor temperature rise,D149,Measure brush temp,0.7437,D108,Measure temperature rise,0.6581,D306,Inspect brush gear,0.6202,D158,Measure temperature,0.6064,D104,Monitor temperature rise,0.5943,D289,Measure bearing temp,0.566,D124,Check winding temperature,0.5598,D19,Monitor bearing temperature,0.5209,D176,Inspect brush wear,0.5204,D97,Measure air temperature,0.5129,True,✅ hit
22,Check oil level in bearing reservoir.,D80,Check oil level,D23,Check oil reservoir condition,0.7345,D10,Check oil level in reservoir,0.7308,D80,Check oil level,0.7203,D8,Check bearing oil pressure gauge,0.6965,D341,Check oil condition,0.6886,D347,Check oil level/flow,0.6788,D14,Check lubrication oil pressure,0.6499,D76,Check lubrication oil,0.6384,D18,Check oil flow indicators,0.6358,D31,Check oil contamination,0.6131,True,✅ hit
22,Visually inspect oil ring for rotation during running.,D79,Inspect oil ring rotation,D79,Inspect oil ring rotation,0.8112,D112,Inspect oil ring operation,0.701,D81,Inspect oil ring condition,0.6949,D111,Inspect oil viscosity,0.5759,D18,Check oil flow indicators,0.5648,D65,Inspect commutator for oil traces,0.5503,D22,Inspect oil lines/orifices,0.5332,D30,Check oil viscosity,0.5163,D347,Check oil level/flow,0.5128,D12,Inspect oil piping,0.5072,True,✅ hit
21,Verify load and shock conditions.,D78,Verify load conditions,D267,Assess load condition,0.6413,D78,Verify load conditions,0.6391,D307,Check mechanical stress,0.6281,D275,Inspect mechanical load,0.6078,D261,Check non-linear loads,0.5597,D344,Verify thrust load,0.5487,D294,Check load/speed,0.5438,D252,Review starting/load condition,0.5104,D94,Inspect for mechanical impact,0.4956,D154,Check spring pressure,0.4851,True,✅ hit
21,Monitor vibration at various loads.,D77,Monitor vibration under load,D77,Monitor vibration under load,0.9427,D74,Monitor vibration,0.8742,D145,Monitor vibration trend,0.8277,D290,Check vibration,0.7657,D140,Measure vibration levels,0.764,D164,Check vibration effect,0.7617,D91,Perform vibration analysis,0.7373,D34,Monitor bearing vibration,0.7368,D1,Monitor vibration severity at DE & NDE,0.7226,D238,Measure vibration (radial/axial),0.673,True,✅ hit
21,Check lubrication oil for contaminants.,D76,Check lubrication oil,D76,Check lubrication oil,0.8643,D282,Check lubrication,0.7743,D14,Check lubrication oil pressure,0.7444,D7,Check lubrication & grease condition,0.7362,D31,Check oil contamination,0.7072,D361,Inspect lubrication/grease,0.7029,D73,Check lubrication condition,0.6994,D341,Check oil condition,0.6477,D210,Verify lubrication condition,0.6445,D69,Assess lubrication practices,0.6332,True,✅ hit
21,Measure bearing clearances.,D33,Check bearing clearance,D71,Measure bearing clearance,0.9644,D33,Check bearing clearance,0.8979,D88,Check bearing condition,0.7258,D75,Inspect bearing & shaft,0.6973,D179,Inspect bearings,0.6956,D70,Inspect bearing for displacement,0.6849,D93,Check bearing seating,0.666,D289,Measure bearing temp,0.659,D348,Inspect bearing liner,0.6563,D116,Inspect bearing seating & housing,0.6476,True,✅ hit
21,Visual inspection of bearing and shaft.,D75,Inspect bearing & shaft,D75,Inspect bearing & shaft,0.8875,D179,Inspect bearings,0.8125,D240,Inspect bearing wear,0.794,D202,Inspect shaft surface,0.7393,D70,Inspect bearing for displacement,0.7038,D348,Inspect bearing liner,0.6983,D88,Check bearing condition,0.6873,D82,Check shaft surface,0.676,D116,Inspect bearing seating & housing,0.6601,D33,Check bearing clearance,0.6422,True,✅ hit
20,Monitor vibration during operation.,D74,Monitor vibration,D74,Monitor vibration,0.8621,D77,Monitor vibration under load,0.8424,D290,Check vibration,0.7945,D145,Monitor vibration trend,0.7914,D164,Check vibration effect,0.7626,D140,Measure vibration levels,0.7506,D91,Perform vibration analysis,0.7461,D1,Monitor vibration severity at DE & NDE,0.7255,D34,Monitor bearing vibration,0.7032,D238,Measure vibration (radial/axial),0.6822,True,✅ hit
20,Examine lubrication for metal particles.,D73,Check lubrication condition,D282,Check lubrication,0.7278,D361,Inspect lubrication/grease,0.6952,D73,Check lubrication condition,0.6726,D76,Check lubrication oil,0.6712,D69,Assess lubrication practices,0.6688,D210,Verify lubrication condition,0.6504,D7,Check lubrication & grease condition,0.6503,D292,Review lubrication history,0.6278,D14,Check lubrication oil pressure,0.6074,D345,Review lubrication system,0.5922,True,✅ hit
22,"Examine oil ring for deformation, dirt, or wear.",D81,Inspect oil ring condition,D81,Inspect oil ring condition,0.7722,D112,Inspect oil ring operation,0.7297,D79,Inspect oil ring rotation,0.7032,D76,Check lubrication oil,0.612,D341,Check oil condition,0.6099,D111,Inspect oil viscosity,0.6038,D22,Inspect oil lines/orifices,0.6025,D30,Check oil viscosity,0.5878,D31,Check oil contamination,0.5834,D80,Check oil level,0.5786,True,✅ hit
20,Check shaft alignment and coupling.,D72,Check shaft alignment,D72,Check shaft alignment,0.8341,D5,Verify motor–gearbox alignment,0.5925,D82,Check shaft surface,0.59,D202,Inspect shaft surface,0.5666,D118,Check shaft for overload signs,0.5445,D75,Inspect bearing & shaft,0.5408,D206,Inspect shaft journal,0.5336,D195,Inspect coupling bolts,0.5291,D92,Measure shaft runout,0.5086,D177,Inspect shaft fracture,0.5015,True,✅ hit
20,Visually inspect bearing for metal displacement.,D70,Inspect bearing for displacement,D70,Inspect bearing for displacement,0.8662,D240,Inspect bearing wear,0.749,D75,Inspect bearing & shaft,0.7384,D179,Inspect bearings,0.7331,D348,Inspect bearing liner,0.6601,D88,Check bearing condition,0.6331,D116,Inspect bearing seating & housing,0.6298,D202,Inspect shaft surface,0.5934,D71,Measure bearing clearance,0.5771,D33,Check bearing clearance,0.5741,True,✅ hit
19,Assess lubrication practices during maintenance.,D69,Assess lubrication practices,D69,Assess lubrication practices,0.8823,D73,Check lubrication condition,0.7312,D292,Review lubrication history,0.7007,D282,Check lubrication,0.6948,D361,Inspect lubrication/grease,0.6876,D210,Verify lubrication condition,0.687,D345,Review lubrication system,0.6566,D7,Check lubrication & grease condition,0.6486,D76,Check lubrication oil,0.6385,D14,Check lubrication oil pressure,0.5991,True,✅ hit
19,Monitor IR values for insulation degradation.,D68,Monitor insulation resistance,D99,Measure insulation resistance,0.609,D68,Monitor insulation resistance,0.5787,D283,Measure IR (5 kV),0.5723,D36,Insulation resistance test,0.5704,D133,Check insulation resistance,0.568,D312,Check field insulation,0.5666,D134,Inspect end-turn insulation,0.5578,D222,Perform IR & PI test,0.5467,D324,Measure IR to ground,0.5393,D166,Inspect insulators,0.5031,True,✅ hit
19,Verify brush seating and contact pressure.,D67,Verify brush contact pressure,D67,Verify brush contact pressure,0.8415,D56,Check brush seating & spring tension,0.8335,D51,Brush pressure,0.7988,D50,Brush condition,0.6655,D61,Inspect brush contact,0.6648,D138,Check brush movement,0.6618,D55,Inspect brush holders alignment,0.6382,D308,Inspect brush condition,0.6329,D150,Inspect brush surface,0.6237,D60,Check brush holder material,0.6169,True,✅ hit
19,Check bearings and seals for leakage.,D66,Check bearings & seals,D66,Check bearings & seals,0.7659,D179,Inspect bearings,0.602,D282,Check lubrication,0.5604,D230,Check enclosure sealing,0.5604,D215,Check moisture/oil ingress,0.5502,D240,Inspect bearing wear,0.5407,D76,Check lubrication oil,0.5406,D291,Inspect grease seals,0.5248,D348,Inspect bearing liner,0.5169,D7,Check lubrication & grease condition,0.5117,True,✅ hit
19,Visually inspect commutator for oil traces.,D65,Inspect commutator for oil traces,D65,Inspect commutator for oil traces,0.9293,D59,Inspect commutator surface,0.6573,D12,Inspect oil piping,0.6511,D37,Inspect commutator,0.6496,D22,Inspect oil lines/orifices,0.6318,D111,Inspect oil viscosity,0.6148,D79,Inspect oil ring rotation,0.6101,D18,Check oil flow indicators,0.6099,D112,Inspect oil ring operation,0.6046,D152,Inspect commutator film,0.6002,True,✅ hit
18,Verify cooling and airflow inside motor housing.,D64,Verify cooling airflow,D96,Check cooling fan operation,0.6985,D64,Verify cooling airflow,0.688,D349,Verify cooling,0.6792,D227,Check cooling,0.6714,D237,Check rotor cooling,0.6676,D220,Inspect cooling,0.6441,D321,Check cooling & rotor temp,0.634,D132,Inspect cooling system,0.6086,D100,Inspect fan condition,0.5903,D125,Inspect cooling/ventilation,0.5862,True,✅ hit
18,Monitor load current and motor operating temperature.,D62,Monitor load current & temp,D62,Monitor load current & temp,0.762,D109,Monitor motor current,0.6712,D131,Measure motor current,0.6449,D275,Inspect mechanical load,0.5949,D19,Monitor bearing temperature,0.5782,D220,Inspect cooling,0.5751,D321,Check cooling & rotor temp,0.5727,D132,Inspect cooling system,0.572,D158,Measure temperature,0.5682,D104,Monitor temperature rise,0.5646,True,✅ hit
18,Inspect brush contact and spring tension.,D61,Inspect brush contact,D56,Check brush seating & spring tension,0.8171,D61,Inspect brush contact,0.77,D67,Verify brush contact pressure,0.7392,D308,Inspect brush condition,0.7381,D150,Inspect brush surface,0.7186,D176,Inspect brush wear,0.6866,D138,Check brush movement,0.6835,D55,Inspect brush holders alignment,0.6739,D60,Check brush holder material,0.6698,D51,Brush pressure,0.6577,True,✅ hit
20,Measure bearing clearance.,D71,Measure bearing clearance,D71,Measure bearing clearance,0.9676,D33,Check bearing clearance,0.9095,D88,Check bearing condition,0.7312,D75,Inspect bearing & shaft,0.6977,D179,Inspect bearings,0.6833,D70,Inspect bearing for displacement,0.683,D289,Measure bearing temp,0.668,D93,Check bearing seating,0.6636,D348,Inspect bearing liner,0.653,D116,Inspect bearing seating & housing,0.6322,True,✅ hit
22,Verify shaft surface smoothness where ring contacts.,D82,Check shaft surface,D82,Check shaft surface,0.7113,D202,Inspect shaft surface,0.6795,D72,Check shaft alignment,0.6436,D189,Inspect slip rings,0.5588,D207,Measure shaft diameter,0.5342,D75,Inspect bearing & shaft,0.5306,D81,Inspect oil ring condition,0.5293,D79,Inspect oil ring rotation,0.5264,D298,Inspect slip rings/brushes,0.5214,D304,Inspect slip rings/leads,0.5151,True,✅ hit
22,Check bearing temperature trend via thermography.,D19,Monitor bearing temperature,D289,Measure bearing temp,0.7837,D19,Monitor bearing temperature,0.7454,D358,Measure bearing temp (RTD),0.6677,D108,Measure temperature rise,0.6291,D2,Monitor bearing temperature using RTD,0.6273,D158,Measure temperature,0.6169,D346,Monitor bearing temp/vibration,0.579,D285,Check temperature correction,0.5765,D88,Check bearing condition,0.575,D130,Review temperature trend,0.574,True,✅ hit
23,Conduct vibration analysis on motor DE/NDE bearings.,D83,Conduct vibration analysis,D83,Conduct vibration analysis,0.638,D179,Inspect bearings,0.5866,D1,Monitor vibration severity at DE & NDE,0.5606,D75,Inspect bearing & shaft,0.5584,D240,Inspect bearing wear,0.5413,D70,Inspect bearing for displacement,0.5343,D91,Perform vibration analysis,0.5224,D88,Check bearing condition,0.511,D348,Inspect bearing liner,0.5068,D34,Monitor bearing vibration,0.4916,True,✅ hit
26,Inspect fan blades for wear or dust accumulation.,D103,Inspect fan blades,D103,Inspect fan blades,0.821,D100,Inspect fan condition,0.8042,D101,Check fan supply,0.6736,D96,Check cooling fan operation,0.6583,D87,Check fan & attachments,0.6545,D220,Inspect cooling,0.6201,D125,Inspect cooling/ventilation,0.5885,D227,Check cooling,0.5632,D132,Inspect cooling system,0.5366,D237,Check rotor cooling,0.5336,True,✅ hit
26,Verify direction of fan rotation.,D102,Verify rotation direction,D102,Verify rotation direction,0.742,D107,Verify fan mounting,0.6805,D100,Inspect fan condition,0.6215,D96,Check cooling fan operation,0.615,D101,Check fan supply,0.5654,D103,Inspect fan blades,0.5551,D237,Check rotor cooling,0.5114,D87,Check fan & attachments,0.5037,D64,Verify cooling airflow,0.5015,D281,Check rotor movement,0.4969,True,✅ hit
26,Test fan motor supply and continuity.,D101,Check fan supply,D101,Check fan supply,0.7005,D100,Inspect fan condition,0.6859,D96,Check cooling fan operation,0.6527,D107,Verify fan mounting,0.6362,D103,Inspect fan blades,0.5976,D87,Check fan & attachments,0.5878,D237,Check rotor cooling,0.5329,D227,Check cooling,0.5048,D109,Monitor motor current,0.4927,D321,Check cooling & rotor temp,0.4856,True,✅ hit
26,Check cooling fan for mechanical damage or obstruction.,D100,Inspect fan condition,D227,Check cooling,0.74,D96,Check cooling fan operation,0.7275,D101,Check fan supply,0.5562,D220,Inspect cooling,0.5417,D237,Check rotor cooling,0.5248,D349,Verify cooling,0.5021,D100,Inspect fan condition,0.502,D321,Check cooling & rotor temp,0.4676,D132,Inspect cooling system,0.4657,D215,Check moisture/oil ingress,0.4534,True,✅ hit
25,Measure insulation resistance to detect thermal degradation.,D99,Measure insulation resistance,D99,Measure insulation resistance,0.8027,D133,Check insulation resistance,0.7577,D36,Insulation resistance test,0.7509,D68,Monitor insulation resistance,0.6487,D312,Check field insulation,0.6272,D134,Inspect end-turn insulation,0.6253,D38,Check mica insulation,0.5844,D218,Inspect winding insulation,0.5823,D166,Inspect insulators,0.5498,D158,Measure temperature,0.5043,True,✅ hit
25,Verify motor enclosure cleanliness and dust ingress.,D98,Check enclosure cleanliness,D98,Check enclosure cleanliness,0.7685,D230,Check enclosure sealing,0.5375,D125,Inspect cooling/ventilation,0.5111,D215,Check moisture/oil ingress,0.511,D100,Inspect fan condition,0.5009,D220,Inspect cooling,0.4736,D337,Inspect rotor/stator surface,0.463,D286,Inspect contamination,0.4584,D103,Inspect fan blades,0.452,D38,Check mica insulation,0.4439,True,✅ hit
25,Assess brush and commutator temperature rise.,D149,Measure brush temp,D149,Measure brush temp,0.7545,D108,Measure temperature rise,0.6033,D308,Inspect brush condition,0.5837,D50,Brush condition,0.5835,D146,Check brush grade,0.5506,D176,Inspect brush wear,0.5407,D104,Monitor temperature rise,0.532,D138,Check brush movement,0.512,D306,Inspect brush gear,0.5002,D158,Measure temperature,0.4984,True,✅ hit
25,Measure inlet and outlet air temperature.,D97,Measure air temperature,D97,Measure air temperature,0.6641,D125,Inspect cooling/ventilation,0.5882,D64,Verify cooling airflow,0.5785,D95,Inspect air passages,0.5689,D132,Inspect cooling system,0.5662,D158,Measure temperature,0.5503,D124,Check winding temperature,0.5469,D106,Check airflow,0.5327,D220,Inspect cooling,0.5301,D100,Inspect fan condition,0.51,True,✅ hit
25,Check operation of cooling fan and airflow direction.,D96,Check cooling fan operation,D96,Check cooling fan operation,0.8537,D227,Check cooling,0.728,D101,Check fan supply,0.6598,D64,Verify cooling airflow,0.6541,D349,Verify cooling,0.6259,D100,Inspect fan condition,0.6225,D237,Check rotor cooling,0.6106,D220,Inspect cooling,0.6044,D132,Inspect cooling system,0.5704,D321,Check cooling & rotor temp,0.5671,True,✅ hit
25,Inspect cooling air passages and filters for blockage.,D95,Inspect air passages,D125,Inspect cooling/ventilation,0.7926,D220,Inspect cooling,0.764,D132,Inspect cooling system,0.7448,D95,Inspect air passages,0.6816,D349,Verify cooling,0.6259,D227,Check cooling,0.6174,D336,Inspect air gap,0.6101,D105,Inspect ventilation ducts,0.61,D355,Inspect cooler tubes,0.6096,D64,Verify cooling airflow,0.5929,True,✅ hit
24,Check for signs of mechanical impact or overload on housing.,D94,Inspect for mechanical impact,D307,Check mechanical stress,0.5197,D116,Inspect bearing seating & housing,0.5061,D94,Inspect for mechanical impact,0.4931,D98,Check enclosure cleanliness,0.4525,D6,Check foundation bolts tightness,0.4295,D215,Check moisture/oil ingress,0.4281,D141,Check foundation bolts,0.4183,D275,Inspect mechanical load,0.4142,D118,Check shaft for overload signs,0.3862,D134,Inspect end-turn insulation,0.3447,True,✅ hit
24,Assess bearing fitment and seating condition.,D93,Check bearing seating,D116,Inspect bearing seating & housing,0.8308,D93,Check bearing seating,0.8278,D88,Check bearing condition,0.6889,D33,Check bearing clearance,0.6595,D71,Measure bearing clearance,0.6585,D240,Inspect bearing wear,0.6171,D75,Inspect bearing & shaft,0.6097,D179,Inspect bearings,0.5925,D70,Inspect bearing for displacement,0.5919,D289,Measure bearing temp,0.5511,True,✅ hit
24,Measure shaft alignment and runout.,D92,Measure shaft runout,D92,Measure shaft runout,0.8619,D72,Check shaft alignment,0.8209,D207,Measure shaft diameter,0.7027,D82,Check shaft surface,0.6825,D202,Inspect shaft surface,0.6798,D118,Check shaft for overload signs,0.6553,D75,Inspect bearing & shaft,0.647,D206,Inspect shaft journal,0.6306,D5,Verify motor–gearbox alignment,0.608,D177,Inspect shaft fracture,0.5737,True,✅ hit
24,Perform vibration analysis to identify structural looseness.,D91,Perform vibration analysis,D91,Perform vibration analysis,0.726,D164,Check vibration effect,0.6149,D290,Check vibration,0.6097,D77,Monitor vibration under load,0.5846,D140,Measure vibration levels,0.5716,D238,Measure vibration (radial/axial),0.5567,D145,Monitor vibration trend,0.5441,D74,Monitor vibration,0.5415,D178,Review vibration history,0.5204,D1,Monitor vibration severity at DE & NDE,0.5124,True,✅ hit
24,Check concentricity and alignment between DE/NDE shields.,D90,Check alignment of shields,D90,Check alignment of shields,0.698,D89,Inspect end shields,0.5434,D191,Inspect holder alignment,0.3782,D85,Inspect coupling alignment,0.3469,D72,Check shaft alignment,0.3349,D242,Check foundation alignment,0.3258,D230,Check enclosure sealing,0.3215,D6,Check foundation bolts tightness,0.3164,D57,Verify neutral axis alignment,0.3103,D196,Check alignment,0.3016,True,✅ hit
24,Conduct visual inspection of end shields and bearing seating surfaces.,D89,Inspect end shields,D89,Inspect end shields,0.6673,D116,Inspect bearing seating & housing,0.6392,D179,Inspect bearings,0.6248,D240,Inspect bearing wear,0.6216,D348,Inspect bearing liner,0.5944,D93,Check bearing seating,0.5842,D280,Inspect driven equipment,0.5783,D75,Inspect bearing & shaft,0.5132,D202,Inspect shaft surface,0.4955,D94,Inspect for mechanical impact,0.4877,True,✅ hit
23,Verify bearing condition for looseness or wear.,D88,Check bearing condition,D88,Check bearing condition,0.786,D240,Inspect bearing wear,0.7562,D75,Inspect bearing & shaft,0.7001,D179,Inspect bearings,0.6782,D70,Inspect bearing for displacement,0.6673,D33,Check bearing clearance,0.6526,D66,Check bearings & seals,0.6275,D93,Check bearing seating,0.6256,D116,Inspect bearing seating & housing,0.6147,D71,Measure bearing clearance,0.6003,True,✅ hit
23,Check tightness of fan blades and mechanical attachments.,D87,Check fan & attachments,D96,Check cooling fan operation,0.7138,D101,Check fan supply,0.6864,D227,Check cooling,0.6724,D100,Inspect fan condition,0.6666,D87,Check fan & attachments,0.6218,D103,Inspect fan blades,0.6052,D237,Check rotor cooling,0.5408,D107,Verify fan mounting,0.5241,D220,Inspect cooling,0.5186,D228,Check connection tightness,0.513,True,✅ hit
23,Perform visual inspection of rotor surface for missing/broken components.,D86,Inspect rotor surface,D86,Inspect rotor surface,0.8263,D233,Inspect rotor,0.8135,D235,Inspect rotor during overhaul,0.7887,D337,Inspect rotor/stator surface,0.7597,D302,Inspect rotor poles,0.7373,D320,Inspect rotor field circuit,0.6651,D84,Check rotor runout,0.6165,D281,Check rotor movement,0.6111,D237,Check rotor cooling,0.6002,D202,Inspect shaft surface,0.5883,True,✅ hit
23,Inspect coupling alignment with driven equipment.,D85,Inspect coupling alignment,D85,Inspect coupling alignment,0.8052,D115,Check coupling alignment history,0.7109,D195,Inspect coupling bolts,0.6483,D4,Inspect coupling condition,0.648,D280,Inspect driven equipment,0.6259,D5,Verify motor–gearbox alignment,0.554,D200,Inspect hub fitment,0.5196,D191,Inspect holder alignment,0.5053,D72,Check shaft alignment,0.5008,D55,Inspect brush holders alignment,0.4792,True,✅ hit
23,Check for eccentricity and mechanical runout of rotor.,D84,Check rotor runout,D281,Check rotor movement,0.7054,D84,Check rotor runout,0.6983,D3,Check rotor free movement,0.6841,D233,Inspect rotor,0.6824,D237,Check rotor cooling,0.6767,D120,Assess rotor balance,0.6565,D321,Check cooling & rotor temp,0.6411,D86,Inspect rotor surface,0.6391,D193,Verify rotor earthing,0.6163,D192,Check rotor circuit resistance,0.6136,True,✅ hit
27,Inspect cooling fan for physical damage and free rotation.,D100,Inspect fan condition,D100,Inspect fan condition,0.7126,D96,Check cooling fan operation,0.712,D220,Inspect cooling,0.7009,D125,Inspect cooling/ventilation,0.644,D237,Check rotor cooling,0.6437,D132,Inspect cooling system,0.6396,D103,Inspect fan blades,0.632,D227,Check cooling,0.6257,D101,Check fan supply,0.6098,D321,Check cooling & rotor temp,0.5864,True,✅ hit
66,Review excitation failure relay logs.,D173,Review relay records,D249,Check relay logs,0.6893,D319,Analyze relay logs,0.6703,D323,Check earth fault relay log,0.6527,D263,Check protection relay,0.5937,D279,Check relay settings,0.5597,D211,Check earth fault relay,0.5494,D119,Review operational logs,0.5371,D173,Review relay records,0.5193,D273,Verify relay settings,0.5158,D216,Check relay records,0.5149,True,✅ hit
