id,source_folder,source_file,tokens_sent,tokens_received,api_calls,duration_seconds
5,tmp0d0e53t4,Q_5_trajectory.json,40432,1335,16,76.92
106,tmp0d0e53t4,Q_106_trajectory.json,51655,2902,30,271.57
114,tmp0d0e53t4,Q_114_trajectory.json,32443,2172,24,660.02
203,tmp0d0e53t4,Q_203_trajectory.json,21538,498,10,37.28
204,tmp0d0e53t4,Q_204_trajectory.json,12528,258,6,26.16
400,tmp0d0e53t4,Q_400_trajectory.json,213960,1435,24,93.29
405,tmp0d0e53t4,Q_405_trajectory.json,200218,2099,24,88.31
424,tmp0d0e53t4,Q_424_trajectory.json,311646,2534,24,95.12
604,tmp0d0e53t4,Q_604_trajectory.json,25311,1282,18,113.81
607,tmp0d0e53t4,Q_607_trajectory.json,65752,2122,30,264.36
7,tmp0i6lely9,Q_7_trajectory.json,14074,319,6,35.43
11,tmp0i6lely9,Q_11_trajectory.json,14221,287,6,26.89
107,tmp0i6lely9,Q_107_trajectory.json,10481,455,6,43.81
108,tmp0i6lely9,Q_108_trajectory.json,15145,773,6,63.85
201,tmp0i6lely9,Q_201_trajectory.json,16362,229,8,31.18
205,tmp0i6lely9,Q_205_trajectory.json,13054,181,6,21.48
403,tmp0i6lely9,Q_403_trajectory.json,75443,528,6,26.21
410,tmp0i6lely9,Q_410_trajectory.json,111909,1451,20,83.76
411,tmp0i6lely9,Q_411_trajectory.json,635934,3837,48,677.15
605,tmp0i6lely9,Q_605_trajectory.json,21201,797,10,78.41
606,tmp0i6lely9,Q_606_trajectory.json,14123,600,6,55.96
5,tmp0ihsb4l1,Q_5_trajectory.json,29940,520,12,48.83
8,tmp0ihsb4l1,Q_8_trajectory.json,9273,627,4,26.45
106,tmp0ihsb4l1,Q_106_trajectory.json,10425,536,8,48.52
114,tmp0ihsb4l1,Q_114_trajectory.json,65611,2067,32,130.38
203,tmp0ihsb4l1,Q_203_trajectory.json,8223,151,4,18.37
204,tmp0ihsb4l1,Q_204_trajectory.json,18062,623,8,31.55
400,tmp0ihsb4l1,Q_400_trajectory.json,126048,576,10,31.85
405,tmp0ihsb4l1,Q_405_trajectory.json,124924,696,10,39.01
424,tmp0ihsb4l1,Q_424_trajectory.json,263667,1065,14,54.96
604,tmp0ihsb4l1,Q_604_trajectory.json,17958,772,8,91.21
607,tmp0ihsb4l1,Q_607_trajectory.json,29386,1659,20,94.89
5,tmp0p_t4zc0,Q_5_trajectory.json,48969,1291,20,80.0
8,tmp0p_t4zc0,Q_8_trajectory.json,452327,2084,43,425.85
106,tmp0p_t4zc0,Q_106_trajectory.json,16366,915,8,58.2
114,tmp0p_t4zc0,Q_114_trajectory.json,59418,3178,36,154.12
203,tmp0p_t4zc0,Q_203_trajectory.json,21172,932,10,41.41
204,tmp0p_t4zc0,Q_204_trajectory.json,16775,546,8,35.24
400,tmp0p_t4zc0,Q_400_trajectory.json,181082,1256,16,60.17
405,tmp0p_t4zc0,Q_405_trajectory.json,204773,3504,34,133.63
424,tmp0p_t4zc0,Q_424_trajectory.json,541368,3193,40,310.28
604,tmp0p_t4zc0,Q_604_trajectory.json,36033,1252,18,93.4
607,tmp0p_t4zc0,Q_607_trajectory.json,62621,2943,35,146.73
5,tmp0qt4pr6i,Q_5_trajectory.json,65975,1465,27,112.78
8,tmp0qt4pr6i,Q_8_trajectory.json,78111,2280,30,123.92
106,tmp0qt4pr6i,Q_106_trajectory.json,21922,860,12,91.37
114,tmp0qt4pr6i,Q_114_trajectory.json,60641,2699,40,174.37
203,tmp0qt4pr6i,Q_203_trajectory.json,66010,1965,30,115.37
204,tmp0qt4pr6i,Q_204_trajectory.json,16821,355,8,34.5
400,tmp0qt4pr6i,Q_400_trajectory.json,501995,2661,40,135.28
405,tmp0qt4pr6i,Q_405_trajectory.json,184527,1895,42,129.82
424,tmp0qt4pr6i,Q_424_trajectory.json,103192,1005,8,38.14
604,tmp0qt4pr6i,Q_604_trajectory.json,37311,1524,22,150.53
607,tmp0qt4pr6i,Q_607_trajectory.json,38604,2123,32,207.77
5,tmp0ywbzfmb,Q_5_trajectory.json,60058,839,27,96.79
8,tmp0ywbzfmb,Q_8_trajectory.json,42839,1180,17,65.01
106,tmp0ywbzfmb,Q_106_trajectory.json,10794,439,6,43.11
114,tmp0ywbzfmb,Q_114_trajectory.json,65127,2096,34,124.32
203,tmp0ywbzfmb,Q_203_trajectory.json,12887,214,6,22.43
204,tmp0ywbzfmb,Q_204_trajectory.json,8398,178,4,15.44
400,tmp0ywbzfmb,Q_400_trajectory.json,123302,1744,32,127.57
405,tmp0ywbzfmb,Q_405_trajectory.json,176326,1907,30,102.02
424,tmp0ywbzfmb,Q_424_trajectory.json,237223,1702,18,68.45
604,tmp0ywbzfmb,Q_604_trajectory.json,20235,602,10,56.21
607,tmp0ywbzfmb,Q_607_trajectory.json,52580,1579,24,206.74
5,tmp17b0e1sl,Q_5_trajectory.json,14089,324,6,34.32
8,tmp17b0e1sl,Q_8_trajectory.json,52202,768,21,296.64
106,tmp17b0e1sl,Q_106_trajectory.json,11053,409,6,46.78
114,tmp17b0e1sl,Q_114_trajectory.json,42957,1787,28,149.3
203,tmp17b0e1sl,Q_203_trajectory.json,8188,507,4,21.78
204,tmp17b0e1sl,Q_204_trajectory.json,8365,117,4,18.4
400,tmp17b0e1sl,Q_400_trajectory.json,100045,341,8,28.05
405,tmp17b0e1sl,Q_405_trajectory.json,174929,1100,14,215.39
424,tmp17b0e1sl,Q_424_trajectory.json,325062,3188,22,129.28
604,tmp17b0e1sl,Q_604_trajectory.json,15995,962,12,66.17
607,tmp17b0e1sl,Q_607_trajectory.json,46441,2608,30,153.91
7,tmp17u7q05k,Q_7_trajectory.json,24092,791,10,52.3
11,tmp17u7q05k,Q_11_trajectory.json,65771,3139,24,109.78
107,tmp17u7q05k,Q_107_trajectory.json,21410,652,10,144.2
108,tmp17u7q05k,Q_108_trajectory.json,13230,770,6,54.51
201,tmp17u7q05k,Q_201_trajectory.json,8319,255,4,21.04
205,tmp17u7q05k,Q_205_trajectory.json,17107,638,8,38.4
403,tmp17u7q05k,Q_403_trajectory.json,50013,353,4,20.61
410,tmp17u7q05k,Q_410_trajectory.json,207446,1277,16,61.51
411,tmp17u7q05k,Q_411_trajectory.json,151048,893,12,49.71
605,tmp17u7q05k,Q_605_trajectory.json,12575,353,6,51.74
606,tmp17u7q05k,Q_606_trajectory.json,13282,770,6,65.12
8,tmp1bj5qbba,Q_8_trajectory.json,34425,1143,13,55.75
106,tmp1bj5qbba,Q_106_trajectory.json,25747,1577,16,107.96
114,tmp1bj5qbba,Q_114_trajectory.json,65298,2324,32,253.5
203,tmp1bj5qbba,Q_203_trajectory.json,4180,430,4,20.49
204,tmp1bj5qbba,Q_204_trajectory.json,3226,693,4,31.9
400,tmp1bj5qbba,Q_400_trajectory.json,91015,734,13,50.1
405,tmp1bj5qbba,Q_405_trajectory.json,76428,1606,31,111.89
604,tmp1bj5qbba,Q_604_trajectory.json,35084,1378,18,122.68
607,tmp1bj5qbba,Q_607_trajectory.json,47356,1772,30,197.69
5,tmp1g50smy2,Q_5_trajectory.json,25167,507,10,42.62
8,tmp1g50smy2,Q_8_trajectory.json,28286,968,11,38.03
106,tmp1g50smy2,Q_106_trajectory.json,124629,1405,14,70.51
114,tmp1g50smy2,Q_114_trajectory.json,146733,2232,37,633.59
203,tmp1g50smy2,Q_203_trajectory.json,98834,1168,16,62.66
204,tmp1g50smy2,Q_204_trajectory.json,16853,261,8,31.83
400,tmp1g50smy2,Q_400_trajectory.json,75170,446,6,22.67
405,tmp1g50smy2,Q_405_trajectory.json,119584,1323,23,72.88
424,tmp1g50smy2,Q_424_trajectory.json,390205,2179,28,86.13
604,tmp1g50smy2,Q_604_trajectory.json,271418,2670,30,143.86
607,tmp1g50smy2,Q_607_trajectory.json,557521,3656,40,182.69
5,tmp1h3wz224,Q_5_trajectory.json,44296,1025,18,72.61
8,tmp1h3wz224,Q_8_trajectory.json,58135,1906,22,85.34
106,tmp1h3wz224,Q_106_trajectory.json,21907,793,12,94.62
114,tmp1h3wz224,Q_114_trajectory.json,59313,1270,23,297.14
203,tmp1h3wz224,Q_203_trajectory.json,5115,656,6,35.89
204,tmp1h3wz224,Q_204_trajectory.json,3639,656,4,31.24
400,tmp1h3wz224,Q_400_trajectory.json,100956,570,8,30.39
405,tmp1h3wz224,Q_405_trajectory.json,30748,1246,14,60.79
424,tmp1h3wz224,Q_424_trajectory.json,8729,1782,8,52.03
604,tmp1h3wz224,Q_604_trajectory.json,49924,1160,20,68.87
607,tmp1h3wz224,Q_607_trajectory.json,59987,1163,23,185.02
7,tmp1l16jfs2,Q_7_trajectory.json,62842,2185,24,103.51
11,tmp1l16jfs2,Q_11_trajectory.json,20211,825,8,40.83
107,tmp1l16jfs2,Q_107_trajectory.json,9840,449,6,42.82
108,tmp1l16jfs2,Q_108_trajectory.json,13449,513,6,54.99
201,tmp1l16jfs2,Q_201_trajectory.json,8341,164,4,19.53
205,tmp1l16jfs2,Q_205_trajectory.json,13157,221,6,25.8
403,tmp1l16jfs2,Q_403_trajectory.json,75846,586,6,29.01
410,tmp1l16jfs2,Q_410_trajectory.json,126020,856,10,48.33
411,tmp1l16jfs2,Q_411_trajectory.json,203230,1105,16,65.9
605,tmp1l16jfs2,Q_605_trajectory.json,21598,807,10,88.54
606,tmp1l16jfs2,Q_606_trajectory.json,13567,853,6,65.41
5,tmp1ok03cyw,Q_5_trajectory.json,37121,920,16,94.96
8,tmp1ok03cyw,Q_8_trajectory.json,41372,686,17,206.33
106,tmp1ok03cyw,Q_106_trajectory.json,11230,624,6,77.62
114,tmp1ok03cyw,Q_114_trajectory.json,42419,2335,24,153.65
203,tmp1ok03cyw,Q_203_trajectory.json,8302,369,4,22.12
204,tmp1ok03cyw,Q_204_trajectory.json,8421,186,4,20.74
400,tmp1ok03cyw,Q_400_trajectory.json,255385,1328,20,77.11
405,tmp1ok03cyw,Q_405_trajectory.json,111286,1076,20,124.21
424,tmp1ok03cyw,Q_424_trajectory.json,370133,1961,20,93.4
604,tmp1ok03cyw,Q_604_trajectory.json,21211,967,14,108.96
607,tmp1ok03cyw,Q_607_trajectory.json,50806,2287,30,177.15
5,tmp2513kkn_,Q_5_trajectory.json,61789,1509,26,145.81
8,tmp2513kkn_,Q_8_trajectory.json,793647,5239,69,603.33
106,tmp2513kkn_,Q_106_trajectory.json,13238,788,8,73.9
114,tmp2513kkn_,Q_114_trajectory.json,199669,3587,40,707.02
203,tmp2513kkn_,Q_203_trajectory.json,53928,1480,22,117.67
204,tmp2513kkn_,Q_204_trajectory.json,174807,1529,30,173.88
400,tmp2513kkn_,Q_400_trajectory.json,331476,2141,36,183.3
405,tmp2513kkn_,Q_405_trajectory.json,282469,1970,32,165.18
424,tmp2513kkn_,Q_424_trajectory.json,378954,2621,28,146.43
604,tmp2513kkn_,Q_604_trajectory.json,61490,2738,34,255.08
607,tmp2513kkn_,Q_607_trajectory.json,43356,2233,22,668.09
7,tmp28yyghsh,Q_7_trajectory.json,14037,263,6,30.46
11,tmp28yyghsh,Q_11_trajectory.json,60330,1254,25,87.99
107,tmp28yyghsh,Q_107_trajectory.json,38166,2241,24,148.25
108,tmp28yyghsh,Q_108_trajectory.json,28913,2087,18,552.26
201,tmp28yyghsh,Q_201_trajectory.json,16434,225,8,31.09
205,tmp28yyghsh,Q_205_trajectory.json,13100,305,6,22.64
403,tmp28yyghsh,Q_403_trajectory.json,450556,3911,50,250.81
410,tmp28yyghsh,Q_410_trajectory.json,448793,3342,56,189.2
411,tmp28yyghsh,Q_411_trajectory.json,271935,1651,20,75.0
605,tmp28yyghsh,Q_605_trajectory.json,26035,1155,14,73.62
606,tmp28yyghsh,Q_606_trajectory.json,49548,1603,18,103.42
5,tmp2nbgak_t,Q_5_trajectory.json,48311,1217,20,104.07
8,tmp2nbgak_t,Q_8_trajectory.json,34602,829,13,47.89
106,tmp2nbgak_t,Q_106_trajectory.json,11007,456,6,46.79
114,tmp2nbgak_t,Q_114_trajectory.json,86841,2514,34,249.92
203,tmp2nbgak_t,Q_203_trajectory.json,8230,101,4,15.52
204,tmp2nbgak_t,Q_204_trajectory.json,8409,101,4,16.47
400,tmp2nbgak_t,Q_400_trajectory.json,145746,1092,18,63.41
405,tmp2nbgak_t,Q_405_trajectory.json,73644,1227,30,99.11
424,tmp2nbgak_t,Q_424_trajectory.json,358833,2489,24,93.12
604,tmp2nbgak_t,Q_604_trajectory.json,15582,946,10,69.22
607,tmp2nbgak_t,Q_607_trajectory.json,48312,1379,27,116.09
5,tmp2u0r81yx,Q_5_trajectory.json,24811,959,10,50.42
8,tmp2u0r81yx,Q_8_trajectory.json,32810,417,13,40.74
106,tmp2u0r81yx,Q_106_trajectory.json,11007,447,6,39.8
114,tmp2u0r81yx,Q_114_trajectory.json,23597,934,10,88.74
203,tmp2u0r81yx,Q_203_trajectory.json,13081,506,6,24.81
204,tmp2u0r81yx,Q_204_trajectory.json,8365,349,4,18.9
400,tmp2u0r81yx,Q_400_trajectory.json,75370,513,6,25.58
405,tmp2u0r81yx,Q_405_trajectory.json,57318,822,16,66.77
604,tmp2u0r81yx,Q_604_trajectory.json,17626,1078,12,74.81
607,tmp2u0r81yx,Q_607_trajectory.json,44250,2452,28,144.59
5,tmp2zzmbdkl,Q_5_trajectory.json,35340,988,14,86.39
106,tmp2zzmbdkl,Q_106_trajectory.json,12148,497,6,74.92
114,tmp2zzmbdkl,Q_114_trajectory.json,58513,2577,34,676.59
203,tmp2zzmbdkl,Q_203_trajectory.json,13935,230,6,28.11
204,tmp2zzmbdkl,Q_204_trajectory.json,9146,116,4,21.0
400,tmp2zzmbdkl,Q_400_trajectory.json,91948,1052,20,89.98
405,tmp2zzmbdkl,Q_405_trajectory.json,269489,1961,29,190.46
424,tmp2zzmbdkl,Q_424_trajectory.json,348444,1942,24,104.32
604,tmp2zzmbdkl,Q_604_trajectory.json,15361,701,8,86.06
607,tmp2zzmbdkl,Q_607_trajectory.json,55598,2921,26,164.04
5,tmp36o4j_ue,Q_5_trajectory.json,19224,310,8,39.9
8,tmp36o4j_ue,Q_8_trajectory.json,66757,1399,25,97.3
106,tmp36o4j_ue,Q_106_trajectory.json,28895,1233,14,116.94
114,tmp36o4j_ue,Q_114_trajectory.json,14352,367,6,579.76
203,tmp36o4j_ue,Q_203_trajectory.json,31830,567,14,60.79
204,tmp36o4j_ue,Q_204_trajectory.json,13700,952,14,71.27
400,tmp36o4j_ue,Q_400_trajectory.json,24029,357,10,40.02
405,tmp36o4j_ue,Q_405_trajectory.json,38799,967,16,80.13
604,tmp36o4j_ue,Q_604_trajectory.json,12619,1327,10,114.23
607,tmp36o4j_ue,Q_607_trajectory.json,19730,414,8,39.98
5,tmp37_wky2e,Q_5_trajectory.json,137561,2721,56,193.07
8,tmp37_wky2e,Q_8_trajectory.json,86305,1761,35,102.87
106,tmp37_wky2e,Q_106_trajectory.json,28942,1688,20,106.08
114,tmp37_wky2e,Q_114_trajectory.json,54926,2020,32,123.65
203,tmp37_wky2e,Q_203_trajectory.json,255363,2373,38,129.58
204,tmp37_wky2e,Q_204_trajectory.json,35110,978,16,61.9
400,tmp37_wky2e,Q_400_trajectory.json,68141,1480,28,123.58
405,tmp37_wky2e,Q_405_trajectory.json,142352,1691,32,108.01
424,tmp37_wky2e,Q_424_trajectory.json,373823,2735,26,102.2
604,tmp37_wky2e,Q_604_trajectory.json,39597,1219,20,131.7
607,tmp37_wky2e,Q_607_trajectory.json,136270,2893,41,291.12
5,tmp3_mpi6ra,Q_5_trajectory.json,25111,871,10,50.69
8,tmp3_mpi6ra,Q_8_trajectory.json,20052,538,8,35.41
106,tmp3_mpi6ra,Q_106_trajectory.json,10803,442,6,41.29
114,tmp3_mpi6ra,Q_114_trajectory.json,21013,1535,16,77.25
203,tmp3_mpi6ra,Q_203_trajectory.json,8369,161,4,18.21
204,tmp3_mpi6ra,Q_204_trajectory.json,8365,267,4,18.28
400,tmp3_mpi6ra,Q_400_trajectory.json,175171,765,14,79.81
405,tmp3_mpi6ra,Q_405_trajectory.json,32809,659,14,53.43
424,tmp3_mpi6ra,Q_424_trajectory.json,341561,3927,32,188.53
604,tmp3_mpi6ra,Q_604_trajectory.json,6475,464,6,37.46
607,tmp3_mpi6ra,Q_607_trajectory.json,55940,2943,32,188.62
5,tmp3dzju6sa,Q_5_trajectory.json,14089,320,6,35.6
8,tmp3dzju6sa,Q_8_trajectory.json,58483,1502,23,78.09
106,tmp3dzju6sa,Q_106_trajectory.json,33583,2063,20,97.63
114,tmp3dzju6sa,Q_114_trajectory.json,85178,2871,40,171.84
203,tmp3dzju6sa,Q_203_trajectory.json,8381,263,4,16.82
204,tmp3dzju6sa,Q_204_trajectory.json,16807,277,8,29.85
400,tmp3dzju6sa,Q_400_trajectory.json,395094,3701,62,194.92
405,tmp3dzju6sa,Q_405_trajectory.json,175634,2342,44,136.21
424,tmp3dzju6sa,Q_424_trajectory.json,358360,3053,26,108.02
604,tmp3dzju6sa,Q_604_trajectory.json,92731,2259,35,1453.31
607,tmp3dzju6sa,Q_607_trajectory.json,27425,1294,16,530.46
5,tmp3sk4r5jm,Q_5_trajectory.json,208541,5075,84,282.14
8,tmp3sk4r5jm,Q_8_trajectory.json,122256,2888,49,146.86
106,tmp3sk4r5jm,Q_106_trajectory.json,47257,1084,19,63.29
114,tmp3sk4r5jm,Q_114_trajectory.json,145040,3174,57,176.49
203,tmp3sk4r5jm,Q_203_trajectory.json,88139,1945,35,113.52
204,tmp3sk4r5jm,Q_204_trajectory.json,195954,3297,73,757.38
400,tmp3sk4r5jm,Q_400_trajectory.json,632337,2863,42,137.93
405,tmp3sk4r5jm,Q_405_trajectory.json,522486,3911,60,207.0
424,tmp3sk4r5jm,Q_424_trajectory.json,115618,2064,46,141.09
604,tmp3sk4r5jm,Q_604_trajectory.json,103176,2473,42,134.53
607,tmp3sk4r5jm,Q_607_trajectory.json,212953,4624,86,1248.35
5,tmp3vp5sgbt,Q_5_trajectory.json,25100,803,10,46.28
106,tmp3vp5sgbt,Q_106_trajectory.json,58510,2769,32,160.67
114,tmp3vp5sgbt,Q_114_trajectory.json,175326,3833,40,481.47
203,tmp3vp5sgbt,Q_203_trajectory.json,35324,951,16,60.45
204,tmp3vp5sgbt,Q_204_trajectory.json,111466,3895,48,181.79
400,tmp3vp5sgbt,Q_400_trajectory.json,995237,5912,82,272.16
405,tmp3vp5sgbt,Q_405_trajectory.json,312993,2395,34,612.75
424,tmp3vp5sgbt,Q_424_trajectory.json,486014,3580,34,126.16
604,tmp3vp5sgbt,Q_604_trajectory.json,50236,1842,22,102.2
607,tmp3vp5sgbt,Q_607_trajectory.json,73951,1594,20,92.98
5,tmp41i7ftp6,Q_5_trajectory.json,69773,1744,30,143.09
8,tmp41i7ftp6,Q_8_trajectory.json,120937,1877,51,166.11
106,tmp41i7ftp6,Q_106_trajectory.json,162213,2641,38,267.91
114,tmp41i7ftp6,Q_114_trajectory.json,418040,5132,86,334.76
203,tmp41i7ftp6,Q_203_trajectory.json,63248,1430,30,133.93
204,tmp41i7ftp6,Q_204_trajectory.json,21801,740,10,58.41
400,tmp41i7ftp6,Q_400_trajectory.json,357413,3450,54,226.92
405,tmp41i7ftp6,Q_405_trajectory.json,424510,2759,44,148.61
424,tmp41i7ftp6,Q_424_trajectory.json,899098,5071,60,728.1
604,tmp41i7ftp6,Q_604_trajectory.json,112998,3571,60,315.43
607,tmp41i7ftp6,Q_607_trajectory.json,251487,4912,64,334.21
5,tmp4a_pg8ty,Q_5_trajectory.json,285485,3342,38,152.09
8,tmp4a_pg8ty,Q_8_trajectory.json,142931,2741,57,173.27
106,tmp4a_pg8ty,Q_106_trajectory.json,10863,437,6,40.26
114,tmp4a_pg8ty,Q_114_trajectory.json,306431,4966,76,276.07
203,tmp4a_pg8ty,Q_203_trajectory.json,8285,205,4,16.27
204,tmp4a_pg8ty,Q_204_trajectory.json,27165,914,12,48.67
400,tmp4a_pg8ty,Q_400_trajectory.json,312673,3397,24,101.25
405,tmp4a_pg8ty,Q_405_trajectory.json,192189,1472,24,78.15
424,tmp4a_pg8ty,Q_424_trajectory.json,620109,4044,40,150.18
604,tmp4a_pg8ty,Q_604_trajectory.json,59610,2757,28,127.47
607,tmp4a_pg8ty,Q_607_trajectory.json,43980,2581,30,754.66
5,tmp4abp18rp,Q_5_trajectory.json,19705,763,8,43.33
8,tmp4abp18rp,Q_8_trajectory.json,20267,420,8,34.0
106,tmp4abp18rp,Q_106_trajectory.json,11014,433,6,31.8
114,tmp4abp18rp,Q_114_trajectory.json,46713,1966,22,94.42
203,tmp4abp18rp,Q_203_trajectory.json,8421,368,4,19.37
204,tmp4abp18rp,Q_204_trajectory.json,26715,915,12,50.0
400,tmp4abp18rp,Q_400_trajectory.json,152500,904,12,49.18
405,tmp4abp18rp,Q_405_trajectory.json,151166,878,12,46.81
424,tmp4abp18rp,Q_424_trajectory.json,264290,2535,20,102.62
604,tmp4abp18rp,Q_604_trajectory.json,10954,595,6,35.45
607,tmp4abp18rp,Q_607_trajectory.json,43075,1754,16,112.63
5,tmp4elqztzb,Q_5_trajectory.json,24960,483,10,49.58
8,tmp4elqztzb,Q_8_trajectory.json,20194,509,8,34.77
106,tmp4elqztzb,Q_106_trajectory.json,10864,444,6,41.33
114,tmp4elqztzb,Q_114_trajectory.json,22263,645,9,33.87
203,tmp4elqztzb,Q_203_trajectory.json,1598,80,2,10.9
204,tmp4elqztzb,Q_204_trajectory.json,1626,306,2,12.97
400,tmp4elqztzb,Q_400_trajectory.json,100945,567,8,29.49
405,tmp4elqztzb,Q_405_trajectory.json,18193,489,8,30.76
424,tmp4elqztzb,Q_424_trajectory.json,9221,1260,8,49.6
604,tmp4elqztzb,Q_604_trajectory.json,22124,312,9,29.07
607,tmp4elqztzb,Q_607_trajectory.json,22362,821,9,34.31
5,tmp4nuhkew_,Q_5_trajectory.json,56368,1047,24,90.72
8,tmp4nuhkew_,Q_8_trajectory.json,86246,1964,33,104.55
106,tmp4nuhkew_,Q_106_trajectory.json,10332,502,6,32.45
114,tmp4nuhkew_,Q_114_trajectory.json,37703,2019,26,111.09
203,tmp4nuhkew_,Q_203_trajectory.json,50664,1171,22,67.92
204,tmp4nuhkew_,Q_204_trajectory.json,8421,107,4,14.71
400,tmp4nuhkew_,Q_400_trajectory.json,226945,1044,18,51.41
405,tmp4nuhkew_,Q_405_trajectory.json,276317,2341,38,115.0
424,tmp4nuhkew_,Q_424_trajectory.json,617959,3458,44,142.88
604,tmp4nuhkew_,Q_604_trajectory.json,10223,477,6,31.47
607,tmp4nuhkew_,Q_607_trajectory.json,81646,3480,34,616.51
8,tmp4rs10qhz,Q_8_trajectory.json,66985,1240,26,87.77
106,tmp4rs10qhz,Q_106_trajectory.json,70923,1393,30,100.15
114,tmp4rs10qhz,Q_114_trajectory.json,80500,2813,33,247.72
203,tmp4rs10qhz,Q_203_trajectory.json,23877,454,11,39.11
204,tmp4rs10qhz,Q_204_trajectory.json,23978,556,11,42.09
400,tmp4rs10qhz,Q_400_trajectory.json,153787,1404,30,103.63
405,tmp4rs10qhz,Q_405_trajectory.json,78509,1981,32,119.76
604,tmp4rs10qhz,Q_604_trajectory.json,46309,1735,21,89.72
607,tmp4rs10qhz,Q_607_trajectory.json,68211,2222,29,114.77
5,tmp56sgwsrl,Q_5_trajectory.json,243858,2771,30,308.14
8,tmp56sgwsrl,Q_8_trajectory.json,273608,3255,43,250.35
106,tmp56sgwsrl,Q_106_trajectory.json,163590,2055,34,130.59
114,tmp56sgwsrl,Q_114_trajectory.json,395621,3855,50,179.25
203,tmp56sgwsrl,Q_203_trajectory.json,8318,160,4,16.32
204,tmp56sgwsrl,Q_204_trajectory.json,8369,121,4,17.76
400,tmp56sgwsrl,Q_400_trajectory.json,81761,1505,26,97.89
405,tmp56sgwsrl,Q_405_trajectory.json,166676,2220,40,141.05
5,tmp570mnmzd,Q_5_trajectory.json,73755,2190,30,153.89
8,tmp570mnmzd,Q_8_trajectory.json,32851,1067,12,52.42
106,tmp570mnmzd,Q_106_trajectory.json,12860,958,8,46.69
114,tmp570mnmzd,Q_114_trajectory.json,22294,973,10,64.4
203,tmp570mnmzd,Q_203_trajectory.json,21490,844,10,43.0
204,tmp570mnmzd,Q_204_trajectory.json,8496,416,4,21.19
400,tmp570mnmzd,Q_400_trajectory.json,213664,1319,16,61.28
405,tmp570mnmzd,Q_405_trajectory.json,73735,683,14,52.03
424,tmp570mnmzd,Q_424_trajectory.json,348291,3632,24,109.17
604,tmp570mnmzd,Q_604_trajectory.json,38697,2641,24,151.82
607,tmp570mnmzd,Q_607_trajectory.json,65248,2236,24,164.13
5,tmp58kng0ts,Q_5_trajectory.json,38342,937,16,73.18
106,tmp58kng0ts,Q_106_trajectory.json,10845,467,6,39.59
114,tmp58kng0ts,Q_114_trajectory.json,47175,1899,22,582.44
203,tmp58kng0ts,Q_203_trajectory.json,17701,673,8,61.92
204,tmp58kng0ts,Q_204_trajectory.json,8430,359,4,18.38
400,tmp58kng0ts,Q_400_trajectory.json,127670,745,10,47.0
405,tmp58kng0ts,Q_405_trajectory.json,48004,755,20,94.21
424,tmp58kng0ts,Q_424_trajectory.json,287915,1870,26,152.07
604,tmp58kng0ts,Q_604_trajectory.json,16577,1027,10,63.49
607,tmp58kng0ts,Q_607_trajectory.json,101694,2618,24,326.92
5,tmp5b_gjwwm,Q_5_trajectory.json,57410,1193,24,106.32
8,tmp5b_gjwwm,Q_8_trajectory.json,54660,1183,22,434.66
106,tmp5b_gjwwm,Q_106_trajectory.json,85312,2763,40,185.05
114,tmp5b_gjwwm,Q_114_trajectory.json,86356,3732,40,806.94
203,tmp5b_gjwwm,Q_203_trajectory.json,26470,913,12,48.88
204,tmp5b_gjwwm,Q_204_trajectory.json,66646,2318,28,123.9
400,tmp5b_gjwwm,Q_400_trajectory.json,214288,1267,16,62.77
405,tmp5b_gjwwm,Q_405_trajectory.json,110788,1500,18,71.58
424,tmp5b_gjwwm,Q_424_trajectory.json,271698,1663,18,76.19
604,tmp5b_gjwwm,Q_604_trajectory.json,46584,1567,22,570.88
607,tmp5b_gjwwm,Q_607_trajectory.json,33257,1598,18,119.41
7,tmp5o9qw79u,Q_7_trajectory.json,19390,499,8,105.49
11,tmp5o9qw79u,Q_11_trajectory.json,16101,360,7,28.37
107,tmp5o9qw79u,Q_107_trajectory.json,22241,438,9,31.14
108,tmp5o9qw79u,Q_108_trajectory.json,63498,3328,22,192.64
201,tmp5o9qw79u,Q_201_trajectory.json,29951,458,12,41.54
205,tmp5o9qw79u,Q_205_trajectory.json,273043,2577,36,126.12
403,tmp5o9qw79u,Q_403_trajectory.json,252558,1914,20,80.33
410,tmp5o9qw79u,Q_410_trajectory.json,29584,580,12,41.47
411,tmp5o9qw79u,Q_411_trajectory.json,380897,2407,33,390.73
605,tmp5o9qw79u,Q_605_trajectory.json,32702,1236,16,141.87
606,tmp5o9qw79u,Q_606_trajectory.json,72860,3491,37,274.26
5,tmp5qena0qf,Q_5_trajectory.json,63030,1992,26,105.51
8,tmp5qena0qf,Q_8_trajectory.json,80207,1125,34,109.17
106,tmp5qena0qf,Q_106_trajectory.json,45362,1761,19,82.31
114,tmp5qena0qf,Q_114_trajectory.json,79378,3286,32,152.93
203,tmp5qena0qf,Q_203_trajectory.json,41901,800,18,62.54
204,tmp5qena0qf,Q_204_trajectory.json,33808,585,15,56.33
400,tmp5qena0qf,Q_400_trajectory.json,172468,1575,34,105.74
405,tmp5qena0qf,Q_405_trajectory.json,117386,2734,51,171.8
424,tmp5qena0qf,Q_424_trajectory.json,300272,2226,33,106.58
604,tmp5qena0qf,Q_604_trajectory.json,25865,1295,16,98.26
607,tmp5qena0qf,Q_607_trajectory.json,102079,1929,32,162.79
5,tmp5s8xc6rs,Q_5_trajectory.json,56609,1568,22,92.11
8,tmp5s8xc6rs,Q_8_trajectory.json,55473,1390,23,82.96
106,tmp5s8xc6rs,Q_106_trajectory.json,33916,2030,18,104.28
114,tmp5s8xc6rs,Q_114_trajectory.json,98915,4047,46,222.14
203,tmp5s8xc6rs,Q_203_trajectory.json,26306,555,12,41.58
204,tmp5s8xc6rs,Q_204_trajectory.json,16799,703,8,35.8
400,tmp5s8xc6rs,Q_400_trajectory.json,225137,1141,18,60.43
405,tmp5s8xc6rs,Q_405_trajectory.json,289825,2442,40,130.69
424,tmp5s8xc6rs,Q_424_trajectory.json,269434,1980,20,75.3
604,tmp5s8xc6rs,Q_604_trajectory.json,22217,1446,16,84.53
607,tmp5s8xc6rs,Q_607_trajectory.json,83913,3229,48,234.7
5,tmp5x4adsts,Q_5_trajectory.json,19188,605,8,40.34
8,tmp5x4adsts,Q_8_trajectory.json,25239,475,10,40.53
106,tmp5x4adsts,Q_106_trajectory.json,10962,441,6,41.59
114,tmp5x4adsts,Q_114_trajectory.json,22507,478,9,153.93
203,tmp5x4adsts,Q_203_trajectory.json,3625,221,4,15.9
204,tmp5x4adsts,Q_204_trajectory.json,1629,77,2,11.47
400,tmp5x4adsts,Q_400_trajectory.json,152933,736,12,38.35
405,tmp5x4adsts,Q_405_trajectory.json,17543,509,8,35.07
424,tmp5x4adsts,Q_424_trajectory.json,24590,1095,10,87.8
604,tmp5x4adsts,Q_604_trajectory.json,29200,529,11,34.5
607,tmp5x4adsts,Q_607_trajectory.json,30952,653,12,37.48
5,tmp5ylp8vzl,Q_5_trajectory.json,58639,1269,24,93.77
8,tmp5ylp8vzl,Q_8_trajectory.json,36545,730,15,51.07
106,tmp5ylp8vzl,Q_106_trajectory.json,31105,1688,18,133.06
114,tmp5ylp8vzl,Q_114_trajectory.json,103479,3702,44,794.73
203,tmp5ylp8vzl,Q_203_trajectory.json,12925,223,6,23.15
204,tmp5ylp8vzl,Q_204_trajectory.json,8432,360,4,19.42
400,tmp5ylp8vzl,Q_400_trajectory.json,320115,2627,34,126.2
405,tmp5ylp8vzl,Q_405_trajectory.json,129217,1125,20,73.37
424,tmp5ylp8vzl,Q_424_trajectory.json,339158,2339,26,270.81
604,tmp5ylp8vzl,Q_604_trajectory.json,13025,1060,8,83.7
607,tmp5ylp8vzl,Q_607_trajectory.json,63249,2788,32,256.95
5,tmp65hsumuo,Q_5_trajectory.json,50315,1347,20,79.88
8,tmp65hsumuo,Q_8_trajectory.json,44368,1297,17,62.29
106,tmp65hsumuo,Q_106_trajectory.json,61563,3185,32,202.03
114,tmp65hsumuo,Q_114_trajectory.json,16392,1243,14,74.07
203,tmp65hsumuo,Q_203_trajectory.json,26096,769,12,45.96
204,tmp65hsumuo,Q_204_trajectory.json,16822,357,8,32.85
400,tmp65hsumuo,Q_400_trajectory.json,150231,819,12,46.88
5,tmp66ot8roh,Q_5_trajectory.json,45980,795,20,79.44
8,tmp66ot8roh,Q_8_trajectory.json,36056,719,15,46.92
106,tmp66ot8roh,Q_106_trajectory.json,12624,964,8,45.94
114,tmp66ot8roh,Q_114_trajectory.json,72735,2440,28,147.09
203,tmp66ot8roh,Q_203_trajectory.json,18096,385,8,25.77
204,tmp66ot8roh,Q_204_trajectory.json,8499,271,4,17.14
400,tmp66ot8roh,Q_400_trajectory.json,298531,1461,22,72.08
405,tmp66ot8roh,Q_405_trajectory.json,382722,4815,56,710.17
424,tmp66ot8roh,Q_424_trajectory.json,396632,2275,28,586.6
604,tmp66ot8roh,Q_604_trajectory.json,69406,3183,38,166.53
607,tmp66ot8roh,Q_607_trajectory.json,157848,4678,60,748.55
5,tmp67zxlni4,Q_5_trajectory.json,14077,322,6,50.61
8,tmp67zxlni4,Q_8_trajectory.json,38608,734,16,58.69
106,tmp67zxlni4,Q_106_trajectory.json,11098,512,6,44.2
114,tmp67zxlni4,Q_114_trajectory.json,55772,2842,32,156.94
203,tmp67zxlni4,Q_203_trajectory.json,8215,112,4,15.76
204,tmp67zxlni4,Q_204_trajectory.json,8398,116,4,29.94
400,tmp67zxlni4,Q_400_trajectory.json,100376,500,8,28.15
405,tmp67zxlni4,Q_405_trajectory.json,74052,758,14,55.23
424,tmp67zxlni4,Q_424_trajectory.json,297923,1867,20,91.71
604,tmp67zxlni4,Q_604_trajectory.json,11060,393,6,51.44
607,tmp67zxlni4,Q_607_trajectory.json,37677,2242,26,138.34
5,tmp68vzulo4,Q_5_trajectory.json,87269,1503,38,147.45
8,tmp68vzulo4,Q_8_trajectory.json,42359,1016,17,62.57
106,tmp68vzulo4,Q_106_trajectory.json,14071,1102,8,74.08
114,tmp68vzulo4,Q_114_trajectory.json,53106,3393,30,169.01
203,tmp68vzulo4,Q_203_trajectory.json,17939,376,8,27.29
204,tmp68vzulo4,Q_204_trajectory.json,8364,131,4,15.83
400,tmp68vzulo4,Q_400_trajectory.json,427980,1986,34,110.91
405,tmp68vzulo4,Q_405_trajectory.json,537493,4947,68,234.33
424,tmp68vzulo4,Q_424_trajectory.json,541852,3103,36,130.78
604,tmp68vzulo4,Q_604_trajectory.json,43112,1928,22,153.27
607,tmp68vzulo4,Q_607_trajectory.json,59803,2169,29,121.52
7,tmp6bka3aen,Q_7_trajectory.json,13995,249,6,32.66
11,tmp6bka3aen,Q_11_trajectory.json,9192,242,4,69.43
107,tmp6bka3aen,Q_107_trajectory.json,148148,2797,30,221.34
108,tmp6bka3aen,Q_108_trajectory.json,218020,2668,32,706.83
205,tmp6bka3aen,Q_205_trajectory.json,21571,466,10,39.07
403,tmp6bka3aen,Q_403_trajectory.json,101306,631,8,60.01
410,tmp6bka3aen,Q_410_trajectory.json,237282,1686,24,92.05
411,tmp6bka3aen,Q_411_trajectory.json,388367,1885,30,97.15
605,tmp6bka3aen,Q_605_trajectory.json,47433,1862,16,160.8
606,tmp6bka3aen,Q_606_trajectory.json,65634,1621,23,189.47
5,tmp6vl491s8,Q_5_trajectory.json,238346,2849,44,177.97
8,tmp6vl491s8,Q_8_trajectory.json,250481,4378,59,199.99
106,tmp6vl491s8,Q_106_trajectory.json,36119,2147,20,536.91
114,tmp6vl491s8,Q_114_trajectory.json,168216,3690,37,150.31
203,tmp6vl491s8,Q_203_trajectory.json,8306,211,4,17.69
204,tmp6vl491s8,Q_204_trajectory.json,80811,1557,36,123.99
400,tmp6vl491s8,Q_400_trajectory.json,338864,3578,64,199.76
405,tmp6vl491s8,Q_405_trajectory.json,180138,1982,42,136.29
424,tmp6vl491s8,Q_424_trajectory.json,443733,3190,40,139.19
604,tmp6vl491s8,Q_604_trajectory.json,28801,2627,18,245.94
607,tmp6vl491s8,Q_607_trajectory.json,60908,2511,28,147.9
5,tmp748erx5_,Q_5_trajectory.json,222713,2612,34,131.35
8,tmp748erx5_,Q_8_trajectory.json,291444,3086,47,159.69
114,tmp748erx5_,Q_114_trajectory.json,101412,3924,49,200.32
203,tmp748erx5_,Q_203_trajectory.json,61837,969,28,92.55
204,tmp748erx5_,Q_204_trajectory.json,82412,1715,38,176.75
400,tmp748erx5_,Q_400_trajectory.json,248547,2203,36,116.64
405,tmp748erx5_,Q_405_trajectory.json,303058,2663,32,114.9
424,tmp748erx5_,Q_424_trajectory.json,619302,3152,42,645.12
604,tmp748erx5_,Q_604_trajectory.json,24330,1119,12,95.82
607,tmp748erx5_,Q_607_trajectory.json,85812,3336,40,225.1
5,tmp7hl_noe7,Q_5_trajectory.json,52575,1640,22,94.05
8,tmp7hl_noe7,Q_8_trajectory.json,228706,5419,93,294.95
106,tmp7hl_noe7,Q_106_trajectory.json,28210,2053,16,85.77
114,tmp7hl_noe7,Q_114_trajectory.json,72862,2543,34,124.0
203,tmp7hl_noe7,Q_203_trajectory.json,12889,450,6,23.44
204,tmp7hl_noe7,Q_204_trajectory.json,12976,194,6,21.03
400,tmp7hl_noe7,Q_400_trajectory.json,277800,1043,22,66.05
405,tmp7hl_noe7,Q_405_trajectory.json,149308,1506,20,72.09
424,tmp7hl_noe7,Q_424_trajectory.json,329377,2298,24,85.09
604,tmp7hl_noe7,Q_604_trajectory.json,26487,1445,14,528.47
607,tmp7hl_noe7,Q_607_trajectory.json,48267,1396,18,79.82
5,tmp7omz6fx9,Q_5_trajectory.json,19194,566,8,40.62
8,tmp7omz6fx9,Q_8_trajectory.json,62124,2009,24,89.72
106,tmp7omz6fx9,Q_106_trajectory.json,20907,1295,14,86.56
114,tmp7omz6fx9,Q_114_trajectory.json,19003,1659,16,79.26
203,tmp7omz6fx9,Q_203_trajectory.json,56129,1515,24,89.51
204,tmp7omz6fx9,Q_204_trajectory.json,46762,504,20,64.52
400,tmp7omz6fx9,Q_400_trajectory.json,442468,2185,34,110.98
405,tmp7omz6fx9,Q_405_trajectory.json,66068,1595,28,101.14
424,tmp7omz6fx9,Q_424_trajectory.json,418162,2667,26,101.79
604,tmp7omz6fx9,Q_604_trajectory.json,32015,1389,12,113.6
607,tmp7omz6fx9,Q_607_trajectory.json,83398,3472,38,220.95
5,tmp7sckaqiq,Q_5_trajectory.json,54883,1663,26,140.84
8,tmp7sckaqiq,Q_8_trajectory.json,69193,1229,29,194.36
106,tmp7sckaqiq,Q_106_trajectory.json,11059,361,6,50.3
114,tmp7sckaqiq,Q_114_trajectory.json,171864,2492,40,178.92
203,tmp7sckaqiq,Q_203_trajectory.json,64927,1980,28,130.31
204,tmp7sckaqiq,Q_204_trajectory.json,40820,1225,18,79.54
400,tmp7sckaqiq,Q_400_trajectory.json,543874,2962,38,178.19
405,tmp7sckaqiq,Q_405_trajectory.json,300351,1534,24,92.9
424,tmp7sckaqiq,Q_424_trajectory.json,301514,1775,22,563.43
604,tmp7sckaqiq,Q_604_trajectory.json,51742,2073,34,623.36
607,tmp7sckaqiq,Q_607_trajectory.json,52246,3045,24,246.04
5,tmp7ul8l8jm,Q_5_trajectory.json,33234,926,14,479.95
8,tmp7ul8l8jm,Q_8_trajectory.json,48218,999,19,191.46
106,tmp7ul8l8jm,Q_106_trajectory.json,14186,769,10,63.12
114,tmp7ul8l8jm,Q_114_trajectory.json,52234,1225,21,281.28
203,tmp7ul8l8jm,Q_203_trajectory.json,3196,340,4,22.55
204,tmp7ul8l8jm,Q_204_trajectory.json,3240,608,4,26.18
400,tmp7ul8l8jm,Q_400_trajectory.json,201848,1033,16,54.18
405,tmp7ul8l8jm,Q_405_trajectory.json,30795,889,14,52.5
424,tmp7ul8l8jm,Q_424_trajectory.json,13304,1720,12,71.91
604,tmp7ul8l8jm,Q_604_trajectory.json,58963,1262,23,75.69
607,tmp7ul8l8jm,Q_607_trajectory.json,63643,1123,25,75.66
7,tmp8cvb8q8q,Q_7_trajectory.json,14012,247,6,458.76
11,tmp8cvb8q8q,Q_11_trajectory.json,16352,442,7,29.57
107,tmp8cvb8q8q,Q_107_trajectory.json,97555,2887,32,237.75
108,tmp8cvb8q8q,Q_108_trajectory.json,44414,1897,20,170.1
201,tmp8cvb8q8q,Q_201_trajectory.json,8186,98,4,15.42
205,tmp8cvb8q8q,Q_205_trajectory.json,13039,596,6,28.12
403,tmp8cvb8q8q,Q_403_trajectory.json,75220,432,6,21.82
410,tmp8cvb8q8q,Q_410_trajectory.json,410575,2036,36,129.33
411,tmp8cvb8q8q,Q_411_trajectory.json,361342,2687,39,139.1
605,tmp8cvb8q8q,Q_605_trajectory.json,32282,1467,20,113.11
606,tmp8cvb8q8q,Q_606_trajectory.json,60532,2051,25,150.15
5,tmp8fw4qqi9,Q_5_trajectory.json,14077,320,6,56.24
8,tmp8fw4qqi9,Q_8_trajectory.json,97272,1840,23,112.38
106,tmp8fw4qqi9,Q_106_trajectory.json,58188,2527,30,198.55
114,tmp8fw4qqi9,Q_114_trajectory.json,31362,1244,20,85.95
203,tmp8fw4qqi9,Q_203_trajectory.json,33850,629,16,58.44
204,tmp8fw4qqi9,Q_204_trajectory.json,16743,277,8,32.39
400,tmp8fw4qqi9,Q_400_trajectory.json,126337,480,10,49.4
405,tmp8fw4qqi9,Q_405_trajectory.json,237006,1313,18,63.56
424,tmp8fw4qqi9,Q_424_trajectory.json,409818,2358,28,122.81
604,tmp8fw4qqi9,Q_604_trajectory.json,37916,1273,18,113.39
607,tmp8fw4qqi9,Q_607_trajectory.json,27355,1515,16,93.29
5,tmp8gwzzhs6,Q_5_trajectory.json,93985,2810,36,132.0
8,tmp8gwzzhs6,Q_8_trajectory.json,72850,1583,30,96.4
106,tmp8gwzzhs6,Q_106_trajectory.json,10370,444,6,32.36
114,tmp8gwzzhs6,Q_114_trajectory.json,43939,2576,26,123.23
203,tmp8gwzzhs6,Q_203_trajectory.json,16508,243,8,28.23
204,tmp8gwzzhs6,Q_204_trajectory.json,16774,428,8,29.18
400,tmp8gwzzhs6,Q_400_trajectory.json,200884,1056,16,48.03
405,tmp8gwzzhs6,Q_405_trajectory.json,212813,2261,32,113.68
424,tmp8gwzzhs6,Q_424_trajectory.json,435457,3309,32,115.0
604,tmp8gwzzhs6,Q_604_trajectory.json,50988,2812,28,123.84
607,tmp8gwzzhs6,Q_607_trajectory.json,123157,3420,41,166.63
5,tmp8ml0zddw,Q_5_trajectory.json,21569,1217,12,77.12
8,tmp8ml0zddw,Q_8_trajectory.json,196884,2349,37,172.69
106,tmp8ml0zddw,Q_106_trajectory.json,216798,2476,40,159.62
114,tmp8ml0zddw,Q_114_trajectory.json,171970,2802,40,150.81
203,tmp8ml0zddw,Q_203_trajectory.json,8197,129,4,18.01
204,tmp8ml0zddw,Q_204_trajectory.json,38304,384,16,48.08
400,tmp8ml0zddw,Q_400_trajectory.json,209403,2962,42,208.75
405,tmp8ml0zddw,Q_405_trajectory.json,107554,2151,32,126.57
424,tmp8ml0zddw,Q_424_trajectory.json,89785,2190,40,634.7
604,tmp8ml0zddw,Q_604_trajectory.json,139803,1432,24,141.04
607,tmp8ml0zddw,Q_607_trajectory.json,207979,2486,32,133.94
5,tmp8p34ezuh,Q_5_trajectory.json,192403,3265,48,176.32
8,tmp8p34ezuh,Q_8_trajectory.json,106171,2510,44,870.14
106,tmp8p34ezuh,Q_106_trajectory.json,51200,2050,26,136.0
114,tmp8p34ezuh,Q_114_trajectory.json,16968,1221,16,75.31
203,tmp8p34ezuh,Q_203_trajectory.json,8212,112,4,15.4
204,tmp8p34ezuh,Q_204_trajectory.json,69013,2230,32,119.99
400,tmp8p34ezuh,Q_400_trajectory.json,175393,838,14,47.23
405,tmp8p34ezuh,Q_405_trajectory.json,278175,2847,48,165.74
424,tmp8p34ezuh,Q_424_trajectory.json,555807,3762,38,139.2
604,tmp8p34ezuh,Q_604_trajectory.json,33960,1106,18,97.92
607,tmp8p34ezuh,Q_607_trajectory.json,57923,2254,34,174.27
5,tmp9_1t4llm,Q_5_trajectory.json,50504,1396,20,79.82
8,tmp9_1t4llm,Q_8_trajectory.json,80575,1773,30,102.19
106,tmp9_1t4llm,Q_106_trajectory.json,25464,2013,16,969.8
114,tmp9_1t4llm,Q_114_trajectory.json,58021,1829,16,118.06
203,tmp9_1t4llm,Q_203_trajectory.json,26270,903,12,47.74
204,tmp9_1t4llm,Q_204_trajectory.json,68472,1791,30,111.84
400,tmp9_1t4llm,Q_400_trajectory.json,175592,847,14,53.88
405,tmp9_1t4llm,Q_405_trajectory.json,212685,1572,24,383.19
424,tmp9_1t4llm,Q_424_trajectory.json,445460,3098,24,102.67
604,tmp9_1t4llm,Q_604_trajectory.json,10585,993,12,64.86
607,tmp9_1t4llm,Q_607_trajectory.json,64631,2254,24,145.19
5,tmp9fayuame,Q_5_trajectory.json,71825,2215,33,127.94
8,tmp9fayuame,Q_8_trajectory.json,154978,4021,61,204.98
106,tmp9fayuame,Q_106_trajectory.json,53149,2568,30,1014.42
114,tmp9fayuame,Q_114_trajectory.json,67390,2287,31,137.8
203,tmp9fayuame,Q_203_trajectory.json,47024,1237,20,69.36
204,tmp9fayuame,Q_204_trajectory.json,43612,994,19,64.1
400,tmp9fayuame,Q_400_trajectory.json,122684,1670,26,626.4
405,tmp9fayuame,Q_405_trajectory.json,99437,1686,40,128.17
424,tmp9fayuame,Q_424_trajectory.json,431260,2935,36,126.59
604,tmp9fayuame,Q_604_trajectory.json,18655,943,10,69.56
607,tmp9fayuame,Q_607_trajectory.json,29689,2362,22,104.7
5,tmp9rxltt7i,Q_5_trajectory.json,25091,895,10,55.3
8,tmp9rxltt7i,Q_8_trajectory.json,47262,1723,18,81.54
106,tmp9rxltt7i,Q_106_trajectory.json,10935,363,6,34.47
114,tmp9rxltt7i,Q_114_trajectory.json,8692,771,8,47.82
203,tmp9rxltt7i,Q_203_trajectory.json,8327,145,4,17.38
204,tmp9rxltt7i,Q_204_trajectory.json,8435,235,4,22.83
400,tmp9rxltt7i,Q_400_trajectory.json,146986,1435,28,112.49
405,tmp9rxltt7i,Q_405_trajectory.json,601069,2991,40,158.57
424,tmp9rxltt7i,Q_424_trajectory.json,585677,3371,46,166.55
604,tmp9rxltt7i,Q_604_trajectory.json,11335,326,6,37.24
607,tmp9rxltt7i,Q_607_trajectory.json,18857,1924,16,92.39
5,tmp_2spq06o,Q_5_trajectory.json,44556,860,18,73.67
8,tmp_2spq06o,Q_8_trajectory.json,63420,1322,24,72.4
106,tmp_2spq06o,Q_106_trajectory.json,31280,2794,18,102.2
114,tmp_2spq06o,Q_114_trajectory.json,181792,5914,74,287.06
203,tmp_2spq06o,Q_203_trajectory.json,25805,735,12,45.47
204,tmp_2spq06o,Q_204_trajectory.json,16802,617,8,32.57
400,tmp_2spq06o,Q_400_trajectory.json,321589,3690,52,175.63
405,tmp_2spq06o,Q_405_trajectory.json,243281,3507,68,631.1
424,tmp_2spq06o,Q_424_trajectory.json,684842,3841,48,159.32
604,tmp_2spq06o,Q_604_trajectory.json,41592,2502,22,117.53
607,tmp_2spq06o,Q_607_trajectory.json,83359,3864,56,229.76
5,tmp_36a4nc7,Q_5_trajectory.json,14071,319,6,33.52
8,tmp_36a4nc7,Q_8_trajectory.json,38553,1044,16,56.88
106,tmp_36a4nc7,Q_106_trajectory.json,25998,1508,16,109.62
114,tmp_36a4nc7,Q_114_trajectory.json,65778,2194,22,279.34
203,tmp_36a4nc7,Q_203_trajectory.json,25690,560,12,46.67
204,tmp_36a4nc7,Q_204_trajectory.json,46434,1849,22,154.2
400,tmp_36a4nc7,Q_400_trajectory.json,126767,551,10,72.43
405,tmp_36a4nc7,Q_405_trajectory.json,79639,869,16,63.7
424,tmp_36a4nc7,Q_424_trajectory.json,580156,4422,44,177.16
604,tmp_36a4nc7,Q_604_trajectory.json,45766,2351,30,181.14
607,tmp_36a4nc7,Q_607_trajectory.json,56547,2175,27,134.52
5,tmp_97r_g_3,Q_5_trajectory.json,19276,633,8,40.2
8,tmp_97r_g_3,Q_8_trajectory.json,71437,1924,29,101.89
106,tmp_97r_g_3,Q_106_trajectory.json,13140,1060,8,59.24
114,tmp_97r_g_3,Q_114_trajectory.json,17702,1202,16,79.61
203,tmp_97r_g_3,Q_203_trajectory.json,8230,101,4,16.26
204,tmp_97r_g_3,Q_204_trajectory.json,16874,393,8,34.31
400,tmp_97r_g_3,Q_400_trajectory.json,150046,729,12,45.35
405,tmp_97r_g_3,Q_405_trajectory.json,41309,834,18,72.77
424,tmp_97r_g_3,Q_424_trajectory.json,1060999,6822,58,231.31
604,tmp_97r_g_3,Q_604_trajectory.json,25997,1874,16,87.85
607,tmp_97r_g_3,Q_607_trajectory.json,30605,2347,22,109.07
7,tmp_j9dclz3,Q_7_trajectory.json,39704,1329,16,73.99
11,tmp_j9dclz3,Q_11_trajectory.json,25962,578,11,134.89
107,tmp_j9dclz3,Q_107_trajectory.json,15863,924,10,57.45
108,tmp_j9dclz3,Q_108_trajectory.json,18664,1221,10,77.04
201,tmp_j9dclz3,Q_201_trajectory.json,8191,114,4,18.75
205,tmp_j9dclz3,Q_205_trajectory.json,21636,378,10,38.48
403,tmp_j9dclz3,Q_403_trajectory.json,154720,2380,65,703.13
410,tmp_j9dclz3,Q_410_trajectory.json,68368,1433,28,98.79
411,tmp_j9dclz3,Q_411_trajectory.json,88347,1680,36,121.97
605,tmp_j9dclz3,Q_605_trajectory.json,24102,906,14,85.08
606,tmp_j9dclz3,Q_606_trajectory.json,58235,2514,18,185.0
5,tmp_mmarrpt,Q_5_trajectory.json,106010,2836,44,163.82
8,tmp_mmarrpt,Q_8_trajectory.json,144483,3413,53,182.23
106,tmp_mmarrpt,Q_106_trajectory.json,37729,2377,24,115.78
114,tmp_mmarrpt,Q_114_trajectory.json,145662,5483,48,345.46
203,tmp_mmarrpt,Q_203_trajectory.json,47151,1142,22,94.75
204,tmp_mmarrpt,Q_204_trajectory.json,34506,941,16,58.56
400,tmp_mmarrpt,Q_400_trajectory.json,377018,2669,28,102.78
405,tmp_mmarrpt,Q_405_trajectory.json,150953,1449,20,78.21
424,tmp_mmarrpt,Q_424_trajectory.json,366918,2682,28,113.49
604,tmp_mmarrpt,Q_604_trajectory.json,36933,1970,26,150.01
607,tmp_mmarrpt,Q_607_trajectory.json,11943,642,12,54.94
5,tmp_sp1lqh5,Q_5_trajectory.json,59686,1648,26,143.03
8,tmp_sp1lqh5,Q_8_trajectory.json,108647,2470,41,750.1
106,tmp_sp1lqh5,Q_106_trajectory.json,55470,1894,24,127.29
114,tmp_sp1lqh5,Q_114_trajectory.json,83582,2724,40,173.62
203,tmp_sp1lqh5,Q_203_trajectory.json,25560,338,12,58.81
204,tmp_sp1lqh5,Q_204_trajectory.json,32834,407,15,57.42
400,tmp_sp1lqh5,Q_400_trajectory.json,261105,2342,44,163.36
405,tmp_sp1lqh5,Q_405_trajectory.json,112763,1416,30,624.46
424,tmp_sp1lqh5,Q_424_trajectory.json,455488,3497,30,163.23
604,tmp_sp1lqh5,Q_604_trajectory.json,55256,2227,32,152.99
607,tmp_sp1lqh5,Q_607_trajectory.json,62912,2081,33,200.29
7,tmp_vuiievh,Q_7_trajectory.json,14021,259,6,32.39
11,tmp_vuiievh,Q_11_trajectory.json,177854,5316,74,283.73
107,tmp_vuiievh,Q_107_trajectory.json,13609,789,10,57.85
108,tmp_vuiievh,Q_108_trajectory.json,31111,1795,18,114.1
201,tmp_vuiievh,Q_201_trajectory.json,20904,606,10,38.56
205,tmp_vuiievh,Q_205_trajectory.json,8340,88,4,15.23
403,tmp_vuiievh,Q_403_trajectory.json,189908,2716,44,148.51
410,tmp_vuiievh,Q_410_trajectory.json,169876,1953,22,550.7
411,tmp_vuiievh,Q_411_trajectory.json,307295,1704,22,78.42
605,tmp_vuiievh,Q_605_trajectory.json,29541,1440,16,378.0
606,tmp_vuiievh,Q_606_trajectory.json,43676,1565,20,172.44
5,tmpa8l12vty,Q_5_trajectory.json,13855,628,6,39.94
8,tmpa8l12vty,Q_8_trajectory.json,14707,777,6,36.04
106,tmpa8l12vty,Q_106_trajectory.json,11223,903,8,47.97
114,tmpa8l12vty,Q_114_trajectory.json,42297,1693,22,153.84
203,tmpa8l12vty,Q_203_trajectory.json,8223,163,4,18.6
204,tmpa8l12vty,Q_204_trajectory.json,17926,335,8,31.39
400,tmpa8l12vty,Q_400_trajectory.json,31639,364,13,41.98
405,tmpa8l12vty,Q_405_trajectory.json,225303,940,18,64.83
424,tmpa8l12vty,Q_424_trajectory.json,184930,1321,14,56.83
604,tmpa8l12vty,Q_604_trajectory.json,10346,515,6,44.88
607,tmpa8l12vty,Q_607_trajectory.json,12811,775,12,58.84
5,tmpaj3o4ffr,Q_5_trajectory.json,14101,324,6,36.74
8,tmpaj3o4ffr,Q_8_trajectory.json,34707,952,13,49.09
106,tmpaj3o4ffr,Q_106_trajectory.json,23338,950,12,82.84
114,tmpaj3o4ffr,Q_114_trajectory.json,30256,2208,26,127.9
203,tmpaj3o4ffr,Q_203_trajectory.json,8197,85,4,16.7
204,tmpaj3o4ffr,Q_204_trajectory.json,17168,387,8,33.48
400,tmpaj3o4ffr,Q_400_trajectory.json,175583,922,14,50.75
405,tmpaj3o4ffr,Q_405_trajectory.json,28447,545,12,47.24
424,tmpaj3o4ffr,Q_424_trajectory.json,346139,2730,26,109.98
604,tmpaj3o4ffr,Q_604_trajectory.json,17793,1153,12,77.82
607,tmpaj3o4ffr,Q_607_trajectory.json,44206,2409,26,166.87
5,tmpallbfei6,Q_5_trajectory.json,25095,814,10,49.49
8,tmpallbfei6,Q_8_trajectory.json,31614,589,12,81.66
106,tmpallbfei6,Q_106_trajectory.json,10682,435,6,39.9
114,tmpallbfei6,Q_114_trajectory.json,14379,905,12,265.56
203,tmpallbfei6,Q_203_trajectory.json,8363,119,4,15.41
204,tmpallbfei6,Q_204_trajectory.json,8390,286,4,17.82
400,tmpallbfei6,Q_400_trajectory.json,127726,805,10,35.37
405,tmpallbfei6,Q_405_trajectory.json,104177,1509,18,69.08
424,tmpallbfei6,Q_424_trajectory.json,128261,886,10,38.2
604,tmpallbfei6,Q_604_trajectory.json,10562,438,6,39.62
607,tmpallbfei6,Q_607_trajectory.json,75910,2242,27,216.14
5,tmpaplkvd83,Q_5_trajectory.json,55584,1112,20,98.62
8,tmpaplkvd83,Q_8_trajectory.json,338228,1498,22,91.22
106,tmpaplkvd83,Q_106_trajectory.json,13173,521,6,56.77
114,tmpaplkvd83,Q_114_trajectory.json,30279,1418,20,85.51
203,tmpaplkvd83,Q_203_trajectory.json,9639,124,4,15.43
204,tmpaplkvd83,Q_204_trajectory.json,9813,115,4,15.71
400,tmpaplkvd83,Q_400_trajectory.json,354786,2088,32,115.6
405,tmpaplkvd83,Q_405_trajectory.json,110556,809,18,66.76
424,tmpaplkvd83,Q_424_trajectory.json,422037,2084,26,98.92
604,tmpaplkvd83,Q_604_trajectory.json,28221,1815,14,146.24
607,tmpaplkvd83,Q_607_trajectory.json,29065,700,16,98.67
7,tmpb2xon4_p,Q_7_trajectory.json,20473,1103,8,48.83
11,tmpb2xon4_p,Q_11_trajectory.json,69500,1561,29,101.42
107,tmpb2xon4_p,Q_107_trajectory.json,24286,1864,14,105.49
108,tmpb2xon4_p,Q_108_trajectory.json,75702,3472,32,290.63
201,tmpb2xon4_p,Q_201_trajectory.json,20852,349,10,38.64
205,tmpb2xon4_p,Q_205_trajectory.json,8382,168,4,18.67
403,tmpb2xon4_p,Q_403_trajectory.json,251361,1286,20,72.26
410,tmpb2xon4_p,Q_410_trajectory.json,369408,3089,46,161.82
411,tmpb2xon4_p,Q_411_trajectory.json,271597,1644,20,161.57
605,tmpb2xon4_p,Q_605_trajectory.json,56070,2097,22,640.71
606,tmpb2xon4_p,Q_606_trajectory.json,90096,3525,36,192.74
5,tmpb_m12ccl,Q_5_trajectory.json,31978,506,14,74.38
8,tmpb_m12ccl,Q_8_trajectory.json,34324,720,13,59.29
106,tmpb_m12ccl,Q_106_trajectory.json,20667,1519,14,94.52
114,tmpb_m12ccl,Q_114_trajectory.json,38490,1630,18,251.54
203,tmpb_m12ccl,Q_203_trajectory.json,37620,1067,16,605.89
204,tmpb_m12ccl,Q_204_trajectory.json,8430,198,4,36.13
400,tmpb_m12ccl,Q_400_trajectory.json,280052,1665,22,93.89
405,tmpb_m12ccl,Q_405_trajectory.json,148125,1284,20,162.59
424,tmpb_m12ccl,Q_424_trajectory.json,268016,2326,20,107.21
604,tmpb_m12ccl,Q_604_trajectory.json,41174,1733,20,169.31
607,tmpb_m12ccl,Q_607_trajectory.json,29096,1689,20,149.23
5,tmpbdesi7t9,Q_5_trajectory.json,51664,1065,20,84.53
106,tmpbdesi7t9,Q_106_trajectory.json,11934,513,6,89.64
114,tmpbdesi7t9,Q_114_trajectory.json,35893,1290,22,106.27
203,tmpbdesi7t9,Q_203_trajectory.json,13887,271,6,22.23
204,tmpbdesi7t9,Q_204_trajectory.json,9062,116,4,16.78
400,tmpbdesi7t9,Q_400_trajectory.json,187298,1130,20,73.34
405,tmpbdesi7t9,Q_405_trajectory.json,80070,775,16,63.44
424,tmpbdesi7t9,Q_424_trajectory.json,460336,2900,30,114.49
604,tmpbdesi7t9,Q_604_trajectory.json,14435,961,8,100.68
607,tmpbdesi7t9,Q_607_trajectory.json,80062,1948,16,502.3
5,tmpbig79522,Q_5_trajectory.json,46253,1026,18,81.36
8,tmpbig79522,Q_8_trajectory.json,124774,2452,50,212.31
203,tmpbig79522,Q_203_trajectory.json,110752,2682,45,1213.65
204,tmpbig79522,Q_204_trajectory.json,82322,1931,34,117.42
400,tmpbig79522,Q_400_trajectory.json,307376,2265,42,152.02
405,tmpbig79522,Q_405_trajectory.json,253406,3208,52,185.72
424,tmpbig79522,Q_424_trajectory.json,320693,1868,24,88.16
604,tmpbig79522,Q_604_trajectory.json,21148,1049,12,68.27
607,tmpbig79522,Q_607_trajectory.json,52259,2874,36,623.11
5,tmpbkcblkyd,Q_5_trajectory.json,161957,3255,20,115.17
106,tmpbkcblkyd,Q_106_trajectory.json,11127,547,6,35.94
114,tmpbkcblkyd,Q_114_trajectory.json,109630,2055,32,121.72
203,tmpbkcblkyd,Q_203_trajectory.json,17312,325,8,34.2
204,tmpbkcblkyd,Q_204_trajectory.json,237568,2299,46,155.73
400,tmpbkcblkyd,Q_400_trajectory.json,159666,1668,24,88.26
405,tmpbkcblkyd,Q_405_trajectory.json,252282,2567,43,137.63
424,tmpbkcblkyd,Q_424_trajectory.json,551537,3162,34,124.82
604,tmpbkcblkyd,Q_604_trajectory.json,289370,2691,32,127.04
607,tmpbkcblkyd,Q_607_trajectory.json,69937,2888,28,158.31
5,tmpbrb_18c4,Q_5_trajectory.json,124879,3157,54,208.34
8,tmpbrb_18c4,Q_8_trajectory.json,125248,3065,51,183.04
106,tmpbrb_18c4,Q_106_trajectory.json,10816,516,6,46.19
114,tmpbrb_18c4,Q_114_trajectory.json,51141,2871,32,233.48
203,tmpbrb_18c4,Q_203_trajectory.json,31353,1039,14,69.68
204,tmpbrb_18c4,Q_204_trajectory.json,8426,126,4,456.23
400,tmpbrb_18c4,Q_400_trajectory.json,283231,1195,18,68.6
405,tmpbrb_18c4,Q_405_trajectory.json,251028,2166,20,88.63
424,tmpbrb_18c4,Q_424_trajectory.json,311173,2379,38,169.35
604,tmpbrb_18c4,Q_604_trajectory.json,23676,667,12,90.58
607,tmpbrb_18c4,Q_607_trajectory.json,97107,3525,58,458.27
5,tmpbwsnovvs,Q_5_trajectory.json,14101,326,6,32.77
8,tmpbwsnovvs,Q_8_trajectory.json,28370,913,11,41.57
106,tmpbwsnovvs,Q_106_trajectory.json,21937,1154,12,121.95
114,tmpbwsnovvs,Q_114_trajectory.json,45321,1971,24,119.87
203,tmpbwsnovvs,Q_203_trajectory.json,12679,358,6,26.5
204,tmpbwsnovvs,Q_204_trajectory.json,16823,298,8,32.55
400,tmpbwsnovvs,Q_400_trajectory.json,74978,359,6,23.13
405,tmpbwsnovvs,Q_405_trajectory.json,79230,803,16,80.76
604,tmpbwsnovvs,Q_604_trajectory.json,56039,2360,26,300.78
607,tmpbwsnovvs,Q_607_trajectory.json,51336,2001,20,212.21
5,tmpc173w49c,Q_5_trajectory.json,36540,1016,16,121.2
8,tmpc173w49c,Q_8_trajectory.json,100210,1866,40,589.6
106,tmpc173w49c,Q_106_trajectory.json,10831,475,6,45.04
114,tmpc173w49c,Q_114_trajectory.json,22609,1408,20,102.21
203,tmpc173w49c,Q_203_trajectory.json,16362,386,8,34.46
204,tmpc173w49c,Q_204_trajectory.json,26320,620,12,56.3
400,tmpc173w49c,Q_400_trajectory.json,445645,1936,32,109.83
405,tmpc173w49c,Q_405_trajectory.json,249518,1335,20,73.79
424,tmpc173w49c,Q_424_trajectory.json,460500,3978,51,200.41
604,tmpc173w49c,Q_604_trajectory.json,24280,677,12,130.76
607,tmpc173w49c,Q_607_trajectory.json,66270,2416,34,219.9
5,tmpc5gp3uy3,Q_5_trajectory.json,57861,2247,25,616.33
8,tmpc5gp3uy3,Q_8_trajectory.json,68334,1690,28,96.05
106,tmpc5gp3uy3,Q_106_trajectory.json,28141,1628,13,63.92
114,tmpc5gp3uy3,Q_114_trajectory.json,77320,2764,38,144.0
203,tmpc5gp3uy3,Q_203_trajectory.json,23048,628,10,42.56
204,tmpc5gp3uy3,Q_204_trajectory.json,28104,726,13,46.7
400,tmpc5gp3uy3,Q_400_trajectory.json,136127,1407,32,106.47
405,tmpc5gp3uy3,Q_405_trajectory.json,68232,1482,28,532.37
424,tmpc5gp3uy3,Q_424_trajectory.json,428614,2903,42,132.76
604,tmpc5gp3uy3,Q_604_trajectory.json,42256,1726,18,77.86
607,tmpc5gp3uy3,Q_607_trajectory.json,96579,2432,24,555.6
5,tmpcb15fr7z,Q_5_trajectory.json,127697,3340,38,173.08
8,tmpcb15fr7z,Q_8_trajectory.json,749745,4857,62,336.62
106,tmpcb15fr7z,Q_106_trajectory.json,266283,5252,70,328.43
114,tmpcb15fr7z,Q_114_trajectory.json,226107,6640,84,1951.52
203,tmpcb15fr7z,Q_203_trajectory.json,191637,3085,46,178.68
5,tmpcfu2lj87,Q_5_trajectory.json,25071,503,10,49.05
8,tmpcfu2lj87,Q_8_trajectory.json,9197,604,4,31.06
106,tmpcfu2lj87,Q_106_trajectory.json,10870,443,6,48.17
114,tmpcfu2lj87,Q_114_trajectory.json,24162,1375,22,103.96
203,tmpcfu2lj87,Q_203_trajectory.json,8358,452,4,24.09
204,tmpcfu2lj87,Q_204_trajectory.json,8463,187,4,20.0
400,tmpcfu2lj87,Q_400_trajectory.json,74738,315,6,26.45
405,tmpcfu2lj87,Q_405_trajectory.json,213558,1132,16,61.47
424,tmpcfu2lj87,Q_424_trajectory.json,184675,1917,14,68.79
604,tmpcfu2lj87,Q_604_trajectory.json,8885,832,8,51.51
607,tmpcfu2lj87,Q_607_trajectory.json,44339,1777,22,163.54
7,tmpcg7yitq0,Q_7_trajectory.json,35678,966,15,70.52
11,tmpcg7yitq0,Q_11_trajectory.json,1125082,3151,48,324.33
107,tmpcg7yitq0,Q_107_trajectory.json,53404,2788,25,116.59
108,tmpcg7yitq0,Q_108_trajectory.json,56899,2405,21,134.21
201,tmpcg7yitq0,Q_201_trajectory.json,53885,1048,23,494.51
205,tmpcg7yitq0,Q_205_trajectory.json,22585,462,10,43.23
403,tmpcg7yitq0,Q_403_trajectory.json,117249,1942,18,252.17
410,tmpcg7yitq0,Q_410_trajectory.json,112388,1922,46,151.76
411,tmpcg7yitq0,Q_411_trajectory.json,300922,2370,44,137.53
605,tmpcg7yitq0,Q_605_trajectory.json,68650,2455,24,269.11
606,tmpcg7yitq0,Q_606_trajectory.json,74268,2130,24,220.03
5,tmpchfsjaqj,Q_5_trajectory.json,14077,320,6,31.06
8,tmpchfsjaqj,Q_8_trajectory.json,92559,2424,38,128.38
106,tmpchfsjaqj,Q_106_trajectory.json,11111,483,6,30.55
114,tmpchfsjaqj,Q_114_trajectory.json,129120,3069,50,156.56
203,tmpchfsjaqj,Q_203_trajectory.json,8194,99,4,15.83
204,tmpchfsjaqj,Q_204_trajectory.json,51286,1353,24,91.52
400,tmpchfsjaqj,Q_400_trajectory.json,74940,342,6,20.48
405,tmpchfsjaqj,Q_405_trajectory.json,159128,1224,22,67.15
424,tmpchfsjaqj,Q_424_trajectory.json,420979,2361,26,90.38
604,tmpchfsjaqj,Q_604_trajectory.json,49807,1438,20,72.69
607,tmpchfsjaqj,Q_607_trajectory.json,110013,2043,44,141.28
7,tmpcp2xrlnn,Q_7_trajectory.json,14103,661,6,37.63
11,tmpcp2xrlnn,Q_11_trajectory.json,16098,429,7,28.53
107,tmpcp2xrlnn,Q_107_trajectory.json,23138,972,9,34.19
108,tmpcp2xrlnn,Q_108_trajectory.json,22195,370,9,29.66
201,tmpcp2xrlnn,Q_201_trajectory.json,8186,94,4,15.67
205,tmpcp2xrlnn,Q_205_trajectory.json,1612,343,2,14.19
403,tmpcp2xrlnn,Q_403_trajectory.json,75477,533,6,24.36
410,tmpcp2xrlnn,Q_410_trajectory.json,13238,603,6,26.66
411,tmpcp2xrlnn,Q_411_trajectory.json,75363,467,6,26.99
605,tmpcp2xrlnn,Q_605_trajectory.json,14285,417,6,25.29
606,tmpcp2xrlnn,Q_606_trajectory.json,22858,594,9,30.61
5,tmpcpjtr4mg,Q_5_trajectory.json,25115,504,10,40.71
8,tmpcpjtr4mg,Q_8_trajectory.json,49904,1941,19,64.44
106,tmpcpjtr4mg,Q_106_trajectory.json,10692,441,6,48.26
114,tmpcpjtr4mg,Q_114_trajectory.json,88706,2888,30,429.71
203,tmpcpjtr4mg,Q_203_trajectory.json,33788,1063,15,49.15
204,tmpcpjtr4mg,Q_204_trajectory.json,513318,2609,32,117.03
400,tmpcpjtr4mg,Q_400_trajectory.json,276383,3008,32,119.59
405,tmpcpjtr4mg,Q_405_trajectory.json,221339,1297,26,85.44
424,tmpcpjtr4mg,Q_424_trajectory.json,463316,2921,30,113.96
604,tmpcpjtr4mg,Q_604_trajectory.json,208996,2916,39,170.55
607,tmpcpjtr4mg,Q_607_trajectory.json,41245,1822,30,130.43
5,tmpcxx66it9,Q_5_trajectory.json,156437,4579,64,250.47
8,tmpcxx66it9,Q_8_trajectory.json,49894,836,20,64.03
106,tmpcxx66it9,Q_106_trajectory.json,30168,540,12,38.96
114,tmpcxx66it9,Q_114_trajectory.json,49160,2466,24,170.54
203,tmpcxx66it9,Q_203_trajectory.json,8267,174,4,99.42
204,tmpcxx66it9,Q_204_trajectory.json,8398,320,4,17.43
400,tmpcxx66it9,Q_400_trajectory.json,606277,2962,46,154.06
405,tmpcxx66it9,Q_405_trajectory.json,162594,2664,52,178.65
424,tmpcxx66it9,Q_424_trajectory.json,593986,3147,36,537.19
607,tmpcxx66it9,Q_607_trajectory.json,63530,2031,28,219.56
5,tmpd38xve7m,Q_5_trajectory.json,14040,305,6,35.24
8,tmpd38xve7m,Q_8_trajectory.json,114172,3188,44,196.62
106,tmpd38xve7m,Q_106_trajectory.json,11148,747,6,64.9
114,tmpd38xve7m,Q_114_trajectory.json,45257,1469,22,151.56
203,tmpd38xve7m,Q_203_trajectory.json,12917,211,6,27.24
204,tmpd38xve7m,Q_204_trajectory.json,16832,364,8,37.44
400,tmpd38xve7m,Q_400_trajectory.json,75021,373,6,22.75
405,tmpd38xve7m,Q_405_trajectory.json,74125,788,14,57.61
424,tmpd38xve7m,Q_424_trajectory.json,576858,2663,36,1124.38
604,tmpd38xve7m,Q_604_trajectory.json,37607,1427,18,123.85
607,tmpd38xve7m,Q_607_trajectory.json,21099,1116,14,73.52
5,tmpdimb4ku4,Q_5_trajectory.json,14095,325,6,37.65
8,tmpdimb4ku4,Q_8_trajectory.json,61211,936,25,92.58
106,tmpdimb4ku4,Q_106_trajectory.json,10938,599,6,45.4
114,tmpdimb4ku4,Q_114_trajectory.json,41907,1717,32,164.52
203,tmpdimb4ku4,Q_203_trajectory.json,8191,92,4,17.98
204,tmpdimb4ku4,Q_204_trajectory.json,13358,222,6,25.43
400,tmpdimb4ku4,Q_400_trajectory.json,100289,468,8,29.82
405,tmpdimb4ku4,Q_405_trajectory.json,134889,1629,20,81.09
424,tmpdimb4ku4,Q_424_trajectory.json,287127,1752,22,86.01
604,tmpdimb4ku4,Q_604_trajectory.json,11601,330,6,46.83
607,tmpdimb4ku4,Q_607_trajectory.json,69434,2060,26,238.39
5,tmpdkrqjyv8,Q_5_trajectory.json,19481,315,8,540.35
8,tmpdkrqjyv8,Q_8_trajectory.json,19715,530,8,90.28
106,tmpdkrqjyv8,Q_106_trajectory.json,105202,1697,41,122.15
114,tmpdkrqjyv8,Q_114_trajectory.json,67012,1257,22,252.3
203,tmpdkrqjyv8,Q_203_trajectory.json,45115,772,19,61.05
204,tmpdkrqjyv8,Q_204_trajectory.json,13572,211,6,28.55
424,tmpdkrqjyv8,Q_424_trajectory.json,57838,894,24,122.37
604,tmpdkrqjyv8,Q_604_trajectory.json,68003,1950,26,100.02
607,tmpdkrqjyv8,Q_607_trajectory.json,46898,1146,19,74.07
7,tmpdrxa95mu,Q_7_trajectory.json,37173,652,16,66.17
11,tmpdrxa95mu,Q_11_trajectory.json,1189583,2711,41,208.2
107,tmpdrxa95mu,Q_107_trajectory.json,199826,2673,38,168.33
108,tmpdrxa95mu,Q_108_trajectory.json,94212,1800,34,221.6
201,tmpdrxa95mu,Q_201_trajectory.json,8217,149,4,20.58
205,tmpdrxa95mu,Q_205_trajectory.json,8380,376,4,18.94
403,tmpdrxa95mu,Q_403_trajectory.json,245388,2214,40,234.92
410,tmpdrxa95mu,Q_410_trajectory.json,226819,3272,36,276.69
411,tmpdrxa95mu,Q_411_trajectory.json,251101,2978,42,274.5
605,tmpdrxa95mu,Q_605_trajectory.json,383641,3256,42,1067.09
606,tmpdrxa95mu,Q_606_trajectory.json,337968,3353,40,295.93
5,tmpe3des0ss,Q_5_trajectory.json,19722,818,8,545.28
8,tmpe3des0ss,Q_8_trajectory.json,40658,989,17,590.25
106,tmpe3des0ss,Q_106_trajectory.json,50230,2072,30,172.59
114,tmpe3des0ss,Q_114_trajectory.json,24857,1443,18,92.64
203,tmpe3des0ss,Q_203_trajectory.json,8181,134,4,19.6
204,tmpe3des0ss,Q_204_trajectory.json,16796,232,8,37.25
400,tmpe3des0ss,Q_400_trajectory.json,202490,1223,16,81.56
405,tmpe3des0ss,Q_405_trajectory.json,224490,1920,34,171.3
424,tmpe3des0ss,Q_424_trajectory.json,696162,3917,38,201.41
604,tmpe3des0ss,Q_604_trajectory.json,35440,956,18,603.02
607,tmpe3des0ss,Q_607_trajectory.json,88380,2722,32,208.32
5,tmpebj3wtte,Q_5_trajectory.json,69937,1545,30,145.25
8,tmpebj3wtte,Q_8_trajectory.json,158315,3272,65,985.14
106,tmpebj3wtte,Q_106_trajectory.json,142412,3580,42,326.31
114,tmpebj3wtte,Q_114_trajectory.json,464450,5701,80,1471.39
203,tmpebj3wtte,Q_203_trajectory.json,42639,1079,20,88.99
204,tmpebj3wtte,Q_204_trajectory.json,16784,523,8,48.92
400,tmpebj3wtte,Q_400_trajectory.json,626156,5367,74,288.99
405,tmpebj3wtte,Q_405_trajectory.json,334011,2586,46,161.91
5,tmpeeoe8xgb,Q_5_trajectory.json,23206,643,10,58.76
106,tmpeeoe8xgb,Q_106_trajectory.json,13179,585,8,79.4
114,tmpeeoe8xgb,Q_114_trajectory.json,74551,1901,30,156.69
203,tmpeeoe8xgb,Q_203_trajectory.json,21806,526,10,55.99
204,tmpeeoe8xgb,Q_204_trajectory.json,28185,867,12,61.3
400,tmpeeoe8xgb,Q_400_trajectory.json,499453,3132,38,171.99
405,tmpeeoe8xgb,Q_405_trajectory.json,203961,1354,16,84.58
424,tmpeeoe8xgb,Q_424_trajectory.json,535491,2970,36,191.55
604,tmpeeoe8xgb,Q_604_trajectory.json,95357,1564,38,515.98
607,tmpeeoe8xgb,Q_607_trajectory.json,41772,2168,28,171.98
5,tmpeh57krzg,Q_5_trajectory.json,24928,446,10,132.0
8,tmpeh57krzg,Q_8_trajectory.json,57930,1237,22,81.41
106,tmpeh57krzg,Q_106_trajectory.json,18796,847,14,147.05
203,tmpeh57krzg,Q_203_trajectory.json,42363,918,18,74.79
204,tmpeh57krzg,Q_204_trajectory.json,7399,575,8,48.25
400,tmpeh57krzg,Q_400_trajectory.json,24290,459,10,39.83
405,tmpeh57krzg,Q_405_trajectory.json,43495,1100,18,67.14
424,tmpeh57krzg,Q_424_trajectory.json,30680,477,12,104.2
604,tmpeh57krzg,Q_604_trajectory.json,19249,1089,12,151.63
607,tmpeh57krzg,Q_607_trajectory.json,25773,732,10,60.99
5,tmpelasyaof,Q_5_trajectory.json,73550,1453,30,117.0
8,tmpelasyaof,Q_8_trajectory.json,64168,1183,27,81.39
106,tmpelasyaof,Q_106_trajectory.json,11139,471,6,32.44
114,tmpelasyaof,Q_114_trajectory.json,23551,1199,16,74.9
203,tmpelasyaof,Q_203_trajectory.json,16687,511,8,34.93
204,tmpelasyaof,Q_204_trajectory.json,43168,886,20,518.32
400,tmpelasyaof,Q_400_trajectory.json,48614,815,20,68.71
405,tmpelasyaof,Q_405_trajectory.json,72957,1262,30,97.42
424,tmpelasyaof,Q_424_trajectory.json,93096,1969,37,121.98
604,tmpelasyaof,Q_604_trajectory.json,72923,2440,40,168.51
607,tmpelasyaof,Q_607_trajectory.json,36646,1960,24,110.96
5,tmpexomp4td,Q_5_trajectory.json,78927,2197,32,134.77
8,tmpexomp4td,Q_8_trajectory.json,113861,3255,41,155.03
106,tmpexomp4td,Q_106_trajectory.json,29473,1604,16,98.48
114,tmpexomp4td,Q_114_trajectory.json,50470,2800,26,162.47
203,tmpexomp4td,Q_203_trajectory.json,48983,1203,22,82.16
204,tmpexomp4td,Q_204_trajectory.json,49809,1814,22,86.46
400,tmpexomp4td,Q_400_trajectory.json,325929,1698,26,91.73
405,tmpexomp4td,Q_405_trajectory.json,193414,1564,30,622.48
424,tmpexomp4td,Q_424_trajectory.json,273689,1864,20,76.07
604,tmpexomp4td,Q_604_trajectory.json,19235,1210,12,79.58
607,tmpexomp4td,Q_607_trajectory.json,77955,4393,52,283.21
5,tmpfslih9lq,Q_5_trajectory.json,25127,871,10,59.06
8,tmpfslih9lq,Q_8_trajectory.json,29559,396,12,43.88
106,tmpfslih9lq,Q_106_trajectory.json,21725,1421,12,93.07
114,tmpfslih9lq,Q_114_trajectory.json,11708,949,12,57.4
203,tmpfslih9lq,Q_203_trajectory.json,5138,600,6,61.09
204,tmpfslih9lq,Q_204_trajectory.json,3242,413,4,28.35
400,tmpfslih9lq,Q_400_trajectory.json,99118,908,16,63.09
405,tmpfslih9lq,Q_405_trajectory.json,54096,1092,22,112.17
424,tmpfslih9lq,Q_424_trajectory.json,131753,1153,20,557.48
604,tmpfslih9lq,Q_604_trajectory.json,14117,427,10,100.06
607,tmpfslih9lq,Q_607_trajectory.json,6888,590,8,64.77
5,tmpg8reea2d,Q_5_trajectory.json,40846,627,18,140.07
8,tmpg8reea2d,Q_8_trajectory.json,34037,1309,13,96.95
106,tmpg8reea2d,Q_106_trajectory.json,13403,824,8,111.66
114,tmpg8reea2d,Q_114_trajectory.json,79702,2624,40,725.89
203,tmpg8reea2d,Q_203_trajectory.json,8256,131,4,37.01
204,tmpg8reea2d,Q_204_trajectory.json,8398,116,4,29.15
400,tmpg8reea2d,Q_400_trajectory.json,315507,1384,24,168.85
405,tmpg8reea2d,Q_405_trajectory.json,98400,976,24,149.61
424,tmpg8reea2d,Q_424_trajectory.json,445507,3003,34,229.79
604,tmpg8reea2d,Q_604_trajectory.json,48453,2346,26,310.48
607,tmpg8reea2d,Q_607_trajectory.json,64069,3163,38,845.64
5,tmpg_b6hqir,Q_5_trajectory.json,38527,1391,16,82.87
8,tmpg_b6hqir,Q_8_trajectory.json,141004,2906,54,173.03
106,tmpg_b6hqir,Q_106_trajectory.json,21023,1203,14,70.17
114,tmpg_b6hqir,Q_114_trajectory.json,55448,2491,28,146.43
203,tmpg_b6hqir,Q_203_trajectory.json,16437,201,8,31.13
204,tmpg_b6hqir,Q_204_trajectory.json,8382,104,4,15.79
400,tmpg_b6hqir,Q_400_trajectory.json,214498,1186,16,53.9
405,tmpg_b6hqir,Q_405_trajectory.json,192962,2299,46,150.22
424,tmpg_b6hqir,Q_424_trajectory.json,328156,2170,24,87.52
604,tmpg_b6hqir,Q_604_trajectory.json,37124,1799,16,499.85
607,tmpg_b6hqir,Q_607_trajectory.json,102047,3425,43,235.36
5,tmpga2ik6cg,Q_5_trajectory.json,90052,3006,38,152.59
8,tmpga2ik6cg,Q_8_trajectory.json,93348,1985,38,119.82
106,tmpga2ik6cg,Q_106_trajectory.json,58488,1957,24,537.75
114,tmpga2ik6cg,Q_114_trajectory.json,108147,2988,44,155.12
203,tmpga2ik6cg,Q_203_trajectory.json,193529,2023,33,230.62
204,tmpga2ik6cg,Q_204_trajectory.json,31213,759,14,51.21
400,tmpga2ik6cg,Q_400_trajectory.json,121972,1895,26,96.72
405,tmpga2ik6cg,Q_405_trajectory.json,66444,1464,28,200.76
424,tmpga2ik6cg,Q_424_trajectory.json,663751,3243,34,128.9
604,tmpga2ik6cg,Q_604_trajectory.json,53805,2108,23,99.03
607,tmpga2ik6cg,Q_607_trajectory.json,59031,2563,28,133.64
5,tmpgjz1wyiv,Q_5_trajectory.json,17522,221,8,50.46
8,tmpgjz1wyiv,Q_8_trajectory.json,24045,709,10,105.74
106,tmpgjz1wyiv,Q_106_trajectory.json,63738,1338,25,102.38
114,tmpgjz1wyiv,Q_114_trajectory.json,31208,410,13,51.31
203,tmpgjz1wyiv,Q_203_trajectory.json,4292,81,2,18.34
204,tmpgjz1wyiv,Q_204_trajectory.json,8790,121,4,25.78
400,tmpgjz1wyiv,Q_400_trajectory.json,125956,568,10,44.13
405,tmpgjz1wyiv,Q_405_trajectory.json,123651,1461,26,110.06
424,tmpgjz1wyiv,Q_424_trajectory.json,126313,617,10,371.39
604,tmpgjz1wyiv,Q_604_trajectory.json,73366,1432,30,683.16
607,tmpgjz1wyiv,Q_607_trajectory.json,30111,514,12,54.87
5,tmph2135csx,Q_5_trajectory.json,114633,2858,48,191.28
8,tmph2135csx,Q_8_trajectory.json,104494,2234,39,138.63
106,tmph2135csx,Q_106_trajectory.json,26655,1893,16,905.86
114,tmph2135csx,Q_114_trajectory.json,167654,3643,46,191.08
203,tmph2135csx,Q_203_trajectory.json,51888,1504,24,99.01
204,tmph2135csx,Q_204_trajectory.json,16786,319,8,32.71
400,tmph2135csx,Q_400_trajectory.json,572655,3142,57,620.57
405,tmph2135csx,Q_405_trajectory.json,142521,1544,42,136.76
424,tmph2135csx,Q_424_trajectory.json,568109,4787,38,167.42
604,tmph2135csx,Q_604_trajectory.json,35475,1703,20,118.35
607,tmph2135csx,Q_607_trajectory.json,119258,2731,30,228.92
5,tmph4u71j_3,Q_5_trajectory.json,287048,2699,30,129.6
8,tmph4u71j_3,Q_8_trajectory.json,90163,1288,28,88.68
106,tmph4u71j_3,Q_106_trajectory.json,26262,1389,14,73.64
114,tmph4u71j_3,Q_114_trajectory.json,144078,2710,36,134.34
203,tmph4u71j_3,Q_203_trajectory.json,80316,1008,18,70.95
204,tmph4u71j_3,Q_204_trajectory.json,118987,1708,42,134.65
400,tmph4u71j_3,Q_400_trajectory.json,152992,995,22,67.54
405,tmph4u71j_3,Q_405_trajectory.json,144106,2093,37,135.13
424,tmph4u71j_3,Q_424_trajectory.json,354902,2073,24,171.34
604,tmph4u71j_3,Q_604_trajectory.json,66977,1530,20,497.84
607,tmph4u71j_3,Q_607_trajectory.json,36612,2366,20,93.43
5,tmph5j0n54j,Q_5_trajectory.json,14077,318,6,35.48
8,tmph5j0n54j,Q_8_trajectory.json,68780,1942,26,89.55
106,tmph5j0n54j,Q_106_trajectory.json,179435,2176,42,168.45
114,tmph5j0n54j,Q_114_trajectory.json,57155,1369,22,192.0
203,tmph5j0n54j,Q_203_trajectory.json,8327,275,4,20.17
204,tmph5j0n54j,Q_204_trajectory.json,16765,470,8,35.21
400,tmph5j0n54j,Q_400_trajectory.json,230574,1431,28,89.75
405,tmph5j0n54j,Q_405_trajectory.json,74093,840,14,55.93
604,tmph5j0n54j,Q_604_trajectory.json,10569,553,6,45.75
607,tmph5j0n54j,Q_607_trajectory.json,21299,1270,14,74.48
5,tmphpnjqdds,Q_5_trajectory.json,74421,1718,30,115.94
8,tmphpnjqdds,Q_8_trajectory.json,74137,2002,29,132.0
106,tmphpnjqdds,Q_106_trajectory.json,35261,1604,20,194.67
114,tmphpnjqdds,Q_114_trajectory.json,281577,3828,48,277.96
203,tmphpnjqdds,Q_203_trajectory.json,34500,682,16,62.81
204,tmphpnjqdds,Q_204_trajectory.json,66938,1572,28,102.41
400,tmphpnjqdds,Q_400_trajectory.json,511301,2973,40,155.43
405,tmphpnjqdds,Q_405_trajectory.json,115750,1247,23,92.32
424,tmphpnjqdds,Q_424_trajectory.json,545494,2782,36,163.74
604,tmphpnjqdds,Q_604_trajectory.json,49668,1651,26,166.85
607,tmphpnjqdds,Q_607_trajectory.json,44184,2373,28,695.38
5,tmphzakayrs,Q_5_trajectory.json,24872,461,10,51.32
8,tmphzakayrs,Q_8_trajectory.json,74593,1194,31,122.58
106,tmphzakayrs,Q_106_trajectory.json,6053,649,6,463.84
114,tmphzakayrs,Q_114_trajectory.json,9763,638,10,58.02
203,tmphzakayrs,Q_203_trajectory.json,8335,166,4,460.77
204,tmphzakayrs,Q_204_trajectory.json,8447,369,4,28.16
400,tmphzakayrs,Q_400_trajectory.json,74975,357,6,36.01
405,tmphzakayrs,Q_405_trajectory.json,202246,1231,16,75.72
424,tmphzakayrs,Q_424_trajectory.json,398777,2512,28,534.39
604,tmphzakayrs,Q_604_trajectory.json,10671,611,6,51.71
607,tmphzakayrs,Q_607_trajectory.json,35687,1902,20,102.6
5,tmpi33zja1y,Q_5_trajectory.json,198432,2630,36,149.61
8,tmpi33zja1y,Q_8_trajectory.json,174145,1815,38,124.07
106,tmpi33zja1y,Q_106_trajectory.json,107835,3315,36,178.02
114,tmpi33zja1y,Q_114_trajectory.json,71624,2694,32,228.32
203,tmpi33zja1y,Q_203_trajectory.json,472244,4623,76,259.11
204,tmpi33zja1y,Q_204_trajectory.json,380987,4183,54,203.24
400,tmpi33zja1y,Q_400_trajectory.json,84895,1086,27,246.75
405,tmpi33zja1y,Q_405_trajectory.json,211704,1661,34,106.04
424,tmpi33zja1y,Q_424_trajectory.json,893625,6440,62,235.52
604,tmpi33zja1y,Q_604_trajectory.json,320037,6000,62,260.43
607,tmpi33zja1y,Q_607_trajectory.json,153941,5124,56,320.71
5,tmpicirgxf1,Q_5_trajectory.json,40446,1197,16,90.0
8,tmpicirgxf1,Q_8_trajectory.json,32919,599,12,48.57
106,tmpicirgxf1,Q_106_trajectory.json,21185,1209,10,91.57
114,tmpicirgxf1,Q_114_trajectory.json,32061,1071,18,111.58
203,tmpicirgxf1,Q_203_trajectory.json,52295,1223,22,590.23
204,tmpicirgxf1,Q_204_trajectory.json,8711,127,4,30.95
400,tmpicirgxf1,Q_400_trajectory.json,100752,440,8,40.01
5,tmpidh9fy55,Q_5_trajectory.json,38488,951,16,68.81
8,tmpidh9fy55,Q_8_trajectory.json,66390,1244,26,86.73
106,tmpidh9fy55,Q_106_trajectory.json,35765,1517,14,92.85
114,tmpidh9fy55,Q_114_trajectory.json,28260,1189,14,175.28
203,tmpidh9fy55,Q_203_trajectory.json,12913,603,6,25.42
204,tmpidh9fy55,Q_204_trajectory.json,16822,407,8,33.76
400,tmpidh9fy55,Q_400_trajectory.json,277516,1499,22,76.8
405,tmpidh9fy55,Q_405_trajectory.json,38059,740,16,54.05
424,tmpidh9fy55,Q_424_trajectory.json,438075,1955,22,89.79
604,tmpidh9fy55,Q_604_trajectory.json,64523,3032,30,792.22
5,tmpiduq32me,Q_5_trajectory.json,19180,624,8,45.7
114,tmpiduq32me,Q_114_trajectory.json,277908,4280,56,364.28
203,tmpiduq32me,Q_203_trajectory.json,16408,283,8,33.56
204,tmpiduq32me,Q_204_trajectory.json,25421,441,12,559.97
405,tmpiduq32me,Q_405_trajectory.json,602622,6144,67,248.24
424,tmpiduq32me,Q_424_trajectory.json,466722,2959,34,125.75
604,tmpiduq32me,Q_604_trajectory.json,11301,302,6,37.7
607,tmpiduq32me,Q_607_trajectory.json,114008,2620,24,129.96
5,tmpieoz9wiv,Q_5_trajectory.json,72560,1382,31,108.58
8,tmpieoz9wiv,Q_8_trajectory.json,52996,1046,23,75.58
106,tmpieoz9wiv,Q_106_trajectory.json,82559,1270,18,199.42
114,tmpieoz9wiv,Q_114_trajectory.json,60102,978,26,84.98
203,tmpieoz9wiv,Q_203_trajectory.json,171987,2297,34,835.1
204,tmpieoz9wiv,Q_204_trajectory.json,246961,2540,40,158.93
400,tmpieoz9wiv,Q_400_trajectory.json,83436,1072,36,112.98
405,tmpieoz9wiv,Q_405_trajectory.json,93127,1615,41,134.12
424,tmpieoz9wiv,Q_424_trajectory.json,154808,1266,18,70.39
604,tmpieoz9wiv,Q_604_trajectory.json,57339,2020,24,85.64
607,tmpieoz9wiv,Q_607_trajectory.json,68586,838,30,92.1
5,tmpihtkqg5h,Q_5_trajectory.json,39409,1167,16,109.91
106,tmpihtkqg5h,Q_106_trajectory.json,50038,980,20,119.22
203,tmpihtkqg5h,Q_203_trajectory.json,25767,1239,12,64.36
204,tmpihtkqg5h,Q_204_trajectory.json,33788,606,15,69.22
400,tmpihtkqg5h,Q_400_trajectory.json,33875,1009,14,90.34
405,tmpihtkqg5h,Q_405_trajectory.json,513934,2698,42,178.91
424,tmpihtkqg5h,Q_424_trajectory.json,267679,3952,57,275.33
5,tmpinj64o1q,Q_5_trajectory.json,35802,1175,14,65.25
8,tmpinj64o1q,Q_8_trajectory.json,133835,1639,54,159.36
106,tmpinj64o1q,Q_106_trajectory.json,21002,1184,10,73.84
114,tmpinj64o1q,Q_114_trajectory.json,47216,985,16,139.88
203,tmpinj64o1q,Q_203_trajectory.json,12803,401,6,25.36
204,tmpinj64o1q,Q_204_trajectory.json,28229,309,13,41.62
5,tmpisgpw3fs,Q_5_trajectory.json,45254,1054,18,76.89
8,tmpisgpw3fs,Q_8_trajectory.json,40471,1194,16,62.52
106,tmpisgpw3fs,Q_106_trajectory.json,11484,408,6,31.44
114,tmpisgpw3fs,Q_114_trajectory.json,8741,541,8,36.97
203,tmpisgpw3fs,Q_203_trajectory.json,26260,758,12,42.74
204,tmpisgpw3fs,Q_204_trajectory.json,8476,225,4,18.06
400,tmpisgpw3fs,Q_400_trajectory.json,50063,340,4,18.66
405,tmpisgpw3fs,Q_405_trajectory.json,151574,894,12,44.94
424,tmpisgpw3fs,Q_424_trajectory.json,231090,1492,18,64.81
604,tmpisgpw3fs,Q_604_trajectory.json,17680,742,8,41.41
607,tmpisgpw3fs,Q_607_trajectory.json,33798,1347,18,101.72
5,tmpiz2ktib7,Q_5_trajectory.json,14112,312,6,36.1
8,tmpiz2ktib7,Q_8_trajectory.json,20078,1041,8,43.39
106,tmpiz2ktib7,Q_106_trajectory.json,12825,670,10,48.76
114,tmpiz2ktib7,Q_114_trajectory.json,51996,1473,23,195.53
203,tmpiz2ktib7,Q_203_trajectory.json,8218,334,4,21.31
204,tmpiz2ktib7,Q_204_trajectory.json,13078,500,6,28.36
400,tmpiz2ktib7,Q_400_trajectory.json,30210,705,12,63.54
405,tmpiz2ktib7,Q_405_trajectory.json,156246,1189,12,52.0
424,tmpiz2ktib7,Q_424_trajectory.json,203539,1746,14,145.35
604,tmpiz2ktib7,Q_604_trajectory.json,15621,799,12,60.43
607,tmpiz2ktib7,Q_607_trajectory.json,15817,838,14,64.05
5,tmpj23b4l4x,Q_5_trajectory.json,94898,1270,22,141.64
8,tmpj23b4l4x,Q_8_trajectory.json,73308,2508,28,110.45
106,tmpj23b4l4x,Q_106_trajectory.json,51935,850,21,62.18
114,tmpj23b4l4x,Q_114_trajectory.json,126177,2168,50,147.37
203,tmpj23b4l4x,Q_203_trajectory.json,35856,1587,16,80.0
204,tmpj23b4l4x,Q_204_trajectory.json,17124,767,8,36.84
400,tmpj23b4l4x,Q_400_trajectory.json,164013,770,12,461.89
405,tmpj23b4l4x,Q_405_trajectory.json,128764,1305,28,98.47
5,tmpj2896ur5,Q_5_trajectory.json,14089,324,6,32.16
8,tmpj2896ur5,Q_8_trajectory.json,38580,703,16,55.51
106,tmpj2896ur5,Q_106_trajectory.json,21882,976,12,95.23
114,tmpj2896ur5,Q_114_trajectory.json,38898,1984,20,724.31
203,tmpj2896ur5,Q_203_trajectory.json,16395,218,8,30.42
204,tmpj2896ur5,Q_204_trajectory.json,13172,425,6,25.91
400,tmpj2896ur5,Q_400_trajectory.json,74961,381,6,22.86
405,tmpj2896ur5,Q_405_trajectory.json,184116,1721,34,108.63
424,tmpj2896ur5,Q_424_trajectory.json,327417,1838,18,78.24
604,tmpj2896ur5,Q_604_trajectory.json,21089,951,12,113.45
607,tmpj2896ur5,Q_607_trajectory.json,33247,1435,16,144.21
5,tmpjacxkyne,Q_5_trajectory.json,95645,2419,40,155.68
8,tmpjacxkyne,Q_8_trajectory.json,73626,1816,29,94.0
106,tmpjacxkyne,Q_106_trajectory.json,118990,2219,47,137.54
114,tmpjacxkyne,Q_114_trajectory.json,125594,3058,48,151.12
203,tmpjacxkyne,Q_203_trajectory.json,29144,405,12,37.94
204,tmpjacxkyne,Q_204_trajectory.json,10993,181,5,18.34
400,tmpjacxkyne,Q_400_trajectory.json,48591,996,20,63.01
405,tmpjacxkyne,Q_405_trajectory.json,86222,1367,36,102.89
424,tmpjacxkyne,Q_424_trajectory.json,33936,1050,14,63.87
604,tmpjacxkyne,Q_604_trajectory.json,85520,1697,33,103.75
607,tmpjacxkyne,Q_607_trajectory.json,97888,2800,39,128.35
5,tmpjikvpc_p,Q_5_trajectory.json,28170,654,12,54.69
8,tmpjikvpc_p,Q_8_trajectory.json,119161,2565,48,411.64
106,tmpjikvpc_p,Q_106_trajectory.json,13037,840,8,62.97
114,tmpjikvpc_p,Q_114_trajectory.json,70426,2302,30,614.56
203,tmpjikvpc_p,Q_203_trajectory.json,8236,104,4,14.15
204,tmpjikvpc_p,Q_204_trajectory.json,8522,244,4,15.7
400,tmpjikvpc_p,Q_400_trajectory.json,403947,2346,32,106.56
405,tmpjikvpc_p,Q_405_trajectory.json,81384,1584,32,102.35
424,tmpjikvpc_p,Q_424_trajectory.json,388965,2432,28,101.56
604,tmpjikvpc_p,Q_604_trajectory.json,107578,3481,48,264.29
607,tmpjikvpc_p,Q_607_trajectory.json,43003,1479,22,155.69
5,tmpjtgwomc4,Q_5_trajectory.json,14088,300,6,34.44
8,tmpjtgwomc4,Q_8_trajectory.json,9187,213,4,23.04
106,tmpjtgwomc4,Q_106_trajectory.json,11099,451,6,53.01
114,tmpjtgwomc4,Q_114_trajectory.json,28409,908,16,123.42
203,tmpjtgwomc4,Q_203_trajectory.json,8223,182,4,19.41
204,tmpjtgwomc4,Q_204_trajectory.json,8216,349,4,20.02
400,tmpjtgwomc4,Q_400_trajectory.json,19616,513,8,33.98
405,tmpjtgwomc4,Q_405_trajectory.json,125249,764,10,444.62
424,tmpjtgwomc4,Q_424_trajectory.json,177281,1063,14,56.94
604,tmpjtgwomc4,Q_604_trajectory.json,12942,523,12,61.33
607,tmpjtgwomc4,Q_607_trajectory.json,24325,1032,14,104.79
5,tmpk2cbhzpz,Q_5_trajectory.json,25128,501,10,45.5
8,tmpk2cbhzpz,Q_8_trajectory.json,31546,585,12,41.77
106,tmpk2cbhzpz,Q_106_trajectory.json,10799,460,6,42.54
114,tmpk2cbhzpz,Q_114_trajectory.json,235944,3541,36,670.12
400,tmpk2cbhzpz,Q_400_trajectory.json,101257,622,8,30.91
405,tmpk2cbhzpz,Q_405_trajectory.json,107832,1443,20,83.33
424,tmpk2cbhzpz,Q_424_trajectory.json,75894,621,6,27.91
607,tmpk2cbhzpz,Q_607_trajectory.json,48161,2601,24,612.93
5,tmpk9d_g0le,Q_5_trajectory.json,127697,1682,20,99.26
8,tmpk9d_g0le,Q_8_trajectory.json,105744,1628,42,670.84
106,tmpk9d_g0le,Q_106_trajectory.json,34853,1572,19,92.58
114,tmpk9d_g0le,Q_114_trajectory.json,99001,2458,22,150.22
203,tmpk9d_g0le,Q_203_trajectory.json,42120,1407,18,77.81
204,tmpk9d_g0le,Q_204_trajectory.json,125320,875,18,67.48
400,tmpk9d_g0le,Q_400_trajectory.json,75057,395,6,26.93
405,tmpk9d_g0le,Q_405_trajectory.json,143917,1426,27,95.0
424,tmpk9d_g0le,Q_424_trajectory.json,389196,3232,26,113.88
604,tmpk9d_g0le,Q_604_trajectory.json,67519,918,14,74.81
607,tmpk9d_g0le,Q_607_trajectory.json,65499,1876,22,102.71
5,tmpklwgke5v,Q_5_trajectory.json,86059,1213,37,147.19
8,tmpklwgke5v,Q_8_trajectory.json,109268,2615,45,162.73
106,tmpklwgke5v,Q_106_trajectory.json,135447,3315,55,530.2
114,tmpklwgke5v,Q_114_trajectory.json,90119,2008,37,276.86
203,tmpklwgke5v,Q_203_trajectory.json,51988,1107,23,98.43
204,tmpklwgke5v,Q_204_trajectory.json,135616,1866,58,222.08
400,tmpklwgke5v,Q_400_trajectory.json,607267,3229,48,200.83
405,tmpklwgke5v,Q_405_trajectory.json,345008,5020,52,641.17
424,tmpklwgke5v,Q_424_trajectory.json,559014,5032,38,262.83
604,tmpklwgke5v,Q_604_trajectory.json,138707,3044,57,222.88
607,tmpklwgke5v,Q_607_trajectory.json,107333,2364,44,201.7
5,tmpkrgimrmk,Q_5_trajectory.json,38488,912,16,69.98
8,tmpkrgimrmk,Q_8_trajectory.json,66757,1326,26,77.09
106,tmpkrgimrmk,Q_106_trajectory.json,53231,2571,36,175.73
114,tmpkrgimrmk,Q_114_trajectory.json,62943,3003,28,192.39
203,tmpkrgimrmk,Q_203_trajectory.json,12907,160,6,22.5
204,tmpkrgimrmk,Q_204_trajectory.json,16832,393,8,33.89
400,tmpkrgimrmk,Q_400_trajectory.json,275931,1264,22,79.24
405,tmpkrgimrmk,Q_405_trajectory.json,95911,1807,40,145.04
424,tmpkrgimrmk,Q_424_trajectory.json,342072,1915,20,81.48
604,tmpkrgimrmk,Q_604_trajectory.json,58276,3068,30,176.3
607,tmpkrgimrmk,Q_607_trajectory.json,21795,1625,18,88.35
5,tmpksp617hg,Q_5_trajectory.json,33948,625,14,55.08
8,tmpksp617hg,Q_8_trajectory.json,31580,749,13,46.56
106,tmpksp617hg,Q_106_trajectory.json,10981,440,6,38.72
114,tmpksp617hg,Q_114_trajectory.json,266094,3464,42,176.4
203,tmpksp617hg,Q_203_trajectory.json,16779,287,8,28.03
204,tmpksp617hg,Q_204_trajectory.json,8529,227,4,16.82
400,tmpksp617hg,Q_400_trajectory.json,188334,1990,24,85.84
405,tmpksp617hg,Q_405_trajectory.json,113574,1539,30,96.91
424,tmpksp617hg,Q_424_trajectory.json,302249,1725,22,80.05
604,tmpksp617hg,Q_604_trajectory.json,78456,2797,38,202.19
607,tmpksp617hg,Q_607_trajectory.json,33254,2070,22,117.03
5,tmpl36qbvfl,Q_5_trajectory.json,85546,1830,34,132.94
8,tmpl36qbvfl,Q_8_trajectory.json,258155,3133,28,142.05
106,tmpl36qbvfl,Q_106_trajectory.json,23035,1016,11,93.49
114,tmpl36qbvfl,Q_114_trajectory.json,51755,1585,28,144.44
203,tmpl36qbvfl,Q_203_trajectory.json,12731,395,6,30.91
204,tmpl36qbvfl,Q_204_trajectory.json,37925,858,18,78.99
400,tmpl36qbvfl,Q_400_trajectory.json,147878,2222,30,267.83
405,tmpl36qbvfl,Q_405_trajectory.json,78306,823,16,63.18
424,tmpl36qbvfl,Q_424_trajectory.json,351198,2643,26,113.48
604,tmpl36qbvfl,Q_604_trajectory.json,146121,1467,22,113.49
607,tmpl36qbvfl,Q_607_trajectory.json,30854,1272,20,107.45
5,tmpla_ac6ir,Q_5_trajectory.json,75266,1251,32,514.29
8,tmpla_ac6ir,Q_8_trajectory.json,106700,1793,44,130.35
106,tmpla_ac6ir,Q_106_trajectory.json,171780,4251,65,209.68
114,tmpla_ac6ir,Q_114_trajectory.json,126681,2266,50,141.8
203,tmpla_ac6ir,Q_203_trajectory.json,36678,506,16,47.6
204,tmpla_ac6ir,Q_204_trajectory.json,15699,212,7,22.4
400,tmpla_ac6ir,Q_400_trajectory.json,93010,1916,38,113.0
405,tmpla_ac6ir,Q_405_trajectory.json,70915,1449,30,100.91
424,tmpla_ac6ir,Q_424_trajectory.json,105986,2222,42,130.43
604,tmpla_ac6ir,Q_604_trajectory.json,87944,2533,35,116.59
607,tmpla_ac6ir,Q_607_trajectory.json,90426,2896,34,115.65
5,tmplbwa74km,Q_5_trajectory.json,48894,1110,21,521.03
8,tmplbwa74km,Q_8_trajectory.json,319607,2948,35,245.69
106,tmplbwa74km,Q_106_trajectory.json,28490,1332,14,61.3
114,tmplbwa74km,Q_114_trajectory.json,47919,2028,22,103.77
203,tmplbwa74km,Q_203_trajectory.json,24938,875,11,37.8
204,tmplbwa74km,Q_204_trajectory.json,22347,535,10,34.07
400,tmplbwa74km,Q_400_trajectory.json,108955,545,12,38.65
405,tmplbwa74km,Q_405_trajectory.json,95058,1716,40,217.99
424,tmplbwa74km,Q_424_trajectory.json,433690,2501,36,115.33
604,tmplbwa74km,Q_604_trajectory.json,61605,2451,28,113.26
607,tmplbwa74km,Q_607_trajectory.json,55830,2896,34,147.23
7,tmplcur1k9o,Q_7_trajectory.json,31288,493,12,46.75
11,tmplcur1k9o,Q_11_trajectory.json,52692,1412,26,108.11
107,tmplcur1k9o,Q_107_trajectory.json,27154,1645,14,117.96
108,tmplcur1k9o,Q_108_trajectory.json,46791,1735,22,177.65
201,tmplcur1k9o,Q_201_trajectory.json,8545,116,4,17.2
205,tmplcur1k9o,Q_205_trajectory.json,13577,201,6,20.91
403,tmplcur1k9o,Q_403_trajectory.json,914637,3097,38,138.44
410,tmplcur1k9o,Q_410_trajectory.json,113041,1570,20,75.86
411,tmplcur1k9o,Q_411_trajectory.json,412949,2946,30,112.86
605,tmplcur1k9o,Q_605_trajectory.json,13544,885,8,64.45
606,tmplcur1k9o,Q_606_trajectory.json,29453,1672,12,141.98
5,tmplzn3xann,Q_5_trajectory.json,108848,3206,43,153.14
8,tmplzn3xann,Q_8_trajectory.json,119246,2121,50,147.64
106,tmplzn3xann,Q_106_trajectory.json,51531,2970,28,149.92
5,tmpm33w6dgh,Q_5_trajectory.json,30960,1102,12,75.51
8,tmpm33w6dgh,Q_8_trajectory.json,44894,959,22,92.0
106,tmpm33w6dgh,Q_106_trajectory.json,24423,826,10,90.42
114,tmpm33w6dgh,Q_114_trajectory.json,30930,1696,24,129.8
203,tmpm33w6dgh,Q_203_trajectory.json,8764,343,4,20.12
204,tmpm33w6dgh,Q_204_trajectory.json,8460,182,4,18.4
400,tmpm33w6dgh,Q_400_trajectory.json,125998,426,10,36.45
405,tmpm33w6dgh,Q_405_trajectory.json,75184,426,6,36.43
424,tmpm33w6dgh,Q_424_trajectory.json,276573,3072,20,92.93
604,tmpm33w6dgh,Q_604_trajectory.json,32545,967,16,613.92
607,tmpm33w6dgh,Q_607_trajectory.json,3483,564,4,49.74
5,tmpmfct6nwj,Q_5_trajectory.json,84496,2511,34,135.07
8,tmpmfct6nwj,Q_8_trajectory.json,68047,1651,29,90.97
106,tmpmfct6nwj,Q_106_trajectory.json,162047,4291,64,203.23
114,tmpmfct6nwj,Q_114_trajectory.json,295296,3066,42,143.68
203,tmpmfct6nwj,Q_203_trajectory.json,19228,430,9,32.9
204,tmpmfct6nwj,Q_204_trajectory.json,80970,1758,34,99.47
400,tmpmfct6nwj,Q_400_trajectory.json,48215,1052,20,63.44
405,tmpmfct6nwj,Q_405_trajectory.json,288549,2856,40,137.12
424,tmpmfct6nwj,Q_424_trajectory.json,267115,2469,31,100.98
604,tmpmfct6nwj,Q_604_trajectory.json,96164,3048,50,704.46
607,tmpmfct6nwj,Q_607_trajectory.json,116517,2079,24,133.13
7,tmpmol7k75g,Q_7_trajectory.json,55324,1140,24,105.63
11,tmpmol7k75g,Q_11_trajectory.json,78116,2965,32,134.77
107,tmpmol7k75g,Q_107_trajectory.json,102181,1772,42,324.96
108,tmpmol7k75g,Q_108_trajectory.json,93836,2462,36,130.05
201,tmpmol7k75g,Q_201_trajectory.json,26740,609,12,41.53
205,tmpmol7k75g,Q_205_trajectory.json,46868,689,20,63.99
403,tmpmol7k75g,Q_403_trajectory.json,48692,1371,20,110.33
410,tmpmol7k75g,Q_410_trajectory.json,72047,1902,29,102.02
411,tmpmol7k75g,Q_411_trajectory.json,63953,951,27,86.05
605,tmpmol7k75g,Q_605_trajectory.json,127550,3460,51,208.18
606,tmpmol7k75g,Q_606_trajectory.json,88727,2746,35,152.16
5,tmpn4dk1dq1,Q_5_trajectory.json,14083,375,6,33.99
8,tmpn4dk1dq1,Q_8_trajectory.json,61045,994,24,729.34
106,tmpn4dk1dq1,Q_106_trajectory.json,18928,754,12,53.04
114,tmpn4dk1dq1,Q_114_trajectory.json,153703,3093,34,155.63
203,tmpn4dk1dq1,Q_203_trajectory.json,12643,434,6,25.91
204,tmpn4dk1dq1,Q_204_trajectory.json,8411,180,4,16.4
400,tmpn4dk1dq1,Q_400_trajectory.json,125869,562,10,34.0
405,tmpn4dk1dq1,Q_405_trajectory.json,207704,1105,16,57.69
424,tmpn4dk1dq1,Q_424_trajectory.json,269631,1716,20,83.09
604,tmpn4dk1dq1,Q_604_trajectory.json,25034,1343,20,101.79
607,tmpn4dk1dq1,Q_607_trajectory.json,46633,3567,30,154.65
5,tmpneash_pf,Q_5_trajectory.json,54985,1445,20,594.24
8,tmpneash_pf,Q_8_trajectory.json,31757,871,12,204.58
106,tmpneash_pf,Q_106_trajectory.json,50457,513,22,69.18
114,tmpneash_pf,Q_114_trajectory.json,76914,1797,31,127.53
203,tmpneash_pf,Q_203_trajectory.json,48454,1038,18,68.48
204,tmpneash_pf,Q_204_trajectory.json,24694,620,11,45.78
400,tmpneash_pf,Q_400_trajectory.json,200784,833,16,68.47
405,tmpneash_pf,Q_405_trajectory.json,253638,1927,20,93.55
424,tmpneash_pf,Q_424_trajectory.json,408203,2851,26,747.75
604,tmpneash_pf,Q_604_trajectory.json,11366,898,10,156.71
607,tmpneash_pf,Q_607_trajectory.json,27561,1519,20,138.7
5,tmpniqo7aiq,Q_5_trajectory.json,45064,1220,18,75.19
8,tmpniqo7aiq,Q_8_trajectory.json,89700,2227,42,151.62
106,tmpniqo7aiq,Q_106_trajectory.json,151317,3270,60,242.76
114,tmpniqo7aiq,Q_114_trajectory.json,89115,2602,42,785.56
203,tmpniqo7aiq,Q_203_trajectory.json,45696,1447,22,88.47
204,tmpniqo7aiq,Q_204_trajectory.json,41802,1034,20,79.05
400,tmpniqo7aiq,Q_400_trajectory.json,239158,1237,18,65.18
405,tmpniqo7aiq,Q_405_trajectory.json,225809,2143,35,119.49
424,tmpniqo7aiq,Q_424_trajectory.json,556482,4007,40,154.34
607,tmpniqo7aiq,Q_607_trajectory.json,62123,2129,40,191.2
5,tmpnmivlo_f,Q_5_trajectory.json,25828,908,10,51.01
8,tmpnmivlo_f,Q_8_trajectory.json,62721,995,24,75.07
106,tmpnmivlo_f,Q_106_trajectory.json,16434,1125,10,90.69
114,tmpnmivlo_f,Q_114_trajectory.json,34571,1126,18,211.35
203,tmpnmivlo_f,Q_203_trajectory.json,8496,130,4,18.21
204,tmpnmivlo_f,Q_204_trajectory.json,13470,667,6,28.23
400,tmpnmivlo_f,Q_400_trajectory.json,175600,762,14,53.22
405,tmpnmivlo_f,Q_405_trajectory.json,99444,715,16,58.83
424,tmpnmivlo_f,Q_424_trajectory.json,211899,3294,16,91.3
604,tmpnmivlo_f,Q_604_trajectory.json,18346,1008,10,98.64
607,tmpnmivlo_f,Q_607_trajectory.json,19602,1197,16,510.63
5,tmpnw60o8c6,Q_5_trajectory.json,49721,1125,20,108.06
8,tmpnw60o8c6,Q_8_trajectory.json,234038,1559,19,188.34
106,tmpnw60o8c6,Q_106_trajectory.json,11738,617,6,50.09
114,tmpnw60o8c6,Q_114_trajectory.json,81655,3038,30,228.2
203,tmpnw60o8c6,Q_203_trajectory.json,13391,230,6,25.74
204,tmpnw60o8c6,Q_204_trajectory.json,13628,554,6,26.51
400,tmpnw60o8c6,Q_400_trajectory.json,111890,1214,20,77.22
405,tmpnw60o8c6,Q_405_trajectory.json,116079,1470,22,87.76
424,tmpnw60o8c6,Q_424_trajectory.json,421609,2956,30,114.51
604,tmpnw60o8c6,Q_604_trajectory.json,19733,1115,10,83.84
607,tmpnw60o8c6,Q_607_trajectory.json,140550,2915,26,923.57
5,tmpo3p8itcn,Q_5_trajectory.json,103410,1691,20,111.36
5,tmpo6mivmw9,Q_5_trajectory.json,42172,1101,18,70.86
8,tmpo6mivmw9,Q_8_trajectory.json,65198,1017,26,75.23
106,tmpo6mivmw9,Q_106_trajectory.json,89137,1238,12,74.24
114,tmpo6mivmw9,Q_114_trajectory.json,257142,2763,39,343.57
203,tmpo6mivmw9,Q_203_trajectory.json,72246,1255,32,109.77
204,tmpo6mivmw9,Q_204_trajectory.json,16907,521,8,33.91
400,tmpo6mivmw9,Q_400_trajectory.json,140093,1097,10,482.4
405,tmpo6mivmw9,Q_405_trajectory.json,710872,4639,78,252.53
424,tmpo6mivmw9,Q_424_trajectory.json,367336,2186,26,86.49
604,tmpo6mivmw9,Q_604_trajectory.json,257362,3189,28,143.19
607,tmpo6mivmw9,Q_607_trajectory.json,172430,2612,28,112.37
5,tmpo8_ws369,Q_5_trajectory.json,38495,766,16,69.73
8,tmpo8_ws369,Q_8_trajectory.json,59676,1587,23,83.87
106,tmpo8_ws369,Q_106_trajectory.json,72613,3332,34,296.29
114,tmpo8_ws369,Q_114_trajectory.json,73955,2506,26,172.96
203,tmpo8_ws369,Q_203_trajectory.json,31295,926,14,52.2
204,tmpo8_ws369,Q_204_trajectory.json,16809,535,8,45.52
400,tmpo8_ws369,Q_400_trajectory.json,328815,1841,24,87.63
405,tmpo8_ws369,Q_405_trajectory.json,79452,1431,34,109.8
424,tmpo8_ws369,Q_424_trajectory.json,236987,1309,16,62.28
5,tmpoagpvdl3,Q_5_trajectory.json,46483,768,20,82.41
8,tmpoagpvdl3,Q_8_trajectory.json,48635,1242,22,84.17
106,tmpoagpvdl3,Q_106_trajectory.json,10356,697,6,35.32
114,tmpoagpvdl3,Q_114_trajectory.json,84851,2497,34,555.13
203,tmpoagpvdl3,Q_203_trajectory.json,8236,101,4,15.05
204,tmpoagpvdl3,Q_204_trajectory.json,13720,729,6,26.57
400,tmpoagpvdl3,Q_400_trajectory.json,347597,2057,26,92.12
405,tmpoagpvdl3,Q_405_trajectory.json,342684,3615,50,172.62
424,tmpoagpvdl3,Q_424_trajectory.json,553619,4222,34,132.15
604,tmpoagpvdl3,Q_604_trajectory.json,45041,2416,26,125.32
607,tmpoagpvdl3,Q_607_trajectory.json,57734,2314,27,106.9
5,tmpoe_sxu31,Q_5_trajectory.json,14073,313,6,35.92
8,tmpoe_sxu31,Q_8_trajectory.json,42309,1105,17,61.65
106,tmpoe_sxu31,Q_106_trajectory.json,33194,534,13,38.83
114,tmpoe_sxu31,Q_114_trajectory.json,88852,2899,34,119.86
203,tmpoe_sxu31,Q_203_trajectory.json,25247,659,11,38.65
204,tmpoe_sxu31,Q_204_trajectory.json,32057,713,13,40.35
400,tmpoe_sxu31,Q_400_trajectory.json,152185,757,12,35.84
405,tmpoe_sxu31,Q_405_trajectory.json,45625,1081,20,67.68
424,tmpoe_sxu31,Q_424_trajectory.json,282538,1924,20,71.2
604,tmpoe_sxu31,Q_604_trajectory.json,72260,1403,28,83.74
607,tmpoe_sxu31,Q_607_trajectory.json,60360,1825,23,80.39
7,tmpou20_tly,Q_7_trajectory.json,22717,365,10,46.67
11,tmpou20_tly,Q_11_trajectory.json,27665,1101,11,42.1
107,tmpou20_tly,Q_107_trajectory.json,10137,398,6,55.69
108,tmpou20_tly,Q_108_trajectory.json,30903,1023,13,102.71
201,tmpou20_tly,Q_201_trajectory.json,8209,129,4,21.87
205,tmpou20_tly,Q_205_trajectory.json,8379,111,4,16.4
403,tmpou20_tly,Q_403_trajectory.json,115962,649,15,55.87
410,tmpou20_tly,Q_410_trajectory.json,124964,693,10,43.45
411,tmpou20_tly,Q_411_trajectory.json,408230,2373,34,123.08
605,tmpou20_tly,Q_605_trajectory.json,18888,530,10,69.02
606,tmpou20_tly,Q_606_trajectory.json,37337,1257,16,204.81
5,tmpp119a6f3,Q_5_trajectory.json,325332,2270,28,97.8
8,tmpp119a6f3,Q_8_trajectory.json,33648,878,13,43.17
106,tmpp119a6f3,Q_106_trajectory.json,284405,2887,46,714.04
114,tmpp119a6f3,Q_114_trajectory.json,398227,4213,46,429.7
203,tmpp119a6f3,Q_203_trajectory.json,169693,1362,16,55.73
204,tmpp119a6f3,Q_204_trajectory.json,42828,845,18,54.83
400,tmpp119a6f3,Q_400_trajectory.json,195261,2575,40,133.56
405,tmpp119a6f3,Q_405_trajectory.json,155657,2116,36,124.77
424,tmpp119a6f3,Q_424_trajectory.json,169301,2197,38,177.93
604,tmpp119a6f3,Q_604_trajectory.json,152910,2704,32,131.73
607,tmpp119a6f3,Q_607_trajectory.json,233888,3725,47,620.27
5,tmpp36ezcaa,Q_5_trajectory.json,8930,442,4,36.95
8,tmpp36ezcaa,Q_8_trajectory.json,29773,414,12,50.42
106,tmpp36ezcaa,Q_106_trajectory.json,22188,313,9,42.09
114,tmpp36ezcaa,Q_114_trajectory.json,82780,1290,34,398.57
203,tmpp36ezcaa,Q_203_trajectory.json,20654,403,9,45.31
204,tmpp36ezcaa,Q_204_trajectory.json,13111,195,6,39.06
400,tmpp36ezcaa,Q_400_trajectory.json,29017,456,12,50.67
405,tmpp36ezcaa,Q_405_trajectory.json,83641,1308,34,142.52
5,tmppgc6x4bf,Q_5_trajectory.json,19614,402,8,40.32
8,tmppgc6x4bf,Q_8_trajectory.json,55196,1140,22,142.03
106,tmppgc6x4bf,Q_106_trajectory.json,44659,1018,18,61.92
114,tmppgc6x4bf,Q_114_trajectory.json,63856,1950,23,84.19
203,tmppgc6x4bf,Q_203_trajectory.json,15725,177,7,21.89
204,tmppgc6x4bf,Q_204_trajectory.json,39062,934,17,54.23
400,tmppgc6x4bf,Q_400_trajectory.json,18608,340,8,27.44
405,tmppgc6x4bf,Q_405_trajectory.json,52841,878,22,149.83
424,tmppgc6x4bf,Q_424_trajectory.json,497419,2715,30,111.72
604,tmppgc6x4bf,Q_604_trajectory.json,57042,1646,22,73.86
5,tmppgg0l4_l,Q_5_trajectory.json,43293,1011,18,65.61
8,tmppgg0l4_l,Q_8_trajectory.json,107854,2777,42,138.75
106,tmppgg0l4_l,Q_106_trajectory.json,30760,744,14,70.95
114,tmppgg0l4_l,Q_114_trajectory.json,71595,2939,40,151.27
203,tmppgg0l4_l,Q_203_trajectory.json,24964,679,12,44.03
204,tmppgg0l4_l,Q_204_trajectory.json,21406,307,10,33.49
400,tmppgg0l4_l,Q_400_trajectory.json,183427,1460,25,75.06
405,tmppgg0l4_l,Q_405_trajectory.json,197021,2519,45,131.87
424,tmppgg0l4_l,Q_424_trajectory.json,451182,2994,34,120.55
604,tmppgg0l4_l,Q_604_trajectory.json,29417,2156,20,133.22
607,tmppgg0l4_l,Q_607_trajectory.json,50071,2879,22,166.07
5,tmppi91u25k,Q_5_trajectory.json,52090,865,20,82.83
8,tmppi91u25k,Q_8_trajectory.json,407611,1390,23,92.41
106,tmppi91u25k,Q_106_trajectory.json,12206,420,6,63.75
114,tmppi91u25k,Q_114_trajectory.json,19229,1084,14,71.19
203,tmppi91u25k,Q_203_trajectory.json,14164,225,6,20.11
204,tmppi91u25k,Q_204_trajectory.json,9252,136,4,15.82
400,tmppi91u25k,Q_400_trajectory.json,30404,494,12,46.53
405,tmppi91u25k,Q_405_trajectory.json,175050,1677,26,92.82
424,tmppi91u25k,Q_424_trajectory.json,546249,3607,36,139.48
604,tmppi91u25k,Q_604_trajectory.json,33684,1840,20,348.41
607,tmppi91u25k,Q_607_trajectory.json,41670,1203,22,876.81
5,tmpppi6fvph,Q_5_trajectory.json,23657,762,10,55.01
8,tmpppi6fvph,Q_8_trajectory.json,195515,3830,76,274.25
106,tmpppi6fvph,Q_106_trajectory.json,40369,2135,22,201.19
114,tmpppi6fvph,Q_114_trajectory.json,79890,4383,40,199.52
203,tmpppi6fvph,Q_203_trajectory.json,16750,667,8,36.62
204,tmpppi6fvph,Q_204_trajectory.json,8416,176,4,18.07
400,tmpppi6fvph,Q_400_trajectory.json,179271,1826,32,112.97
405,tmpppi6fvph,Q_405_trajectory.json,112291,1061,22,77.07
424,tmpppi6fvph,Q_424_trajectory.json,403685,2419,28,104.17
604,tmpppi6fvph,Q_604_trajectory.json,127666,5310,60,943.32
607,tmpppi6fvph,Q_607_trajectory.json,110812,4208,56,229.38
5,tmpq7i1km14,Q_5_trajectory.json,74762,1691,30,120.42
106,tmpq7i1km14,Q_106_trajectory.json,34742,1949,24,114.36
114,tmpq7i1km14,Q_114_trajectory.json,19270,1192,18,81.74
203,tmpq7i1km14,Q_203_trajectory.json,16464,527,8,37.05
204,tmpq7i1km14,Q_204_trajectory.json,26227,634,12,48.87
400,tmpq7i1km14,Q_400_trajectory.json,100241,432,8,27.6
405,tmpq7i1km14,Q_405_trajectory.json,50501,1025,22,81.23
424,tmpq7i1km14,Q_424_trajectory.json,447813,2565,32,518.12
604,tmpq7i1km14,Q_604_trajectory.json,19643,1509,12,76.89
607,tmpq7i1km14,Q_607_trajectory.json,36224,1975,26,123.06
5,tmpq7zzsd6t,Q_5_trajectory.json,14106,311,6,36.21
8,tmpq7zzsd6t,Q_8_trajectory.json,30358,432,12,42.68
106,tmpq7zzsd6t,Q_106_trajectory.json,16002,693,10,70.1
114,tmpq7zzsd6t,Q_114_trajectory.json,78141,2154,34,575.25
203,tmpq7zzsd6t,Q_203_trajectory.json,8165,316,4,18.43
204,tmpq7zzsd6t,Q_204_trajectory.json,13115,278,6,25.86
400,tmpq7zzsd6t,Q_400_trajectory.json,18653,336,8,28.85
405,tmpq7zzsd6t,Q_405_trajectory.json,132197,897,16,62.1
424,tmpq7zzsd6t,Q_424_trajectory.json,214050,2281,21,92.53
604,tmpq7zzsd6t,Q_604_trajectory.json,22990,835,10,84.49
607,tmpq7zzsd6t,Q_607_trajectory.json,46197,1368,20,202.14
5,tmpqm9rlj11,Q_5_trajectory.json,116349,1985,49,166.33
8,tmpqm9rlj11,Q_8_trajectory.json,152386,2904,64,216.42
106,tmpqm9rlj11,Q_106_trajectory.json,112568,3586,60,262.64
114,tmpqm9rlj11,Q_114_trajectory.json,176375,3812,74,235.68
203,tmpqm9rlj11,Q_203_trajectory.json,119102,2549,52,173.04
204,tmpqm9rlj11,Q_204_trajectory.json,101341,1383,44,138.42
400,tmpqm9rlj11,Q_400_trajectory.json,132875,2127,55,173.99
405,tmpqm9rlj11,Q_405_trajectory.json,122975,2114,52,177.21
424,tmpqm9rlj11,Q_424_trajectory.json,450939,4368,66,231.6
604,tmpqm9rlj11,Q_604_trajectory.json,126718,3518,58,215.6
607,tmpqm9rlj11,Q_607_trajectory.json,136233,3462,59,257.13
5,tmpqrlfbkat,Q_5_trajectory.json,97731,1697,40,176.64
8,tmpqrlfbkat,Q_8_trajectory.json,214494,3491,51,200.95
106,tmpqrlfbkat,Q_106_trajectory.json,21082,1698,16,215.85
114,tmpqrlfbkat,Q_114_trajectory.json,75836,2149,30,273.08
203,tmpqrlfbkat,Q_203_trajectory.json,20375,305,10,90.42
204,tmpqrlfbkat,Q_204_trajectory.json,21299,801,10,48.2
400,tmpqrlfbkat,Q_400_trajectory.json,264724,1228,20,102.67
405,tmpqrlfbkat,Q_405_trajectory.json,464290,3817,62,473.13
424,tmpqrlfbkat,Q_424_trajectory.json,465110,3634,34,166.7
604,tmpqrlfbkat,Q_604_trajectory.json,80197,1626,24,355.8
607,tmpqrlfbkat,Q_607_trajectory.json,85047,3224,38,301.94
5,tmpqvhoconh,Q_5_trajectory.json,28181,644,12,58.55
8,tmpqvhoconh,Q_8_trajectory.json,79033,1717,31,121.36
106,tmpqvhoconh,Q_106_trajectory.json,13620,843,8,56.63
114,tmpqvhoconh,Q_114_trajectory.json,42783,1811,26,151.35
203,tmpqvhoconh,Q_203_trajectory.json,8198,91,4,18.43
204,tmpqvhoconh,Q_204_trajectory.json,16798,234,8,34.44
400,tmpqvhoconh,Q_400_trajectory.json,155793,2625,39,747.44
405,tmpqvhoconh,Q_405_trajectory.json,251446,2077,36,131.83
424,tmpqvhoconh,Q_424_trajectory.json,639547,3499,40,163.85
604,tmpqvhoconh,Q_604_trajectory.json,24948,1130,18,108.07
607,tmpqvhoconh,Q_607_trajectory.json,49670,2280,26,132.31
5,tmpr05lfo7e,Q_5_trajectory.json,28022,499,12,89.16
8,tmpr05lfo7e,Q_8_trajectory.json,97109,1710,35,137.76
106,tmpr05lfo7e,Q_106_trajectory.json,13199,828,8,579.71
114,tmpr05lfo7e,Q_114_trajectory.json,16897,1607,14,82.0
203,tmpr05lfo7e,Q_203_trajectory.json,30960,805,14,52.3
204,tmpr05lfo7e,Q_204_trajectory.json,16832,393,8,33.38
400,tmpr05lfo7e,Q_400_trajectory.json,175344,858,14,51.64
405,tmpr05lfo7e,Q_405_trajectory.json,82795,1407,18,76.05
424,tmpr05lfo7e,Q_424_trajectory.json,401909,2129,28,97.59
604,tmpr05lfo7e,Q_604_trajectory.json,8428,862,8,47.23
607,tmpr05lfo7e,Q_607_trajectory.json,40043,2458,26,131.69
5,tmpr0792_gq,Q_5_trajectory.json,14111,327,6,49.17
8,tmpr0792_gq,Q_8_trajectory.json,81170,1572,34,151.36
106,tmpr0792_gq,Q_106_trajectory.json,43036,1052,19,83.09
114,tmpr0792_gq,Q_114_trajectory.json,48411,2563,28,188.99
203,tmpr0792_gq,Q_203_trajectory.json,8236,104,4,17.5
204,tmpr0792_gq,Q_204_trajectory.json,35812,816,16,80.38
400,tmpr0792_gq,Q_400_trajectory.json,74978,365,6,50.69
405,tmpr0792_gq,Q_405_trajectory.json,249891,1431,20,112.52
424,tmpr0792_gq,Q_424_trajectory.json,1055486,5382,68,275.06
604,tmpr0792_gq,Q_604_trajectory.json,23082,1835,18,506.64
607,tmpr0792_gq,Q_607_trajectory.json,74916,2219,37,232.38
5,tmpr6__y_m9,Q_5_trajectory.json,19434,353,8,47.57
8,tmpr6__y_m9,Q_8_trajectory.json,66825,1556,25,101.63
106,tmpr6__y_m9,Q_106_trajectory.json,22034,837,12,152.91
203,tmpr6__y_m9,Q_203_trajectory.json,79559,1044,35,130.68
204,tmpr6__y_m9,Q_204_trajectory.json,7475,749,8,67.86
400,tmpr6__y_m9,Q_400_trajectory.json,24262,430,10,34.66
405,tmpr6__y_m9,Q_405_trajectory.json,36890,717,16,63.01
604,tmpr6__y_m9,Q_604_trajectory.json,47912,3475,28,276.23
607,tmpr6__y_m9,Q_607_trajectory.json,32083,860,12,42.4
5,tmpr6kvo6x_,Q_5_trajectory.json,57227,1543,24,112.44
8,tmpr6kvo6x_,Q_8_trajectory.json,655153,2932,40,211.15
106,tmpr6kvo6x_,Q_106_trajectory.json,10893,720,10,512.59
114,tmpr6kvo6x_,Q_114_trajectory.json,27022,1360,18,115.18
203,tmpr6kvo6x_,Q_203_trajectory.json,33563,844,16,71.05
204,tmpr6kvo6x_,Q_204_trajectory.json,47348,1141,20,95.18
400,tmpr6kvo6x_,Q_400_trajectory.json,505178,2612,40,164.71
405,tmpr6kvo6x_,Q_405_trajectory.json,253187,2668,42,206.01
424,tmpr6kvo6x_,Q_424_trajectory.json,615418,7003,40,253.95
604,tmpr6kvo6x_,Q_604_trajectory.json,25569,1999,16,235.21
607,tmpr6kvo6x_,Q_607_trajectory.json,51767,2440,38,812.14
5,tmprbbwd5fk,Q_5_trajectory.json,14187,327,6,31.67
8,tmprbbwd5fk,Q_8_trajectory.json,30106,460,12,37.64
106,tmprbbwd5fk,Q_106_trajectory.json,22720,490,9,29.18
114,tmprbbwd5fk,Q_114_trajectory.json,37889,1184,15,53.82
203,tmprbbwd5fk,Q_203_trajectory.json,20656,339,9,27.99
204,tmprbbwd5fk,Q_204_trajectory.json,15718,180,7,19.93
400,tmprbbwd5fk,Q_400_trajectory.json,24345,468,10,33.64
405,tmprbbwd5fk,Q_405_trajectory.json,118868,2972,48,145.25
424,tmprbbwd5fk,Q_424_trajectory.json,59031,1799,22,79.23
604,tmprbbwd5fk,Q_604_trajectory.json,55073,2022,21,74.68
607,tmprbbwd5fk,Q_607_trajectory.json,67777,1765,26,90.34
5,tmpri7fztl9,Q_5_trajectory.json,42951,733,18,74.58
8,tmpri7fztl9,Q_8_trajectory.json,82298,2374,31,115.47
106,tmpri7fztl9,Q_106_trajectory.json,82654,1325,33,109.37
114,tmpri7fztl9,Q_114_trajectory.json,111934,2474,44,140.19
203,tmpri7fztl9,Q_203_trajectory.json,38954,1235,18,71.5
204,tmpri7fztl9,Q_204_trajectory.json,8433,205,4,17.5
400,tmpri7fztl9,Q_400_trajectory.json,150738,664,12,38.5
405,tmpri7fztl9,Q_405_trajectory.json,104512,1434,26,85.09
424,tmpri7fztl9,Q_424_trajectory.json,397518,1924,22,260.18
604,tmpri7fztl9,Q_604_trajectory.json,17152,1467,12,62.59
607,tmpri7fztl9,Q_607_trajectory.json,78609,2930,29,113.05
5,tmprmg1obg8,Q_5_trajectory.json,25765,966,10,50.03
8,tmprmg1obg8,Q_8_trajectory.json,60570,964,25,74.24
106,tmprmg1obg8,Q_106_trajectory.json,18978,1092,14,510.08
114,tmprmg1obg8,Q_114_trajectory.json,19577,744,18,83.49
203,tmprmg1obg8,Q_203_trajectory.json,37034,2565,14,70.56
204,tmprmg1obg8,Q_204_trajectory.json,23882,466,11,35.26
400,tmprmg1obg8,Q_400_trajectory.json,88822,469,12,38.22
405,tmprmg1obg8,Q_405_trajectory.json,75558,774,14,48.39
424,tmprmg1obg8,Q_424_trajectory.json,212121,1126,14,53.04
604,tmprmg1obg8,Q_604_trajectory.json,39380,1999,24,161.22
607,tmprmg1obg8,Q_607_trajectory.json,24138,1105,16,72.9
7,tmprrxgi_h2,Q_7_trajectory.json,42564,1011,17,67.15
11,tmprrxgi_h2,Q_11_trajectory.json,807887,2762,37,165.44
107,tmprrxgi_h2,Q_107_trajectory.json,75625,2077,24,244.53
201,tmprrxgi_h2,Q_201_trajectory.json,68628,1453,32,125.43
205,tmprrxgi_h2,Q_205_trajectory.json,58360,1540,24,588.42
403,tmprrxgi_h2,Q_403_trajectory.json,452766,2338,36,125.69
410,tmprrxgi_h2,Q_410_trajectory.json,82975,940,18,68.89
411,tmprrxgi_h2,Q_411_trajectory.json,534586,3056,40,147.5
605,tmprrxgi_h2,Q_605_trajectory.json,100673,3116,35,292.58
606,tmprrxgi_h2,Q_606_trajectory.json,59919,3243,25,170.68
5,tmps40uwcaw,Q_5_trajectory.json,27876,430,12,55.9
8,tmps40uwcaw,Q_8_trajectory.json,75785,2119,30,105.19
106,tmps40uwcaw,Q_106_trajectory.json,31354,946,14,78.22
114,tmps40uwcaw,Q_114_trajectory.json,62274,2497,26,649.49
203,tmps40uwcaw,Q_203_trajectory.json,30268,1304,15,69.0
204,tmps40uwcaw,Q_204_trajectory.json,16924,477,8,36.17
400,tmps40uwcaw,Q_400_trajectory.json,268012,2103,26,95.01
405,tmps40uwcaw,Q_405_trajectory.json,52810,1255,22,83.22
424,tmps40uwcaw,Q_424_trajectory.json,368005,3087,32,123.83
604,tmps40uwcaw,Q_604_trajectory.json,156000,2508,30,149.52
607,tmps40uwcaw,Q_607_trajectory.json,114975,2055,29,158.54
5,tmpsb0ulq3i,Q_5_trajectory.json,14071,319,6,33.3
8,tmpsb0ulq3i,Q_8_trajectory.json,42078,809,17,55.92
106,tmpsb0ulq3i,Q_106_trajectory.json,96652,2183,38,539.84
114,tmpsb0ulq3i,Q_114_trajectory.json,256461,4212,38,146.15
203,tmpsb0ulq3i,Q_203_trajectory.json,8197,101,4,14.4
204,tmpsb0ulq3i,Q_204_trajectory.json,21953,539,10,36.08
400,tmpsb0ulq3i,Q_400_trajectory.json,200758,842,16,51.5
405,tmpsb0ulq3i,Q_405_trajectory.json,330109,2827,44,152.42
424,tmpsb0ulq3i,Q_424_trajectory.json,641956,6619,32,154.96
604,tmpsb0ulq3i,Q_604_trajectory.json,61043,1721,25,98.88
607,tmpsb0ulq3i,Q_607_trajectory.json,132633,3003,52,189.51
5,tmpscviz5kf,Q_5_trajectory.json,18090,593,10,230.25
8,tmpscviz5kf,Q_8_trajectory.json,31245,588,12,40.74
106,tmpscviz5kf,Q_106_trajectory.json,294289,2672,36,150.66
114,tmpscviz5kf,Q_114_trajectory.json,209867,3565,42,213.0
203,tmpscviz5kf,Q_203_trajectory.json,8212,123,4,18.42
204,tmpscviz5kf,Q_204_trajectory.json,8375,101,4,18.3
400,tmpscviz5kf,Q_400_trajectory.json,180658,1931,32,340.49
405,tmpscviz5kf,Q_405_trajectory.json,215921,2400,40,143.78
424,tmpscviz5kf,Q_424_trajectory.json,197235,3091,40,199.5
604,tmpscviz5kf,Q_604_trajectory.json,181861,2640,34,279.85
607,tmpscviz5kf,Q_607_trajectory.json,191186,2380,34,140.5
5,tmpskfqngib,Q_5_trajectory.json,33384,1066,14,64.62
8,tmpskfqngib,Q_8_trajectory.json,67595,2092,27,104.07
106,tmpskfqngib,Q_106_trajectory.json,46612,1462,22,91.81
114,tmpskfqngib,Q_114_trajectory.json,68462,2521,36,151.34
203,tmpskfqngib,Q_203_trajectory.json,25050,681,12,52.64
204,tmpskfqngib,Q_204_trajectory.json,16832,402,8,45.2
400,tmpskfqngib,Q_400_trajectory.json,175539,834,14,113.67
405,tmpskfqngib,Q_405_trajectory.json,111384,1359,30,101.26
424,tmpskfqngib,Q_424_trajectory.json,339075,2175,24,117.6
604,tmpskfqngib,Q_604_trajectory.json,26896,2056,16,497.22
607,tmpskfqngib,Q_607_trajectory.json,49360,1903,30,202.98
5,tmpsqb4lo0o,Q_5_trajectory.json,144215,3013,45,188.63
106,tmpsqb4lo0o,Q_106_trajectory.json,228540,2334,42,196.77
114,tmpsqb4lo0o,Q_114_trajectory.json,103640,2818,38,317.64
203,tmpsqb4lo0o,Q_203_trajectory.json,55429,1236,24,95.07
204,tmpsqb4lo0o,Q_204_trajectory.json,86140,2119,35,146.85
400,tmpsqb4lo0o,Q_400_trajectory.json,130317,1770,28,121.13
405,tmpsqb4lo0o,Q_405_trajectory.json,165033,1945,26,110.71
424,tmpsqb4lo0o,Q_424_trajectory.json,452867,2803,30,523.79
607,tmpsqb4lo0o,Q_607_trajectory.json,176322,3775,45,259.55
5,tmpszidhqjw,Q_5_trajectory.json,19054,571,8,42.69
8,tmpszidhqjw,Q_8_trajectory.json,433109,4019,52,181.57
106,tmpszidhqjw,Q_106_trajectory.json,199066,2803,36,225.38
114,tmpszidhqjw,Q_114_trajectory.json,53044,1619,22,129.89
203,tmpszidhqjw,Q_203_trajectory.json,59509,1745,24,78.16
204,tmpszidhqjw,Q_204_trajectory.json,8740,104,4,17.29
400,tmpszidhqjw,Q_400_trajectory.json,404341,1955,32,103.31
405,tmpszidhqjw,Q_405_trajectory.json,24347,469,10,52.7
424,tmpszidhqjw,Q_424_trajectory.json,36906,778,14,45.95
604,tmpszidhqjw,Q_604_trajectory.json,43894,2103,24,123.04
607,tmpszidhqjw,Q_607_trajectory.json,134568,4995,73,402.96
5,tmpt376ze9g,Q_5_trajectory.json,38635,650,16,63.13
8,tmpt376ze9g,Q_8_trajectory.json,51897,1024,20,66.9
106,tmpt376ze9g,Q_106_trajectory.json,12198,715,8,63.11
203,tmpt376ze9g,Q_203_trajectory.json,38205,602,16,55.64
204,tmpt376ze9g,Q_204_trajectory.json,5431,373,6,32.79
400,tmpt376ze9g,Q_400_trajectory.json,24353,491,10,33.88
405,tmpt376ze9g,Q_405_trajectory.json,108413,2615,46,159.31
604,tmpt376ze9g,Q_604_trajectory.json,38182,2576,28,163.52
607,tmpt376ze9g,Q_607_trajectory.json,19750,428,8,29.66
7,tmpt6lye60v,Q_7_trajectory.json,33533,1047,14,62.71
107,tmpt6lye60v,Q_107_trajectory.json,30787,1245,16,141.94
108,tmpt6lye60v,Q_108_trajectory.json,94498,4878,44,336.14
201,tmpt6lye60v,Q_201_trajectory.json,16723,638,8,40.2
205,tmpt6lye60v,Q_205_trajectory.json,26226,677,12,43.8
403,tmpt6lye60v,Q_403_trajectory.json,287899,1726,22,78.49
410,tmpt6lye60v,Q_410_trajectory.json,195221,1758,30,105.62
411,tmpt6lye60v,Q_411_trajectory.json,346707,2208,26,95.75
605,tmpt6lye60v,Q_605_trajectory.json,85121,4003,52,242.35
606,tmpt6lye60v,Q_606_trajectory.json,37268,1706,18,116.26
7,tmptad61swu,Q_7_trajectory.json,36730,750,15,66.08
11,tmptad61swu,Q_11_trajectory.json,256834,1370,28,205.07
107,tmptad61swu,Q_107_trajectory.json,82422,3370,42,298.73
108,tmptad61swu,Q_108_trajectory.json,35688,1635,24,154.1
201,tmptad61swu,Q_201_trajectory.json,12686,218,6,25.7
205,tmptad61swu,Q_205_trajectory.json,71531,1619,31,105.56
403,tmptad61swu,Q_403_trajectory.json,271613,2421,34,121.16
410,tmptad61swu,Q_410_trajectory.json,199658,2531,56,200.32
411,tmptad61swu,Q_411_trajectory.json,235801,1979,40,300.28
605,tmptad61swu,Q_605_trajectory.json,149929,3977,60,331.41
606,tmptad61swu,Q_606_trajectory.json,23621,1334,18,86.63
7,tmptbhzr4gj,Q_7_trajectory.json,40792,1415,16,74.97
11,tmptbhzr4gj,Q_11_trajectory.json,426282,1485,19,180.03
107,tmptbhzr4gj,Q_107_trajectory.json,27582,1263,16,117.33
108,tmptbhzr4gj,Q_108_trajectory.json,28967,2044,16,161.4
201,tmptbhzr4gj,Q_201_trajectory.json,12400,220,6,26.41
205,tmptbhzr4gj,Q_205_trajectory.json,26698,582,12,44.68
403,tmptbhzr4gj,Q_403_trajectory.json,304830,1711,24,81.49
410,tmptbhzr4gj,Q_410_trajectory.json,228766,1511,24,554.61
411,tmptbhzr4gj,Q_411_trajectory.json,408784,2352,30,112.05
605,tmptbhzr4gj,Q_605_trajectory.json,27730,1441,16,106.37
606,tmptbhzr4gj,Q_606_trajectory.json,19688,814,10,84.79
7,tmptddd8055,Q_7_trajectory.json,14516,331,6,36.31
11,tmptddd8055,Q_11_trajectory.json,31157,480,12,52.88
107,tmptddd8055,Q_107_trajectory.json,65027,2350,24,580.25
108,tmptddd8055,Q_108_trajectory.json,29696,1892,12,112.31
201,tmptddd8055,Q_201_trajectory.json,30800,1251,14,59.79
205,tmptddd8055,Q_205_trajectory.json,18534,641,8,42.88
403,tmptddd8055,Q_403_trajectory.json,151763,1036,12,49.16
410,tmptddd8055,Q_410_trajectory.json,94758,525,14,53.12
411,tmptddd8055,Q_411_trajectory.json,167649,747,12,54.24
605,tmptddd8055,Q_605_trajectory.json,68671,1373,14,294.83
606,tmptddd8055,Q_606_trajectory.json,33346,1262,16,124.41
5,tmptn5revqq,Q_5_trajectory.json,28172,643,12,50.58
8,tmptn5revqq,Q_8_trajectory.json,111107,2200,44,130.29
106,tmptn5revqq,Q_106_trajectory.json,43063,2795,26,136.69
114,tmptn5revqq,Q_114_trajectory.json,275193,4930,58,240.91
203,tmptn5revqq,Q_203_trajectory.json,8379,314,4,17.77
204,tmptn5revqq,Q_204_trajectory.json,158749,2544,44,155.69
400,tmptn5revqq,Q_400_trajectory.json,175285,822,14,43.55
405,tmptn5revqq,Q_405_trajectory.json,264074,4618,62,217.82
424,tmptn5revqq,Q_424_trajectory.json,784112,5328,56,190.27
604,tmptn5revqq,Q_604_trajectory.json,90492,2985,42,166.3
607,tmptn5revqq,Q_607_trajectory.json,67622,3197,36,590.85
7,tmptt7znxz0,Q_7_trajectory.json,74982,2060,30,120.66
107,tmptt7znxz0,Q_107_trajectory.json,63152,2226,22,235.7
108,tmptt7znxz0,Q_108_trajectory.json,54181,1447,22,144.34
201,tmptt7znxz0,Q_201_trajectory.json,25252,371,12,47.38
205,tmptt7znxz0,Q_205_trajectory.json,18295,886,8,36.79
403,tmptt7znxz0,Q_403_trajectory.json,144184,1117,18,66.25
410,tmptt7znxz0,Q_410_trajectory.json,134888,1533,22,82.55
411,tmptt7znxz0,Q_411_trajectory.json,669446,4368,46,176.83
605,tmptt7znxz0,Q_605_trajectory.json,39968,1010,20,118.95
606,tmptt7znxz0,Q_606_trajectory.json,69132,2363,36,155.69
5,tmptvjioean,Q_5_trajectory.json,67834,2319,28,524.17
8,tmptvjioean,Q_8_trajectory.json,414049,4472,65,231.34
106,tmptvjioean,Q_106_trajectory.json,15980,1104,12,62.09
114,tmptvjioean,Q_114_trajectory.json,210493,4750,66,234.98
203,tmptvjioean,Q_203_trajectory.json,16644,412,8,36.67
204,tmptvjioean,Q_204_trajectory.json,16809,284,8,32.14
400,tmptvjioean,Q_400_trajectory.json,200309,815,16,57.89
405,tmptvjioean,Q_405_trajectory.json,343309,3591,68,217.85
424,tmptvjioean,Q_424_trajectory.json,643509,4583,60,293.18
604,tmptvjioean,Q_604_trajectory.json,61436,2131,30,166.66
607,tmptvjioean,Q_607_trajectory.json,87242,4050,42,195.74
5,tmptyp8mxdu,Q_5_trajectory.json,33978,715,14,68.01
106,tmptyp8mxdu,Q_106_trajectory.json,9025,876,8,68.82
114,tmptyp8mxdu,Q_114_trajectory.json,43074,2086,28,165.24
203,tmptyp8mxdu,Q_203_trajectory.json,44993,2399,20,96.85
204,tmptyp8mxdu,Q_204_trajectory.json,13253,551,6,28.49
400,tmptyp8mxdu,Q_400_trajectory.json,132760,750,10,61.86
405,tmptyp8mxdu,Q_405_trajectory.json,56783,1056,24,87.93
424,tmptyp8mxdu,Q_424_trajectory.json,228270,1937,18,96.05
604,tmptyp8mxdu,Q_604_trajectory.json,26283,1022,18,114.93
607,tmptyp8mxdu,Q_607_trajectory.json,54563,1331,20,212.37
5,tmpu437dlj0,Q_5_trajectory.json,38549,997,16,64.11
8,tmpu437dlj0,Q_8_trajectory.json,64916,986,26,71.46
106,tmpu437dlj0,Q_106_trajectory.json,11031,475,6,40.24
114,tmpu437dlj0,Q_114_trajectory.json,35807,1669,20,130.58
203,tmpu437dlj0,Q_203_trajectory.json,8224,165,4,15.94
204,tmpu437dlj0,Q_204_trajectory.json,21612,716,10,544.83
400,tmpu437dlj0,Q_400_trajectory.json,100288,431,8,30.3
405,tmpu437dlj0,Q_405_trajectory.json,56514,1136,24,91.03
604,tmpu437dlj0,Q_604_trajectory.json,11622,446,6,43.97
607,tmpu437dlj0,Q_607_trajectory.json,39659,2585,26,119.62
5,tmpu446uc6g,Q_5_trajectory.json,19267,352,8,43.89
8,tmpu446uc6g,Q_8_trajectory.json,31612,581,12,45.37
106,tmpu446uc6g,Q_106_trajectory.json,10790,435,6,41.23
114,tmpu446uc6g,Q_114_trajectory.json,16727,1549,16,86.91
203,tmpu446uc6g,Q_203_trajectory.json,8337,170,4,17.21
204,tmpu446uc6g,Q_204_trajectory.json,8411,187,4,18.25
400,tmpu446uc6g,Q_400_trajectory.json,127515,800,10,38.53
405,tmpu446uc6g,Q_405_trajectory.json,52807,492,14,557.13
424,tmpu446uc6g,Q_424_trajectory.json,532917,2721,36,129.12
604,tmpu446uc6g,Q_604_trajectory.json,6878,647,6,37.81
607,tmpu446uc6g,Q_607_trajectory.json,29782,1544,18,93.14
5,tmpu5kje3g1,Q_5_trajectory.json,44561,1256,18,79.39
8,tmpu5kje3g1,Q_8_trajectory.json,67100,1827,25,143.32
106,tmpu5kje3g1,Q_106_trajectory.json,35597,2234,24,139.37
5,tmpu7l6c884,Q_5_trajectory.json,14130,307,6,35.07
8,tmpu7l6c884,Q_8_trajectory.json,20086,1050,8,487.5
106,tmpu7l6c884,Q_106_trajectory.json,10781,520,6,46.13
114,tmpu7l6c884,Q_114_trajectory.json,48281,2004,29,145.03
203,tmpu7l6c884,Q_203_trajectory.json,8223,167,4,19.64
204,tmpu7l6c884,Q_204_trajectory.json,13100,205,6,24.06
400,tmpu7l6c884,Q_400_trajectory.json,18665,332,8,31.85
405,tmpu7l6c884,Q_405_trajectory.json,137420,1587,10,52.84
424,tmpu7l6c884,Q_424_trajectory.json,125374,838,10,44.24
604,tmpu7l6c884,Q_604_trajectory.json,10310,506,6,42.82
607,tmpu7l6c884,Q_607_trajectory.json,20120,1034,18,79.75
5,tmpu87v_aap,Q_5_trajectory.json,33337,1219,14,72.92
8,tmpu87v_aap,Q_8_trajectory.json,43813,743,18,57.0
106,tmpu87v_aap,Q_106_trajectory.json,10736,435,6,51.26
114,tmpu87v_aap,Q_114_trajectory.json,81640,2509,35,236.25
203,tmpu87v_aap,Q_203_trajectory.json,17842,376,8,26.59
204,tmpu87v_aap,Q_204_trajectory.json,8444,136,4,16.54
400,tmpu87v_aap,Q_400_trajectory.json,279610,1316,20,72.31
405,tmpu87v_aap,Q_405_trajectory.json,507483,4169,66,400.8
424,tmpu87v_aap,Q_424_trajectory.json,292868,1764,20,78.28
604,tmpu87v_aap,Q_604_trajectory.json,73753,2676,42,195.78
607,tmpu87v_aap,Q_607_trajectory.json,92192,3708,50,339.06
5,tmpute50l4p,Q_5_trajectory.json,33219,585,14,54.77
8,tmpute50l4p,Q_8_trajectory.json,183030,2610,41,310.97
106,tmpute50l4p,Q_106_trajectory.json,31761,1021,14,73.24
114,tmpute50l4p,Q_114_trajectory.json,201271,2736,36,297.41
203,tmpute50l4p,Q_203_trajectory.json,17549,446,8,30.42
204,tmpute50l4p,Q_204_trajectory.json,31652,339,14,43.78
400,tmpute50l4p,Q_400_trajectory.json,170826,1769,18,68.62
405,tmpute50l4p,Q_405_trajectory.json,718726,2332,30,114.14
424,tmpute50l4p,Q_424_trajectory.json,428376,3285,36,1209.1
604,tmpute50l4p,Q_604_trajectory.json,42857,1671,18,100.8
607,tmpute50l4p,Q_607_trajectory.json,297558,3530,32,536.91
5,tmpuuav9f83,Q_5_trajectory.json,18195,384,8,56.11
106,tmpuuav9f83,Q_106_trajectory.json,39906,805,16,75.37
203,tmpuuav9f83,Q_203_trajectory.json,4320,162,2,18.92
204,tmpuuav9f83,Q_204_trajectory.json,4295,79,2,18.61
400,tmpuuav9f83,Q_400_trajectory.json,19064,365,8,38.57
405,tmpuuav9f83,Q_405_trajectory.json,38005,755,16,73.15
607,tmpuuav9f83,Q_607_trajectory.json,43282,552,18,76.35
5,tmpuyqft8gi,Q_5_trajectory.json,42044,1335,18,97.7
8,tmpuyqft8gi,Q_8_trajectory.json,75426,1452,31,105.38
106,tmpuyqft8gi,Q_106_trajectory.json,10804,355,6,79.96
114,tmpuyqft8gi,Q_114_trajectory.json,113938,2479,30,182.57
203,tmpuyqft8gi,Q_203_trajectory.json,8236,118,4,16.49
204,tmpuyqft8gi,Q_204_trajectory.json,8449,141,4,15.8
400,tmpuyqft8gi,Q_400_trajectory.json,100486,558,8,36.89
405,tmpuyqft8gi,Q_405_trajectory.json,99503,871,16,57.8
424,tmpuyqft8gi,Q_424_trajectory.json,282193,2132,22,78.84
604,tmpuyqft8gi,Q_604_trajectory.json,28433,1573,16,91.63
607,tmpuyqft8gi,Q_607_trajectory.json,73106,3482,46,244.21
5,tmpv3c_lvn3,Q_5_trajectory.json,61619,2606,26,270.46
8,tmpv3c_lvn3,Q_8_trajectory.json,75437,1596,30,266.35
106,tmpv3c_lvn3,Q_106_trajectory.json,68426,2361,29,113.72
114,tmpv3c_lvn3,Q_114_trajectory.json,69852,2912,29,136.59
203,tmpv3c_lvn3,Q_203_trajectory.json,40836,956,18,64.63
204,tmpv3c_lvn3,Q_204_trajectory.json,44368,818,19,61.28
400,tmpv3c_lvn3,Q_400_trajectory.json,117852,1772,24,92.68
405,tmpv3c_lvn3,Q_405_trajectory.json,71714,1568,30,103.83
424,tmpv3c_lvn3,Q_424_trajectory.json,409128,2194,28,106.86
604,tmpv3c_lvn3,Q_604_trajectory.json,54285,3062,26,118.28
607,tmpv3c_lvn3,Q_607_trajectory.json,55382,2120,31,132.75
5,tmpv3jvwigd,Q_5_trajectory.json,13112,615,8,139.93
8,tmpv3jvwigd,Q_8_trajectory.json,16280,761,10,77.23
114,tmpv3jvwigd,Q_114_trajectory.json,13043,598,8,68.55
203,tmpv3jvwigd,Q_203_trajectory.json,13063,582,8,54.67
204,tmpv3jvwigd,Q_204_trajectory.json,12901,600,8,54.05
604,tmpv3jvwigd,Q_604_trajectory.json,12895,616,8,73.24
5,tmpv5k_enzr,Q_5_trajectory.json,46374,1014,20,84.78
8,tmpv5k_enzr,Q_8_trajectory.json,36110,639,15,49.56
106,tmpv5k_enzr,Q_106_trajectory.json,13482,782,8,55.0
114,tmpv5k_enzr,Q_114_trajectory.json,65507,2741,34,157.73
203,tmpv5k_enzr,Q_203_trajectory.json,12907,254,6,19.83
204,tmpv5k_enzr,Q_204_trajectory.json,8399,287,4,15.98
400,tmpv5k_enzr,Q_400_trajectory.json,160895,1850,32,106.75
405,tmpv5k_enzr,Q_405_trajectory.json,373296,4180,62,615.13
424,tmpv5k_enzr,Q_424_trajectory.json,498639,3970,30,125.87
604,tmpv5k_enzr,Q_604_trajectory.json,64958,2728,36,157.48
607,tmpv5k_enzr,Q_607_trajectory.json,111828,3107,36,171.48
5,tmpvenv8vct,Q_5_trajectory.json,95655,1808,22,574.29
8,tmpvenv8vct,Q_8_trajectory.json,88649,1867,36,114.36
106,tmpvenv8vct,Q_106_trajectory.json,85021,1813,36,117.35
114,tmpvenv8vct,Q_114_trajectory.json,122799,2297,30,157.67
203,tmpvenv8vct,Q_203_trajectory.json,93390,819,14,51.01
204,tmpvenv8vct,Q_204_trajectory.json,37980,711,17,55.97
400,tmpvenv8vct,Q_400_trajectory.json,199210,1899,32,108.56
405,tmpvenv8vct,Q_405_trajectory.json,114997,2359,47,143.17
424,tmpvenv8vct,Q_424_trajectory.json,1158964,6459,68,244.12
5,tmpvl93rk6r,Q_5_trajectory.json,8997,166,4,30.14
8,tmpvl93rk6r,Q_8_trajectory.json,30958,907,12,83.35
106,tmpvl93rk6r,Q_106_trajectory.json,13092,597,8,59.07
114,tmpvl93rk6r,Q_114_trajectory.json,35946,705,12,168.21
203,tmpvl93rk6r,Q_203_trajectory.json,8223,134,4,19.35
204,tmpvl93rk6r,Q_204_trajectory.json,18212,797,8,36.24
400,tmpvl93rk6r,Q_400_trajectory.json,29722,398,12,40.78
405,tmpvl93rk6r,Q_405_trajectory.json,151014,1001,12,47.91
424,tmpvl93rk6r,Q_424_trajectory.json,182847,1125,14,56.48
604,tmpvl93rk6r,Q_604_trajectory.json,21016,695,8,100.82
607,tmpvl93rk6r,Q_607_trajectory.json,27853,1217,16,126.9
5,tmpvsaxbvwg,Q_5_trajectory.json,113362,1774,46,354.73
8,tmpvsaxbvwg,Q_8_trajectory.json,101822,1440,42,120.01
106,tmpvsaxbvwg,Q_106_trajectory.json,83222,1429,34,105.99
114,tmpvsaxbvwg,Q_114_trajectory.json,77741,1689,32,219.65
203,tmpvsaxbvwg,Q_203_trajectory.json,89302,1234,36,107.52
204,tmpvsaxbvwg,Q_204_trajectory.json,93857,2115,38,125.09
400,tmpvsaxbvwg,Q_400_trajectory.json,93287,1852,37,118.83
405,tmpvsaxbvwg,Q_405_trajectory.json,107123,2149,44,542.04
424,tmpvsaxbvwg,Q_424_trajectory.json,90991,1491,36,164.43
604,tmpvsaxbvwg,Q_604_trajectory.json,172187,3141,67,229.18
607,tmpvsaxbvwg,Q_607_trajectory.json,106004,1745,41,542.08
5,tmpvygtqi2p,Q_5_trajectory.json,57768,1534,24,110.48
106,tmpvygtqi2p,Q_106_trajectory.json,48924,1625,25,297.99
114,tmpvygtqi2p,Q_114_trajectory.json,71568,2903,22,949.78
203,tmpvygtqi2p,Q_203_trajectory.json,8334,381,4,22.32
204,tmpvygtqi2p,Q_204_trajectory.json,8398,116,4,17.37
405,tmpvygtqi2p,Q_405_trajectory.json,101910,1468,26,102.11
424,tmpvygtqi2p,Q_424_trajectory.json,705801,6194,58,283.57
604,tmpvygtqi2p,Q_604_trajectory.json,17690,1314,12,82.45
607,tmpvygtqi2p,Q_607_trajectory.json,25394,988,18,500.41
5,tmpw4wa5isa,Q_5_trajectory.json,116431,1897,48,2414.41
8,tmpw4wa5isa,Q_8_trajectory.json,60941,1621,23,77.19
106,tmpw4wa5isa,Q_106_trajectory.json,10967,386,6,44.66
114,tmpw4wa5isa,Q_114_trajectory.json,140652,1719,20,249.28
203,tmpw4wa5isa,Q_203_trajectory.json,8327,151,4,30.66
204,tmpw4wa5isa,Q_204_trajectory.json,173713,1774,30,171.52
400,tmpw4wa5isa,Q_400_trajectory.json,75006,453,6,41.03
405,tmpw4wa5isa,Q_405_trajectory.json,79379,794,16,60.03
424,tmpw4wa5isa,Q_424_trajectory.json,345292,2605,24,95.12
604,tmpw4wa5isa,Q_604_trajectory.json,102664,1707,18,95.27
607,tmpw4wa5isa,Q_607_trajectory.json,21491,1345,14,71.26
5,tmpwnb6pd4w,Q_5_trajectory.json,47817,935,20,76.51
8,tmpwnb6pd4w,Q_8_trajectory.json,169227,3373,68,218.62
106,tmpwnb6pd4w,Q_106_trajectory.json,10281,578,6,32.23
114,tmpwnb6pd4w,Q_114_trajectory.json,90421,2817,32,144.95
203,tmpwnb6pd4w,Q_203_trajectory.json,8236,129,4,15.28
204,tmpwnb6pd4w,Q_204_trajectory.json,18179,393,8,25.98
400,tmpwnb6pd4w,Q_400_trajectory.json,664654,3754,50,665.79
405,tmpwnb6pd4w,Q_405_trajectory.json,326636,2568,48,150.0
424,tmpwnb6pd4w,Q_424_trajectory.json,385989,4343,26,112.18
604,tmpwnb6pd4w,Q_604_trajectory.json,30777,1534,18,83.16
607,tmpwnb6pd4w,Q_607_trajectory.json,52308,1962,27,106.95
7,tmpwnwpx_z5,Q_7_trajectory.json,28022,563,12,55.97
11,tmpwnwpx_z5,Q_11_trajectory.json,30398,709,13,50.3
107,tmpwnwpx_z5,Q_107_trajectory.json,40762,905,17,87.56
108,tmpwnwpx_z5,Q_108_trajectory.json,69370,2245,28,111.73
201,tmpwnwpx_z5,Q_201_trajectory.json,25897,469,12,42.94
205,tmpwnwpx_z5,Q_205_trajectory.json,26300,568,12,43.33
403,tmpwnwpx_z5,Q_403_trajectory.json,227785,1250,18,62.71
410,tmpwnwpx_z5,Q_410_trajectory.json,77080,2667,38,401.25
411,tmpwnwpx_z5,Q_411_trajectory.json,496985,2360,34,122.86
605,tmpwnwpx_z5,Q_605_trajectory.json,162356,4108,64,233.36
606,tmpwnwpx_z5,Q_606_trajectory.json,58331,2881,26,331.27
5,tmpwrbmqqjl,Q_5_trajectory.json,54188,855,22,87.25
8,tmpwrbmqqjl,Q_8_trajectory.json,76779,1630,30,105.77
106,tmpwrbmqqjl,Q_106_trajectory.json,21290,894,10,94.85
114,tmpwrbmqqjl,Q_114_trajectory.json,20733,1259,10,84.78
203,tmpwrbmqqjl,Q_203_trajectory.json,16785,595,8,37.83
204,tmpwrbmqqjl,Q_204_trajectory.json,8612,120,4,21.43
400,tmpwrbmqqjl,Q_400_trajectory.json,201571,893,16,64.05
405,tmpwrbmqqjl,Q_405_trajectory.json,29223,510,12,47.81
424,tmpwrbmqqjl,Q_424_trajectory.json,240793,1368,18,90.47
604,tmpwrbmqqjl,Q_604_trajectory.json,24174,885,16,90.24
607,tmpwrbmqqjl,Q_607_trajectory.json,15660,293,10,501.64
5,tmpxjtooxih,Q_5_trajectory.json,88012,1610,38,138.98
8,tmpxjtooxih,Q_8_trajectory.json,86415,2004,35,111.37
106,tmpxjtooxih,Q_106_trajectory.json,116774,2439,46,144.03
114,tmpxjtooxih,Q_114_trajectory.json,226943,5200,87,273.41
203,tmpxjtooxih,Q_203_trajectory.json,61434,1569,28,96.2
204,tmpxjtooxih,Q_204_trajectory.json,94415,3092,40,139.73
400,tmpxjtooxih,Q_400_trajectory.json,629581,3057,44,138.27
405,tmpxjtooxih,Q_405_trajectory.json,327896,3686,60,203.89
424,tmpxjtooxih,Q_424_trajectory.json,349376,3496,26,103.76
604,tmpxjtooxih,Q_604_trajectory.json,188932,4340,74,234.73
607,tmpxjtooxih,Q_607_trajectory.json,219799,5077,64,900.02
8,tmpxomzhxkf,Q_8_trajectory.json,58700,1062,23,75.88
106,tmpxomzhxkf,Q_106_trajectory.json,48070,1060,22,71.17
203,tmpxomzhxkf,Q_203_trajectory.json,33385,436,15,47.45
204,tmpxomzhxkf,Q_204_trajectory.json,23965,252,11,35.83
400,tmpxomzhxkf,Q_400_trajectory.json,200467,1454,32,102.04
405,tmpxomzhxkf,Q_405_trajectory.json,77813,1645,32,102.97
604,tmpxomzhxkf,Q_604_trajectory.json,71310,1666,29,297.07
607,tmpxomzhxkf,Q_607_trajectory.json,87662,2342,34,113.67
5,tmpxpn7hbjw,Q_5_trajectory.json,79497,1010,28,91.17
8,tmpxpn7hbjw,Q_8_trajectory.json,200324,1315,22,80.07
106,tmpxpn7hbjw,Q_106_trajectory.json,13239,558,6,41.21
114,tmpxpn7hbjw,Q_114_trajectory.json,73674,2380,24,215.93
203,tmpxpn7hbjw,Q_203_trajectory.json,15115,152,6,18.94
204,tmpxpn7hbjw,Q_204_trajectory.json,9935,123,4,14.32
400,tmpxpn7hbjw,Q_400_trajectory.json,72812,560,12,42.18
405,tmpxpn7hbjw,Q_405_trajectory.json,127710,892,16,63.17
424,tmpxpn7hbjw,Q_424_trajectory.json,426542,2513,30,106.09
604,tmpxpn7hbjw,Q_604_trajectory.json,35054,1172,16,486.92
607,tmpxpn7hbjw,Q_607_trajectory.json,43282,2192,22,108.8
5,tmpxvrgrshq,Q_5_trajectory.json,45037,891,19,77.09
8,tmpxvrgrshq,Q_8_trajectory.json,413082,1793,26,101.43
106,tmpxvrgrshq,Q_106_trajectory.json,11081,443,6,50.63
114,tmpxvrgrshq,Q_114_trajectory.json,61273,2507,28,192.44
203,tmpxvrgrshq,Q_203_trajectory.json,8230,101,4,15.57
204,tmpxvrgrshq,Q_204_trajectory.json,8431,142,4,15.34
400,tmpxvrgrshq,Q_400_trajectory.json,180805,1503,24,551.82
405,tmpxvrgrshq,Q_405_trajectory.json,185468,1849,26,97.31
424,tmpxvrgrshq,Q_424_trajectory.json,448604,2338,32,104.92
604,tmpxvrgrshq,Q_604_trajectory.json,27014,1208,14,81.51
607,tmpxvrgrshq,Q_607_trajectory.json,44831,2003,24,147.3
5,tmpy6l2z624,Q_5_trajectory.json,44372,842,18,73.32
8,tmpy6l2z624,Q_8_trajectory.json,72593,2534,29,113.48
106,tmpy6l2z624,Q_106_trajectory.json,18358,1215,12,71.51
114,tmpy6l2z624,Q_114_trajectory.json,34902,2381,30,155.16
203,tmpy6l2z624,Q_203_trajectory.json,30758,1119,14,471.01
204,tmpy6l2z624,Q_204_trajectory.json,8467,274,4,16.29
400,tmpy6l2z624,Q_400_trajectory.json,457190,2188,34,106.87
405,tmpy6l2z624,Q_405_trajectory.json,70391,1688,30,102.41
424,tmpy6l2z624,Q_424_trajectory.json,490976,2650,30,111.46
604,tmpy6l2z624,Q_604_trajectory.json,21237,1393,14,79.18
106,tmpycwlcgup,Q_106_trajectory.json,16635,823,10,62.89
203,tmpycwlcgup,Q_203_trajectory.json,13125,688,8,56.41
604,tmpycwlcgup,Q_604_trajectory.json,12866,620,8,55.31
5,tmpywv4_n3z,Q_5_trajectory.json,65990,1396,28,124.64
8,tmpywv4_n3z,Q_8_trajectory.json,102859,1605,42,155.64
106,tmpywv4_n3z,Q_106_trajectory.json,13135,864,8,59.51
114,tmpywv4_n3z,Q_114_trajectory.json,53355,2698,24,115.74
203,tmpywv4_n3z,Q_203_trajectory.json,26092,939,12,50.77
204,tmpywv4_n3z,Q_204_trajectory.json,25133,313,12,47.85
400,tmpywv4_n3z,Q_400_trajectory.json,209562,2035,34,247.18
405,tmpywv4_n3z,Q_405_trajectory.json,269054,4558,68,262.1
424,tmpywv4_n3z,Q_424_trajectory.json,502806,3116,36,710.23
604,tmpywv4_n3z,Q_604_trajectory.json,40488,2259,22,568.34
607,tmpywv4_n3z,Q_607_trajectory.json,65697,3049,30,157.23
5,tmpyx7vellx,Q_5_trajectory.json,19282,423,8,37.33
8,tmpyx7vellx,Q_8_trajectory.json,34845,1025,13,46.1
106,tmpyx7vellx,Q_106_trajectory.json,51898,3448,32,169.4
114,tmpyx7vellx,Q_114_trajectory.json,183238,2545,38,129.56
203,tmpyx7vellx,Q_203_trajectory.json,8229,159,4,439.38
204,tmpyx7vellx,Q_204_trajectory.json,8444,136,4,14.99
400,tmpyx7vellx,Q_400_trajectory.json,100210,408,8,24.59
405,tmpyx7vellx,Q_405_trajectory.json,218798,2951,52,1043.27
424,tmpyx7vellx,Q_424_trajectory.json,395931,2207,24,100.68
604,tmpyx7vellx,Q_604_trajectory.json,33578,1711,20,104.28
607,tmpyx7vellx,Q_607_trajectory.json,130822,4719,79,283.62
5,tmpyyvwlcr0,Q_5_trajectory.json,60517,1699,24,96.26
8,tmpyyvwlcr0,Q_8_trajectory.json,232483,1557,19,86.21
106,tmpyyvwlcr0,Q_106_trajectory.json,50595,2921,28,308.24
114,tmpyyvwlcr0,Q_114_trajectory.json,47063,1815,26,108.66
203,tmpyyvwlcr0,Q_203_trajectory.json,37896,966,18,78.4
204,tmpyyvwlcr0,Q_204_trajectory.json,39960,1318,18,75.46
400,tmpyyvwlcr0,Q_400_trajectory.json,132373,3480,53,182.16
405,tmpyyvwlcr0,Q_405_trajectory.json,419607,2835,32,113.21
424,tmpyyvwlcr0,Q_424_trajectory.json,87998,1933,36,164.97
604,tmpyyvwlcr0,Q_604_trajectory.json,29013,585,11,39.93
607,tmpyyvwlcr0,Q_607_trajectory.json,103430,3009,45,680.8
5,tmpz4zcy_a5,Q_5_trajectory.json,19224,633,8,55.15
8,tmpz4zcy_a5,Q_8_trajectory.json,29577,397,12,43.76
106,tmpz4zcy_a5,Q_106_trajectory.json,21675,881,12,185.94
114,tmpz4zcy_a5,Q_114_trajectory.json,50642,1298,20,69.71
203,tmpz4zcy_a5,Q_203_trajectory.json,3823,661,4,21.8
204,tmpz4zcy_a5,Q_204_trajectory.json,3239,605,4,39.32
400,tmpz4zcy_a5,Q_400_trajectory.json,150389,890,12,59.87
405,tmpz4zcy_a5,Q_405_trajectory.json,40690,1259,18,90.27
424,tmpz4zcy_a5,Q_424_trajectory.json,8553,1351,8,42.1
604,tmpz4zcy_a5,Q_604_trajectory.json,51184,979,20,70.15
607,tmpz4zcy_a5,Q_607_trajectory.json,112430,2765,45,152.77
5,tmpz5ouqaez,Q_5_trajectory.json,35110,1185,14,62.26
106,tmpz5ouqaez,Q_106_trajectory.json,13912,806,8,66.02
114,tmpz5ouqaez,Q_114_trajectory.json,53793,2688,30,146.56
203,tmpz5ouqaez,Q_203_trajectory.json,8449,219,4,16.94
204,tmpz5ouqaez,Q_204_trajectory.json,36931,441,16,45.81
400,tmpz5ouqaez,Q_400_trajectory.json,152081,875,12,45.91
405,tmpz5ouqaez,Q_405_trajectory.json,75661,1392,32,578.54
424,tmpz5ouqaez,Q_424_trajectory.json,400802,2852,24,91.22
604,tmpz5ouqaez,Q_604_trajectory.json,19738,981,12,76.11
607,tmpz5ouqaez,Q_607_trajectory.json,26990,1022,20,88.56
5,tmpz_kn95t8,Q_5_trajectory.json,78041,2053,30,122.4
106,tmpz_kn95t8,Q_106_trajectory.json,23286,971,12,95.17
114,tmpz_kn95t8,Q_114_trajectory.json,21888,1058,12,98.36
203,tmpz_kn95t8,Q_203_trajectory.json,35196,1211,16,62.37
204,tmpz_kn95t8,Q_204_trajectory.json,36994,929,16,67.54
400,tmpz_kn95t8,Q_400_trajectory.json,164243,861,12,46.6
405,tmpz_kn95t8,Q_405_trajectory.json,153935,2131,30,111.58
424,tmpz_kn95t8,Q_424_trajectory.json,184779,1200,14,54.62
604,tmpz_kn95t8,Q_604_trajectory.json,26197,1152,14,120.93
607,tmpz_kn95t8,Q_607_trajectory.json,31937,3285,28,158.29
5,tmpzpicya08,Q_5_trajectory.json,19170,619,8,39.07
8,tmpzpicya08,Q_8_trajectory.json,20056,455,8,463.69
106,tmpzpicya08,Q_106_trajectory.json,10892,435,6,38.58
114,tmpzpicya08,Q_114_trajectory.json,24541,917,10,84.65
203,tmpzpicya08,Q_203_trajectory.json,8358,168,4,16.12
204,tmpzpicya08,Q_204_trajectory.json,8432,155,4,16.87
400,tmpzpicya08,Q_400_trajectory.json,228618,1316,18,61.26
405,tmpzpicya08,Q_405_trajectory.json,214907,2232,26,99.84
424,tmpzpicya08,Q_424_trajectory.json,25346,706,10,234.1
604,tmpzpicya08,Q_604_trajectory.json,23064,1519,14,90.61
607,tmpzpicya08,Q_607_trajectory.json,44427,2251,28,125.78
5,tmpzw9vu72o,Q_5_trajectory.json,323678,5144,60,265.16
8,tmpzw9vu72o,Q_8_trajectory.json,234933,2783,44,234.36
106,tmpzw9vu72o,Q_106_trajectory.json,206362,3610,40,194.73
114,tmpzw9vu72o,Q_114_trajectory.json,138629,3691,65,221.77
203,tmpzw9vu72o,Q_203_trajectory.json,460380,3848,62,204.03
204,tmpzw9vu72o,Q_204_trajectory.json,308800,3896,50,176.54
400,tmpzw9vu72o,Q_400_trajectory.json,109279,1523,28,99.69
405,tmpzw9vu72o,Q_405_trajectory.json,166380,1467,24,170.61
424,tmpzw9vu72o,Q_424_trajectory.json,569144,4096,38,641.29
604,tmpzw9vu72o,Q_604_trajectory.json,518790,8443,98,1011.34
5,tmpzwrq9tfm,Q_5_trajectory.json,37513,1081,15,69.4
8,tmpzwrq9tfm,Q_8_trajectory.json,43286,1377,17,65.53
106,tmpzwrq9tfm,Q_106_trajectory.json,26761,1207,14,106.86
114,tmpzwrq9tfm,Q_114_trajectory.json,48808,2030,24,108.27
203,tmpzwrq9tfm,Q_203_trajectory.json,29321,440,14,54.58
204,tmpzwrq9tfm,Q_204_trajectory.json,49156,997,22,85.02
400,tmpzwrq9tfm,Q_400_trajectory.json,49547,807,21,81.06
424,tmpzwrq9tfm,Q_424_trajectory.json,91414,2558,33,115.99
604,tmpzwrq9tfm,Q_604_trajectory.json,28314,1535,22,117.11
607,tmpzwrq9tfm,Q_607_trajectory.json,90930,2697,39,218.34
5,tmpzyegbe4c,Q_5_trajectory.json,117493,2286,48,180.09
8,tmpzyegbe4c,Q_8_trajectory.json,120824,2677,50,185.72
106,tmpzyegbe4c,Q_106_trajectory.json,33865,1911,20,138.98
114,tmpzyegbe4c,Q_114_trajectory.json,112804,3436,32,925.51
203,tmpzyegbe4c,Q_203_trajectory.json,95999,2238,44,173.86
204,tmpzyegbe4c,Q_204_trajectory.json,16857,560,8,37.32
400,tmpzyegbe4c,Q_400_trajectory.json,521380,3925,40,159.68
405,tmpzyegbe4c,Q_405_trajectory.json,209494,2756,45,177.45
424,tmpzyegbe4c,Q_424_trajectory.json,484303,3373,32,136.38
604,tmpzyegbe4c,Q_604_trajectory.json,69878,2895,42,214.41
607,tmpzyegbe4c,Q_607_trajectory.json,63068,3145,40,238.84
