Timestamp,Chiller 9 Return Temperature,Chiller 9 Tonnage,Chiller 9 Setpoint Temperature,Chiller 9 Supply Temperature,Chiller 9 Chiller % Loaded,Chiller 9 Condenser Water Supply To Chiller Temperature,Chiller 9 Power Input,Chiller 9 Chiller Efficiency,Chiller 9 Condenser Water Flow,segment_id
2020-04-23 07:30:00-05:00,55.5,1520.2315673828125,46.5,46.59999847412109,73.0,81.0,0.0,0.4426957070827484,5843.75,45
2020-04-23 07:45:00-05:00,55.59999847412109,1537.3125,46.5,46.59999847412109,73.0,80.9000015258789,0.0,0.4397284090518951,5857.5,45
2020-04-23 08:00:00-05:00,55.5,1529.40966796875,46.5,46.59999847412109,73.0,80.9000015258789,0.0,0.4420005977153778,5860.25,45
2020-04-23 08:15:00-05:00,55.5,1532.7471923828125,46.5,46.59999847412109,73.0,80.9000015258789,0.0,0.4403857290744781,5863.0,45
2020-04-23 08:30:00-05:00,55.5,1524.4034423828125,46.5,46.59999847412109,73.0,81.0,0.0,0.4421401619911194,5871.25,45
2020-04-23 08:45:00-05:00,55.400001525878906,1527.740966796875,46.5,46.5,73.0,81.0,0.0,0.4411742687225342,5857.5,45
2020-04-23 09:00:00-05:00,55.5,1512.72216796875,46.5,46.59999847412109,72.0,81.0,0.0,0.4442322552204132,5854.75,45
2020-04-23 09:15:00-05:00,55.400001525878906,1497.3756103515625,46.5,46.59999847412109,72.0,81.19999694824219,0.0,0.4474495351314544,5871.25,45
2020-04-23 09:30:00-05:00,55.400001525878906,1499.0255126953125,46.5,46.59999847412109,72.0,81.0,0.0,0.4469570219516754,5865.75,45
2020-04-23 09:45:00-05:00,55.400001525878906,1482.5255126953125,46.5,46.59999847412109,72.0,81.0999984741211,0.0,0.4519315063953399,5871.25,45
2020-04-23 10:00:00-05:00,55.400001525878906,1506.4505615234375,46.5,46.59999847412109,73.0,81.19999694824219,0.0,0.4467454850673675,5865.75,45
2020-04-23 10:15:00-05:00,55.5,1518.75,46.5,46.5,73.0,81.0,0.0,0.4431275725364685,5885.0,45
2020-04-23 10:30:00-05:00,55.29999923706055,1468.9407958984375,46.5,46.59999847412109,71.0,80.80000305175781,0.0,0.4445379972457886,5885.0,45
2020-04-23 10:45:00-05:00,55.29999923706055,1477.9127197265625,46.5,46.59999847412109,71.0,80.9000015258789,0.0,0.4411627352237701,5874.0,45
2020-04-23 11:00:00-05:00,55.29999923706055,1478.728271484375,46.5,46.59999847412109,71.0,80.80000305175781,0.0,0.4415956735610962,5868.5,45
2020-04-23 11:15:00-05:00,55.5,1487.4749755859375,46.5,46.70000076293945,71.0,80.9000015258789,0.0,0.4437049329280853,5865.75,45
2020-04-23 11:30:00-05:00,55.29999923706055,1489.949951171875,46.5,46.5,71.0,80.80000305175781,0.0,0.4396120905876159,5865.75,45
2020-04-23 11:45:00-05:00,55.29999923706055,1483.3499755859375,46.5,46.5,71.0,80.80000305175781,0.0,0.4422422349452972,5863.0,45
2020-04-23 12:00:00-05:00,55.29999923706055,1463.5499267578125,46.5,46.5,70.0,80.80000305175781,0.0,0.4413925409317016,5876.75,45
2020-04-23 12:15:00-05:00,55.29999923706055,1432.2376708984375,46.5,46.59999847412109,70.0,80.69999694824219,0.0,0.4482496380805969,5885.0,45
2020-04-23 12:30:00-05:00,55.400001525878906,1467.675537109375,46.5,46.59999847412109,70.0,80.69999694824219,0.0,0.4401517808437347,5893.25,45
2020-04-23 12:45:00-05:00,55.400001525878906,1462.65966796875,46.5,46.5,71.0,80.80000305175781,0.0,0.4457632899284363,5885.0,45
2020-04-23 13:00:00-05:00,55.400001525878906,1452.8255615234375,46.5,46.59999847412109,71.0,80.80000305175781,0.0,0.4494689702987671,5874.0,45
2020-04-23 13:15:00-05:00,55.400001525878906,1474.3409423828125,46.5,46.5,71.0,80.69999694824219,0.0,0.4429097771644592,5890.5,45
2020-04-23 13:30:00-05:00,55.400001525878906,1474.3409423828125,46.5,46.5,71.0,80.80000305175781,0.0,0.4415532350540161,5885.0,45
2020-04-23 13:45:00-05:00,55.20000076293945,1428.1595458984375,46.5,46.5,71.0,80.80000305175781,0.0,0.4558314383029938,5879.5,45
2020-04-23 14:00:00-05:00,55.400001525878906,1480.1815185546875,46.5,46.5,71.0,80.69999694824219,0.0,0.4398109316825866,5907.0,45
2020-04-23 14:15:00-05:00,55.29999923706055,1451.8126220703125,46.5,46.59999847412109,70.0,80.5,0.0,0.4373842775821686,5887.75,45
2020-04-23 14:30:00-05:00,55.29999923706055,1451.9998779296875,46.5,46.5,70.0,80.5999984741211,0.0,0.4421488046646118,5896.0,45
2020-04-23 14:45:00-05:00,55.29999923706055,1427.3438720703125,46.5,46.59999847412109,70.0,80.4000015258789,0.0,0.4455828964710235,5898.75,45
2020-04-23 15:00:00-05:00,55.400001525878906,1452.8255615234375,46.5,46.59999847412109,70.0,80.4000015258789,0.0,0.4377676248550415,5890.5,45
2020-04-23 15:15:00-05:00,55.20000076293945,1442.8408203125,46.5,46.5,70.0,80.4000015258789,0.0,0.4428763091564178,5890.5,45
2020-04-23 15:30:00-05:00,55.29999923706055,1429.790771484375,46.5,46.59999847412109,70.0,80.5,0.0,0.4441209137439728,5882.25,45
2020-04-23 15:45:00-05:00,55.29999923706055,1437.947021484375,46.5,46.59999847412109,70.0,80.5,0.0,0.4422972500324249,5879.5,45
2020-04-23 16:00:00-05:00,55.29999923706055,1456.1248779296875,46.5,46.5,70.0,80.5,0.0,0.4395227432250976,5882.25,45
2020-04-23 16:15:00-05:00,55.20000076293945,1437.1314697265625,46.5,46.5,70.0,80.5,0.0,0.443244069814682,5874.0,45
2020-04-23 16:30:00-05:00,55.400001525878906,1468.5006103515625,46.5,46.59999847412109,71.0,80.5,0.0,0.4392235279083252,5874.0,45
2020-04-23 16:45:00-05:00,55.29999923706055,1456.7064208984375,46.5,46.59999847412109,71.0,80.5999984741211,0.0,0.4468985497951507,5876.75,45
2020-04-23 17:00:00-05:00,55.59999847412109,1493.4375,46.5,46.59999847412109,71.0,80.69999694824219,0.0,0.4446118474006653,5885.0,45
2020-04-23 17:15:00-05:00,55.400001525878906,1474.3409423828125,46.5,46.5,71.0,80.5999984741211,0.0,0.445622831583023,5893.25,45
2020-04-23 17:30:00-05:00,55.400001525878906,1485.187744140625,46.5,46.5,71.0,80.5999984741211,0.0,0.4450615644454956,5879.5,45
2020-04-23 17:45:00-05:00,55.5,1506.09375,46.5,46.5,71.0,80.5999984741211,0.0,0.4375557601451874,5890.5,45
2020-04-23 18:00:00-05:00,55.400001525878906,1480.1815185546875,46.5,46.5,71.0,80.5999984741211,0.0,0.4404865205287933,5874.0,45
2020-04-23 18:15:00-05:00,55.400001525878906,1474.3409423828125,46.5,46.5,71.0,80.5,0.0,0.4381618797779083,5879.5,45
2020-04-23 18:30:00-05:00,55.400001525878906,1466.8505859375,46.5,46.59999847412109,71.0,80.5,0.0,0.443807989358902,5882.25,45
2020-04-23 18:45:00-05:00,55.59999847412109,1499.34375,46.5,46.59999847412109,71.0,80.5999984741211,0.0,0.4368577897548675,5876.75,45
2020-04-23 19:00:00-05:00,55.400001525878906,1472.672119140625,46.5,46.5,71.0,80.5999984741211,0.0,0.4427326321601867,5885.0,45
2020-04-23 19:15:00-05:00,55.400001525878906,1468.500244140625,46.5,46.5,70.0,80.5,0.0,0.4371807277202606,5890.5,45
2020-04-23 19:30:00-05:00,55.5,1481.850341796875,46.5,46.59999847412109,71.0,80.5,0.0,0.43661630153656,5879.5,45
2020-04-23 19:45:00-05:00,55.29999923706055,1459.4249267578125,46.5,46.5,71.0,80.5,0.0,0.4433253109455108,5885.0,45
2020-04-23 20:00:00-05:00,55.5,1496.8125,46.5,46.5,71.0,80.5,0.0,0.4349242150783539,5868.5,45
2020-04-23 20:15:00-05:00,55.400001525878906,1471.8377685546875,46.5,46.5,71.0,80.4000015258789,0.0,0.4395864903926849,5879.5,45
2020-04-23 20:30:00-05:00,55.59999847412109,1474.34033203125,46.5,46.70000076293945,71.0,80.5,0.0,0.4408751428127289,5882.25,45
2020-04-23 20:45:00-05:00,55.5,1486.8565673828125,46.5,46.59999847412109,71.0,80.5,0.0,0.4364913403987884,5887.75,45
2020-04-23 21:00:00-05:00,55.59999847412109,1500.1875,46.5,46.59999847412109,71.0,80.5,0.0,0.4366120994091034,5896.0,45
2020-04-23 21:15:00-05:00,55.59999847412109,1501.875,46.5,46.59999847412109,71.0,80.5999984741211,0.0,0.436787337064743,5876.75,45
2020-04-23 21:30:00-05:00,55.5,1476.0096435546875,46.5,46.59999847412109,71.0,80.5999984741211,0.0,0.4430865347385406,5879.5,45
2020-04-23 21:45:00-05:00,55.5,1490.194091796875,46.5,46.59999847412109,71.0,80.69999694824219,0.0,0.4388689994812011,5898.75,45
2020-04-23 22:00:00-05:00,55.59999847412109,1488.524658203125,46.5,46.70000076293945,71.0,80.80000305175781,0.0,0.4440638422966003,5876.75,45
2020-04-23 22:15:00-05:00,55.59999847412109,1497.65625,46.5,46.59999847412109,72.0,80.9000015258789,0.0,0.4460302591323852,5887.75,45
2020-04-23 22:30:00-05:00,55.70000076293945,1523.681640625,46.5,46.59999847412109,72.0,80.9000015258789,0.0,0.4377554953098297,5904.25,45
2020-04-23 22:45:00-05:00,55.59999847412109,1490.0625,46.5,46.59999847412109,72.0,80.9000015258789,0.0,0.448974460363388,5896.0,45
2020-04-23 23:00:00-05:00,55.79999923706055,1527.9466552734375,46.5,46.70000076293945,73.0,81.0,0.0,0.4476596117019653,5879.5,45
2020-04-23 23:15:00-05:00,55.79999923706055,1548.1876220703125,46.5,46.59999847412109,73.0,81.0,0.0,0.4411610066890716,5890.5,45
2020-04-23 23:30:00-05:00,55.900001525878906,1553.3626708984375,46.5,46.70000076293945,73.0,81.0999984741211,0.0,0.4390475153923034,5901.5,45
2020-04-23 23:45:00-05:00,55.79999923706055,1551.6376953125,46.5,46.59999847412109,74.0,81.19999694824219,0.0,0.4453359246253967,5896.0,45
2020-04-24 00:00:00-05:00,55.70000076293945,1549.275390625,46.5,46.59999847412109,74.0,81.0999984741211,0.0,0.4453694820404053,5898.75,45
2020-04-24 00:15:00-05:00,55.70000076293945,1560.3660888671875,46.5,46.59999847412109,74.0,81.19999694824219,0.0,0.443485677242279,5898.75,45
2020-04-24 00:30:00-05:00,55.79999923706055,1574.0626220703125,46.5,46.59999847412109,74.0,81.30000305175781,0.0,0.4434385299682617,5912.5,45
2020-04-24 00:45:00-05:00,55.79999923706055,1593.0377197265625,46.5,46.59999847412109,75.0,81.4000015258789,0.0,0.4444339275360107,5896.0,45
2020-04-24 01:00:00-05:00,55.79999923706055,1593.0377197265625,46.5,46.59999847412109,75.0,81.5,0.0,0.4463171064853668,5890.5,45
2020-04-24 01:15:00-05:00,56.0,1615.33154296875,46.5,46.59999847412109,76.0,81.69999694824219,0.0,0.4488242566585541,5904.25,45
2020-04-24 01:30:00-05:00,56.09999847412109,1644.984375,46.5,46.59999847412109,76.0,81.69999694824219,0.0,0.4443811178207397,5896.0,45
2020-04-24 01:45:00-05:00,56.0,1617.975341796875,46.5,46.59999847412109,76.0,81.80000305175781,0.0,0.4505631029605865,5909.75,45
2020-04-24 02:00:00-05:00,56.0,1625.390625,46.5,46.59999847412109,76.0,81.9000015258789,0.0,0.4534023702144623,5909.75,45
2020-04-24 02:15:00-05:00,55.900001525878906,1606.51904296875,46.5,46.5,76.0,81.80000305175781,0.0,0.4512862861156463,5920.75,45
2020-04-24 02:30:00-05:00,55.79999923706055,1580.1002197265625,46.5,46.59999847412109,75.0,81.5999984741211,0.0,0.4493385851383209,5893.25,45
2020-04-24 02:45:00-05:00,55.79999923706055,1605.99365234375,46.5,46.5,75.0,81.5999984741211,0.0,0.4414712488651275,5890.5,45
2020-04-24 03:00:00-05:00,55.79999923706055,1593.0377197265625,46.5,46.59999847412109,76.0,81.5999984741211,0.0,0.4488280415534973,5918.0,45
2020-04-24 03:15:00-05:00,55.79999923706055,1593.0377197265625,46.5,46.59999847412109,76.0,81.5999984741211,0.0,0.4513389766216278,5896.0,45
2020-04-24 03:30:04-05:00,55.900001525878906,1603.378662109375,46.5,46.59999847412109,76.0,81.5999984741211,0.0,0.4490517675876617,5898.75,45
2020-04-24 03:45:00-05:00,55.79999923706055,1593.0377197265625,46.5,46.59999847412109,76.0,81.5999984741211,0.0,0.4488280415534973,5907.0,45
2020-04-24 04:00:00-05:00,55.900001525878906,1600.7630615234375,46.5,46.59999847412109,75.0,81.69999694824219,0.0,0.4435384571552276,5896.0,45
2020-04-24 04:15:00-05:00,55.79999923706055,1589.4281005859375,46.5,46.5,76.0,82.0,0.0,0.4561389088630676,5901.5,45
2020-04-24 04:30:00-05:00,55.79999923706055,1580.962646484375,46.5,46.59999847412109,76.0,82.0,0.0,0.4566837847232818,5890.5,45
2020-04-24 04:45:00-05:00,55.79999923706055,1549.96875,46.5,46.79999923706055,76.0,82.0,0.0,0.469686895608902,5896.0,45
2020-04-24 05:00:00-05:00,56.09999847412109,1647.65625,46.5,46.59999847412109,78.0,82.19999694824219,0.0,0.4509435892105102,5893.25,45
2020-04-24 05:15:00-05:00,55.70000076293945,1595.6251220703125,46.5,46.5,77.0,82.30000305175781,0.0,0.4612612128257751,5907.0,45
2020-04-24 05:30:00-05:00,56.0,1624.14404296875,46.5,46.59999847412109,77.0,82.30000305175781,0.0,0.4519303441047668,5901.5,45
2020-04-24 05:45:00-05:00,55.900001525878906,1620.6190185546875,46.5,46.5,76.0,82.0,0.0,0.449211061000824,5887.75,45
2020-04-24 06:00:00-05:00,55.79999923706055,1587.8626708984375,46.5,46.59999847412109,75.0,81.5,0.0,0.447141945362091,5907.0,45
2020-04-24 06:15:00-05:00,55.70000076293945,1564.5751953125,46.5,46.5,75.0,81.5,0.0,0.4531581401824951,5901.5,45
2020-04-24 06:30:00-05:00,55.79999923706055,1582.6876220703125,46.5,46.59999847412109,75.0,81.4000015258789,0.0,0.4486039876937866,5901.5,45
2020-04-24 06:45:00-05:00,55.79999923706055,1578.3751220703125,46.5,46.59999847412109,75.0,81.4000015258789,0.0,0.4428605139255523,5907.0,45
2020-04-24 07:00:00-05:00,55.59999847412109,1566.3372802734375,46.5,46.5,73.0,81.19999694824219,0.0,0.4341338276863098,5898.75,45
2020-04-24 07:15:00-05:00,55.70000076293945,1566.3001708984375,46.5,46.5,75.0,81.19999694824219,0.0,0.4501053094863891,5887.75,45
2020-04-24 07:30:00-05:00,55.59999847412109,1575.7869873046875,46.5,46.400001525878906,75.0,81.19999694824219,0.0,0.44422248005867,5920.75,45
2020-04-24 07:45:00-05:00,55.59999847412109,1549.96875,46.5,46.59999847412109,73.0,81.0,0.0,0.4419443905353546,5907.0,45
2020-04-24 08:00:00-05:00,55.59999847412109,1559.5123291015625,46.5,46.5,73.0,81.0,0.0,0.4366749823093414,5918.0,45
2020-04-24 08:15:00-05:00,55.5,1528.875,46.5,46.5,72.0,81.0,0.0,0.4401929378509521,5909.75,45
2020-04-24 08:30:00-05:00,55.59999847412109,1511.052734375,46.5,46.70000076293945,73.0,81.0,0.0,0.448032021522522,5904.25,45
2020-04-24 08:45:00-05:00,55.5,1534.78125,46.5,46.5,72.0,81.0,0.0,0.4371958673000335,5904.25,45
2020-04-24 09:00:00-05:00,55.29999923706055,1502.324951171875,46.5,46.5,73.0,81.0,0.0,0.4486379623413086,5923.5,45
2020-04-24 09:15:00-05:00,55.29999923706055,1508.5496826171875,46.5,46.400001525878906,72.0,80.80000305175781,0.0,0.4441351890563965,5915.25,45
2020-04-24 09:30:00-05:00,55.400001525878906,1491.6005859375,46.5,46.59999847412109,71.0,81.0,0.0,0.4444889724254608,5909.75,45
2020-04-24 09:45:00-05:00,55.29999923706055,1453.4439697265625,46.5,46.59999847412109,71.0,80.80000305175781,0.0,0.4479016959667206,5920.75,45
2020-04-24 10:00:00-05:00,55.5,1487.69091796875,46.5,46.59999847412109,71.0,80.80000305175781,0.0,0.44095179438591,5915.25,45
2020-04-24 10:15:00-05:00,55.400001525878906,1506.881591796875,46.5,46.5,72.0,81.0,0.0,0.4432995915412903,5918.0,45
2020-04-24 10:30:00-05:00,55.29999923706055,1477.574951171875,46.5,46.5,70.0,80.80000305175781,0.0,0.4372028708457947,5923.5,45
2020-04-24 10:45:00-05:00,55.20000076293945,1437.544189453125,46.5,46.59999847412109,70.0,80.5,0.0,0.4465949535369873,5918.0,45
2020-04-24 11:00:00-05:00,55.20000076293945,1446.4129638671875,46.5,46.59999847412109,70.0,80.5999984741211,0.0,0.4431652724742889,5915.25,45
2020-04-24 11:15:00-05:00,55.20000076293945,1445.606689453125,46.5,46.59999847412109,70.0,80.5999984741211,0.0,0.4441041946411133,5934.5,45
2020-04-24 11:30:00-05:00,55.29999923706055,1450.9970703125,46.5,46.59999847412109,70.0,80.5999984741211,0.0,0.4445219039916992,5920.75,45
2020-04-24 11:45:00-05:00,55.400001525878906,1450.3505859375,46.5,46.59999847412109,70.0,80.5999984741211,0.0,0.4392041563987732,5923.5,45
2020-04-24 12:00:00-05:00,55.400001525878906,1461.0755615234375,46.5,46.59999847412109,71.0,80.5999984741211,0.0,0.4421400427818298,5923.5,45
2020-04-24 12:15:00-05:00,55.29999923706055,1440.3939208984375,46.5,46.59999847412109,71.0,80.69999694824219,0.0,0.4484884142875671,5929.0,45
2020-04-24 12:30:00-05:00,55.29999923706055,1446.9189453125,46.5,46.59999847412109,70.0,80.69999694824219,0.0,0.4437014162540436,5929.0,45
2020-04-24 12:45:00-05:00,55.400001525878906,1457.7755126953125,46.5,46.59999847412109,70.0,80.5999984741211,0.0,0.4417689740657806,5931.75,45
2020-04-24 13:00:00-05:00,55.400001525878906,1441.2095947265625,46.5,46.70000076293945,70.0,80.5999984741211,0.0,0.4440714120864868,5931.75,45
2020-04-24 13:15:00-05:00,55.400001525878906,1455.300537109375,46.5,46.59999847412109,70.0,80.69999694824219,0.0,0.4425202906131744,5918.0,45
2020-04-24 13:30:00-05:00,55.400001525878906,1447.7344970703125,46.5,46.70000076293945,70.0,80.5999984741211,0.0,0.4448329508304596,5926.25,45
2020-04-24 13:45:00-05:00,55.29999923706055,1430.6064453125,46.5,46.59999847412109,70.0,80.5999984741211,0.0,0.4480617344379425,5920.75,45
2020-04-24 14:00:00-05:00,55.400001525878906,1462.7255859375,46.5,46.59999847412109,70.0,80.5999984741211,0.0,0.4382230043411255,5923.5,45
2020-04-24 14:15:00-05:00,55.20000076293945,1453.4439697265625,46.5,46.5,70.0,80.5,0.0,0.4410214722156524,5926.25,45
2020-04-24 14:30:00-05:00,55.29999923706055,1444.4720458984375,46.5,46.59999847412109,70.0,80.5,0.0,0.4423761665821075,5931.75,45
2020-04-24 14:45:00-05:00,55.29999923706055,1445.39990234375,46.5,46.5,70.0,80.5,0.0,0.4400166273117065,5929.0,45
2020-04-24 15:00:00-05:00,55.20000076293945,1440.3939208984375,46.5,46.5,70.0,80.4000015258789,0.0,0.4429343938827514,5926.25,45
2020-04-24 15:15:00-05:00,55.20000076293945,1389.937744140625,46.5,46.79999923706055,68.0,80.30000305175781,0.0,0.4388685822486877,5931.75,45
2020-04-24 15:30:00-05:00,55.20000076293945,1437.1314697265625,46.5,46.5,69.0,80.30000305175781,0.0,0.436981588602066,5915.25,45
2020-04-24 15:45:00-05:00,55.400001525878906,1454.4755859375,46.5,46.59999847412109,70.0,80.5,0.0,0.4400211274623871,5915.25,45
2020-04-24 16:00:00-05:00,55.20000076293945,1444.8004150390625,46.5,46.59999847412109,70.0,80.4000015258789,0.0,0.4415834844112396,5912.5,45
2020-04-24 16:15:00-05:00,55.09999847412109,1460.9248046875,46.5,46.5,70.0,80.30000305175781,0.0,0.4367096722126007,5879.5,45
2020-04-24 16:30:00-05:00,55.09999847412109,1450.4434814453125,46.5,46.5,70.0,80.30000305175781,0.0,0.4391760230064392,5865.75,45
2020-04-24 16:45:00-05:00,55.0,1445.53125,46.5,46.5,70.0,80.30000305175781,0.0,0.4392848610877991,5876.75,45
2020-04-24 17:00:00-05:00,55.29999923706055,1466.493896484375,46.5,46.59999847412109,71.0,80.5,0.0,0.444597840309143,5887.75,45
2020-04-24 17:15:00-05:00,55.29999923706055,1479.5439453125,46.5,46.59999847412109,71.0,80.5999984741211,0.0,0.4406763315200805,5898.75,45
2020-04-24 17:30:00-05:00,55.29999923706055,1468.9407958984375,46.5,46.59999847412109,71.0,80.5999984741211,0.0,0.4424957036972046,5885.0,45
2020-04-24 17:45:00-05:00,55.29999923706055,1486.884521484375,46.5,46.59999847412109,71.0,80.5999984741211,0.0,0.4425360560417175,5863.0,45
2020-04-24 18:00:00-05:00,55.5,1515.225341796875,46.5,46.59999847412109,72.0,80.80000305175781,0.0,0.4421784579753876,5887.75,45
2020-04-24 18:15:00-05:00,55.5,1531.912841796875,46.5,46.59999847412109,72.0,80.80000305175781,0.0,0.436708927154541,5882.25,45
2020-04-24 18:30:00-05:00,55.59999847412109,1545.75,46.5,46.59999847412109,72.0,80.80000305175781,0.0,0.4347404241561889,5879.5,45
2020-04-24 18:45:00-05:00,55.59999847412109,1559.25,46.5,46.59999847412109,73.0,80.9000015258789,0.0,0.4341830909252167,5887.75,45
2020-04-24 19:00:00-05:00,55.70000076293945,1558.6597900390625,46.5,46.59999847412109,75.0,81.0,0.0,0.4458958804607391,5890.5,45
2020-04-24 19:15:00-05:00,55.79999923706055,1584.4127197265625,46.5,46.59999847412109,76.0,81.19999694824219,0.0,0.4550581872463226,5865.75,45
2020-04-24 19:30:00-05:00,55.900001525878906,1599.8912353515625,46.5,46.59999847412109,76.0,81.19999694824219,0.0,0.4500305950641632,5868.5,45
2020-04-24 19:45:00-05:00,55.79999923706055,1618.199951171875,46.5,46.5,76.0,81.19999694824219,0.0,0.4424669444561004,5868.5,45
2020-04-24 20:00:00-05:00,55.79999923706055,1571.4560546875,46.5,46.70000076293945,73.0,81.0,0.0,0.4269925355911255,5893.25,45
2020-04-24 20:15:00-05:00,55.59999847412109,1544.0625,46.5,46.59999847412109,74.0,80.9000015258789,0.0,0.4449301660060882,5885.0,45
2020-04-24 20:30:02-05:00,55.59999847412109,1572.3092041015625,46.5,46.5,73.0,80.9000015258789,0.0,0.4299408793449402,5882.25,45
2020-04-24 20:45:00-05:00,55.79999923706055,1582.546630859375,46.5,46.70000076293945,75.0,81.0,0.0,0.4435888230800628,5874.0,45
2020-04-24 21:00:00-05:00,55.70000076293945,1593.0377197265625,46.5,46.5,75.0,80.9000015258789,0.0,0.4419229924678802,5876.75,45
2020-04-24 21:15:00-05:00,55.79999923706055,1604.2501220703125,46.5,46.59999847412109,75.0,80.9000015258789,0.0,0.4357175827026367,5882.25,45
2020-04-24 21:30:00-05:00,55.5,1551.1033935546875,46.5,46.59999847412109,74.0,80.80000305175781,0.0,0.4480681419372558,5882.25,45
2020-04-24 21:45:00-05:00,55.5,1561.78125,46.5,46.5,74.0,80.80000305175781,0.0,0.4430838227272033,5896.0,45
2020-04-24 22:00:00-05:00,55.59999847412109,1559.25,46.5,46.59999847412109,74.0,80.9000015258789,0.0,0.4463684558868408,5879.5,45
2020-04-24 22:15:00-05:00,55.79999923706055,1567.1904296875,46.5,46.70000076293945,74.0,81.0999984741211,0.0,0.4453830122947693,5885.0,45
2020-04-24 22:30:00-05:00,55.70000076293945,1568.8973388671875,46.5,46.59999847412109,74.0,81.0,0.0,0.4429862797260284,5898.75,45
2020-04-24 22:45:00-05:00,55.70000076293945,1576.575439453125,46.5,46.59999847412109,75.0,81.0,0.0,0.4414631724357605,5896.0,45
2020-04-24 23:00:00-05:00,55.79999923706055,1597.3502197265625,46.5,46.59999847412109,75.0,81.0,0.0,0.4407298862934112,5898.75,45
2020-04-24 23:15:00-05:00,55.79999923706055,1607.7001953125,46.5,46.59999847412109,75.0,81.0999984741211,0.0,0.4385145902633667,5890.5,45
2020-04-24 23:30:00-05:00,55.79999923706055,1600.8001708984375,46.5,46.59999847412109,75.0,81.0,0.0,0.439780056476593,5893.25,45
2020-04-24 23:45:00-05:00,55.900001525878906,1620.6190185546875,46.5,46.5,76.0,81.30000305175781,0.0,0.4467428624629974,5909.75,45
2020-04-25 00:00:00-05:00,55.900001525878906,1630.3128662109375,46.5,46.5,76.0,81.19999694824219,0.0,0.4428597688674927,5901.5,45
2020-04-25 00:15:00-05:00,56.0,1640.53125,46.5,46.5,76.0,81.19999694824219,0.0,0.4394917786121368,5896.0,45
2020-04-25 00:30:00-05:00,55.900001525878906,1614.713134765625,46.5,46.59999847412109,76.0,81.30000305175781,0.0,0.447138249874115,5887.75,45
2020-04-25 00:45:00-05:00,56.0,1631.278076171875,46.5,46.70000076293945,76.0,81.30000305175781,0.0,0.4456628262996673,5912.5,45
2020-04-25 01:00:00-05:00,56.0,1653.225341796875,46.5,46.59999847412109,77.0,81.4000015258789,0.0,0.4464001357555389,5879.5,45
2020-04-25 01:15:00-05:00,56.09999847412109,1667.25,46.5,46.59999847412109,78.0,81.5999984741211,0.0,0.4474433958530426,5915.25,45
2020-04-25 01:30:00-05:00,56.20000076293945,1680.609375,46.5,46.70000076293945,78.0,81.5999984741211,0.0,0.4456716775894165,5896.0,45
2020-04-25 01:45:00-05:00,56.20000076293945,1690.200439453125,46.5,46.59999847412109,79.0,81.69999694824219,0.0,0.4496508240699768,5898.75,45
2020-04-25 02:00:00-05:00,56.20000076293945,1744.181396484375,46.5,46.5,81.0,81.9000015258789,0.0,0.4500678777694702,5912.5,45
2020-04-25 02:15:00-05:00,56.09999847412109,1695.75,46.5,46.59999847412109,77.0,81.69999694824219,0.0,0.4334365427494049,5893.25,45
2020-04-25 02:30:00-05:00,56.20000076293945,1709.1004638671875,46.5,46.59999847412109,81.0,81.9000015258789,0.0,0.4593059420585632,5901.5,45
2020-04-25 02:45:00-05:00,56.29999923706055,1757.5687255859375,46.5,46.5,81.0,82.0,0.0,0.4466397166252136,5909.75,45
2020-04-25 04:30:00-05:00,56.29999923706055,1728.7220458984375,46.5,46.59999847412109,81.0,82.0,0.0,0.4564065039157867,5887.75,47
2020-04-25 04:45:00-05:00,56.20000076293945,1725.993896484375,46.5,46.5,81.0,82.0,0.0,0.4559691548347473,5896.0,47
2020-04-25 05:00:00-05:00,56.29999923706055,1730.540771484375,46.5,46.59999847412109,81.0,82.0999984741211,0.0,0.4570825695991516,5907.0,47
2020-04-25 05:15:00-05:00,56.29999923706055,1745.0908203125,46.5,46.59999847412109,81.0,82.0,0.0,0.4509793817996979,5890.5,47
2020-04-25 05:30:27-05:00,56.29999923706055,1737.8157958984375,46.5,46.59999847412109,81.0,82.19999694824219,0.0,0.4563199281692505,5893.25,47
2020-04-25 05:45:00-05:00,56.29999923706055,1750.2186279296875,46.5,46.5,82.0,82.0999984741211,0.0,0.4536575973033905,5893.25,47
2020-04-25 06:00:00-05:00,56.29999923706055,1733.2689208984375,46.5,46.59999847412109,82.0,82.0999984741211,0.0,0.4580939412117004,5901.5,47
2020-04-25 06:15:00-05:00,56.29999923706055,1735.087646484375,46.5,46.59999847412109,82.0,82.0999984741211,0.0,0.4581901133060455,5898.75,47
2020-04-25 06:30:00-05:00,56.09999847412109,1692.1875,46.5,46.59999847412109,81.0,82.19999694824219,0.0,0.4656694233417511,5901.5,47
2020-04-25 06:45:00-05:00,56.0,1696.640625,46.5,46.5,81.0,82.30000305175781,0.0,0.4638577997684479,5898.75,47
2020-04-25 07:00:00-05:00,56.0,1691.296875,46.5,46.5,81.0,82.19999694824219,0.0,0.4635496139526367,5904.25,47
2020-04-25 07:15:00-05:00,56.0,1705.499755859375,46.5,46.400001525878906,81.0,82.0999984741211,0.0,0.4585166275501251,5890.5,47
2020-04-25 07:30:00-05:00,55.900001525878906,1652.2037353515625,46.5,46.59999847412109,78.0,81.5999984741211,0.0,0.4509129226207733,5893.25,47
2020-04-25 07:45:00-05:00,55.79999923706055,1636.1627197265625,46.5,46.59999847412109,76.0,81.5,0.0,0.4443323314189911,5898.75,47
2020-04-25 08:00:00-05:00,55.70000076293945,1567.6875,46.5,46.70000076293945,75.0,81.19999694824219,0.0,0.4516206085681915,5890.5,47
2020-04-25 08:15:00-05:00,55.5,1547.7659912109375,46.5,46.59999847412109,74.0,81.19999694824219,0.0,0.4503264725208282,5907.0,47
2020-04-25 08:30:00-05:00,55.5,1553.6065673828125,46.5,46.59999847412109,74.0,81.0,0.0,0.4441278874874115,5901.5,47
2020-04-25 08:45:00-05:00,55.5,1556.71875,46.5,46.5,75.0,81.0999984741211,0.0,0.449663758277893,5909.75,47
2020-04-25 09:00:00-05:00,55.59999847412109,1551.65625,46.5,46.59999847412109,74.0,81.0,0.0,0.4433971643447876,5909.75,47
2020-04-25 09:15:00-05:00,55.5,1522.7347412109375,46.5,46.59999847412109,72.0,80.9000015258789,0.0,0.4413112699985504,5896.0,47
2020-04-25 09:30:00-05:00,55.29999923706055,1515.52490234375,46.5,46.5,72.0,80.80000305175781,0.0,0.4414312243461609,5907.0,47
2020-04-25 09:45:00-05:00,55.5,1526.9066162109375,46.5,46.59999847412109,72.0,80.80000305175781,0.0,0.439450591802597,5904.25,47
2020-04-25 10:00:00-05:00,55.29999923706055,1494.2252197265625,46.5,46.59999847412109,72.0,80.69999694824219,0.0,0.449062168598175,5901.5,47
2020-04-25 10:15:00-05:00,55.29999923706055,1499.8499755859375,46.5,46.5,72.0,80.80000305175781,0.0,0.4440444111824035,5912.5,47
2020-04-25 10:30:00-05:00,55.20000076293945,1462.265625,46.5,46.70000076293945,71.0,80.5,0.0,0.4424640834331512,5904.25,47
2020-04-25 10:45:00-05:00,55.20000076293945,1460.119140625,46.5,46.59999847412109,71.0,80.5,0.0,0.4458540380001068,5907.0,47
2020-04-25 11:00:00-05:00,55.20000076293945,1463.2314453125,46.5,46.5,71.0,80.5,0.0,0.4455891251564026,5898.75,47
2020-04-25 11:15:00-05:00,55.29999923706055,1459.4249267578125,46.5,46.5,71.0,80.5999984741211,0.0,0.4446957111358642,5907.0,47
2020-04-25 11:30:00-05:00,55.20000076293945,1475.9249267578125,46.5,46.400001525878906,70.0,80.5999984741211,0.0,0.439046710729599,5923.5,47
2020-04-25 11:45:00-05:00,55.09999847412109,1450.1807861328125,46.5,46.400001525878906,70.0,80.5,0.0,0.4371868669986725,5926.25,47
2020-04-25 12:00:00-05:00,55.09999847412109,1413.3560791015625,46.5,46.5,70.0,80.5,0.0,0.4464550912380218,5898.75,47
2020-04-25 12:15:00-05:00,55.09999847412109,1406.484375,46.5,46.59999847412109,70.0,80.4000015258789,0.0,0.4493473172187805,5918.0,47
2020-04-25 12:30:00-05:00,55.09999847412109,1393.087158203125,46.5,46.70000076293945,69.0,80.19999694824219,0.0,0.4493616819381714,5931.75,47
2020-04-25 12:45:00-05:00,55.20000076293945,1414.1629638671875,46.5,46.59999847412109,69.0,80.30000305175781,0.0,0.4426646828651428,5926.25,47
2020-04-25 13:00:00-05:00,55.20000076293945,1402.8753662109375,46.5,46.59999847412109,69.0,80.30000305175781,0.0,0.4462263882160187,5934.5,47
2020-04-25 13:15:00-05:00,55.09999847412109,1412.5498046875,46.5,46.5,68.0,80.30000305175781,0.0,0.4403384625911712,5915.25,47
2020-04-25 13:30:00-05:00,55.09999847412109,1407.7122802734375,46.5,46.5,69.0,80.19999694824219,0.0,0.4432724118232727,5931.75,47
2020-04-25 13:45:00-05:00,55.09999847412109,1357.8280029296875,46.5,46.79999923706055,68.0,80.0,0.0,0.4514563083648681,5937.25,47
2020-04-25 14:00:00-05:00,55.09999847412109,1388.15625,46.5,46.59999847412109,68.0,80.0999984741211,0.0,0.4387114346027374,5929.0,47
2020-04-25 14:15:00-05:00,55.09999847412109,1394.53125,46.5,46.59999847412109,68.0,80.0999984741211,0.0,0.4438767433166504,5948.25,47
2020-04-25 14:30:00-05:00,55.20000076293945,1405.294189453125,46.5,46.59999847412109,68.0,80.19999694824219,0.0,0.4404771625995636,5934.5,47
2020-04-25 14:45:00-05:00,55.09999847412109,1394.53125,46.5,46.59999847412109,68.0,80.0999984741211,0.0,0.4424425661563873,5937.25,47
2020-04-25 15:00:00-05:00,55.20000076293945,1402.8751220703125,46.5,46.5,68.0,80.19999694824219,0.0,0.4383854269981384,5942.75,47
2020-04-25 15:15:00-05:00,55.29999923706055,1396.3502197265625,46.5,46.59999847412109,68.0,80.0999984741211,0.0,0.4354208409786224,5953.75,47
2020-04-25 15:30:00-05:00,55.09999847412109,1374.656005859375,46.5,46.5,68.0,80.0,0.0,0.4401101171970367,5945.5,47
2020-04-25 15:45:00-05:00,55.09999847412109,1349.109375,46.5,46.59999847412109,67.0,80.0,0.0,0.4454790651798248,5934.5,47
2020-04-25 16:00:00-05:00,55.09999847412109,1368.234375,46.5,46.59999847412109,68.0,80.0,0.0,0.441444844007492,5940.0,47
2020-04-25 16:15:00-05:00,55.29999923706055,1392.3935546875,46.5,46.70000076293945,68.0,80.0,0.0,0.4373763501644134,5942.75,47
2020-04-25 16:30:00-05:00,55.29999923706055,1369.828125,46.5,46.79999923706055,67.0,80.0999984741211,0.0,0.433631032705307,5940.0,47
2020-04-25 16:45:00-05:00,55.29999923706055,1406.6248779296875,46.5,46.5,68.0,80.0999984741211,0.0,0.4407714009284973,5929.0,47
2020-04-25 17:00:00-05:00,55.29999923706055,1369.0123291015625,46.5,46.70000076293945,68.0,80.0999984741211,0.0,0.4477680623531341,5934.5,47
2020-04-25 17:15:00-05:00,55.400001525878906,1405.800537109375,46.5,46.59999847412109,68.0,80.0,0.0,0.4360504746437073,5929.0,47
2020-04-25 17:30:00-05:00,55.20000076293945,1395.89990234375,46.5,46.400001525878906,68.0,80.0,0.0,0.4341285526752472,5934.5,47
2020-04-25 17:45:00-05:00,55.20000076293945,1393.9033203125,46.5,46.5,68.0,80.0,0.0,0.4383374452590942,5904.25,47
2020-04-25 18:00:00-05:00,55.09999847412109,1357.875,46.5,46.59999847412109,67.0,79.80000305175781,0.0,0.4411304295063019,5904.25,47
2020-04-25 18:15:00-05:00,55.20000076293945,1355.484375,46.5,46.70000076293945,67.0,79.9000015258789,0.0,0.4441216886043548,5876.75,47
2020-04-25 18:30:00-05:00,55.09999847412109,1360.265625,46.5,46.59999847412109,68.0,79.9000015258789,0.0,0.4462363719940185,5885.0,47
2020-04-25 18:45:00-05:00,55.29999923706055,1383.3001708984375,46.5,46.59999847412109,66.0,79.80000305175781,0.0,0.4178413450717926,5893.25,47
2020-04-25 19:00:00-05:00,55.09999847412109,1381.1060791015625,46.5,46.5,68.0,79.9000015258789,0.0,0.4366065859794616,5879.5,47
2020-04-25 19:15:00-05:00,55.20000076293945,1365.7879638671875,46.5,46.59999847412109,68.0,79.9000015258789,0.0,0.4429677426815033,5887.75,47
2020-04-25 19:30:00-05:00,55.29999923706055,1388.1939697265625,46.5,46.59999847412109,68.0,79.9000015258789,0.0,0.4336569905281067,5885.0,47
2020-04-25 19:45:00-05:00,55.29999923706055,1385.7470703125,46.5,46.59999847412109,68.0,80.0,0.0,0.4438039362430572,5876.75,47
2020-04-25 20:00:00-05:00,55.400001525878906,1401.243896484375,46.5,46.70000076293945,68.0,80.0,0.0,0.4410367012023926,5874.0,47
2020-04-25 20:15:00-05:00,55.5,1442.6346435546875,46.5,46.59999847412109,70.0,80.0,0.0,0.4353146553039551,5896.0,47
2020-04-25 20:30:00-05:00,55.59999847412109,1449.5625,46.5,46.59999847412109,70.0,80.0999984741211,0.0,0.4359936118125915,5879.5,47
2020-04-25 20:45:00-05:00,55.70000076293945,1506.7877197265625,46.5,46.5,71.0,80.30000305175781,0.0,0.4373542368412018,5876.75,47
2020-04-25 21:00:00-05:00,55.59999847412109,1521.4495849609375,46.5,46.400001525878906,71.0,80.30000305175781,0.0,0.4318250119686126,5885.0,47
2020-04-25 21:15:00-05:00,55.5,1510.8841552734375,46.5,46.400001525878906,71.0,80.30000305175781,0.0,0.4348447322845459,5874.0,47
2020-04-25 21:30:00-05:00,55.59999847412109,1510.031005859375,46.5,46.5,71.0,80.19999694824219,0.0,0.4284680187702179,5901.5,47
2020-04-25 21:45:00-05:00,55.5,1481.015869140625,46.5,46.59999847412109,71.0,80.19999694824219,0.0,0.4382127225399017,5885.0,47
2020-04-25 22:00:00-05:00,55.59999847412109,1493.4375,46.5,46.59999847412109,71.0,80.30000305175781,0.0,0.4365766942501068,5865.75,47
2020-04-25 22:15:00-05:00,55.59999847412109,1503.5625,46.5,46.59999847412109,71.0,80.19999694824219,0.0,0.4349669516086578,5879.5,47
2020-04-25 22:30:45-05:00,55.79999923706055,1524.900146484375,46.5,46.59999847412109,71.0,80.30000305175781,0.0,0.4315036535263061,5896.0,47
2020-04-25 22:45:00-05:00,55.70000076293945,1520.2691650390625,46.5,46.59999847412109,72.0,80.5,0.0,0.4420270025730133,5882.25,47
2020-04-25 23:00:00-05:00,55.79999923706055,1545.6002197265625,46.5,46.59999847412109,73.0,80.4000015258789,0.0,0.4347825348377228,5904.25,47
2020-04-25 23:15:00-05:00,55.79999923706055,1571.11865234375,46.5,46.5,74.0,80.69999694824219,0.0,0.4385410249233246,5896.0,47
2020-04-25 23:30:00-05:00,55.900001525878906,1551.6376953125,46.5,46.70000076293945,73.0,80.5999984741211,0.0,0.4408245682716369,5904.25,47
2020-04-25 23:45:00-05:00,55.900001525878906,1566.7598876953125,46.5,46.59999847412109,74.0,80.9000015258789,0.0,0.4423141181468963,5909.75,47
2020-04-26 00:00:00-05:00,56.0,1588.89404296875,46.5,46.59999847412109,75.0,81.0999984741211,0.0,0.4462223351001739,5896.0,47
2020-04-26 00:15:00-05:00,56.0,1646.765625,46.5,46.5,77.0,81.30000305175781,0.0,0.4451149404048919,5890.5,47
2020-04-26 00:30:00-05:00,56.0,1646.17529296875,46.5,46.59999847412109,78.0,81.5,0.0,0.449526846408844,5898.75,47
2020-04-26 00:45:00-05:00,56.0,1666.359375,46.5,46.5,77.0,81.30000305175781,0.0,0.4422815442085266,5901.5,47
2020-04-26 01:00:00-05:00,56.0,1660.125,46.5,46.5,77.0,81.30000305175781,0.0,0.4421353936195373,5904.25,47
2020-04-26 01:15:00-05:00,56.0,1635.600341796875,46.5,46.59999847412109,77.0,81.30000305175781,0.0,0.4481534957885742,5890.5,47
2020-04-26 01:30:00-05:00,56.0,1640.8878173828125,46.5,46.59999847412109,77.0,81.19999694824219,0.0,0.447318822145462,5920.75,47
2020-04-26 01:45:00-05:00,56.0,1631.278076171875,46.5,46.70000076293945,77.0,81.30000305175781,0.0,0.4511799812316894,5893.25,47
2020-04-26 02:00:00-05:00,56.29999923706055,1711.7998046875,46.5,46.70000076293945,79.0,81.5,0.0,0.4457297027111053,5907.0,47
2020-04-26 02:15:00-05:00,56.20000076293945,1704.6004638671875,46.5,46.59999847412109,79.0,81.5999984741211,0.0,0.4493721723556518,5904.25,47
2020-04-26 02:30:00-05:00,56.29999923706055,1724.1751708984375,46.5,46.59999847412109,79.0,81.69999694824219,0.0,0.4448503851890564,5907.0,47
2020-04-26 02:45:00-05:00,56.20000076293945,1712.700439453125,46.5,46.59999847412109,79.0,81.5999984741211,0.0,0.44841468334198,5912.5,47
2020-04-26 03:00:00-05:00,56.29999923706055,1722.3564453125,46.5,46.59999847412109,80.0,81.69999694824219,0.0,0.4511261284351349,5898.75,47
2020-04-26 03:15:00-05:00,56.20000076293945,1707.3004150390625,46.5,46.59999847412109,79.0,81.69999694824219,0.0,0.452761560678482,5909.75,47
2020-04-26 03:30:00-05:00,56.20000076293945,1701.9005126953125,46.5,46.59999847412109,80.0,81.69999694824219,0.0,0.4541981220245361,5915.25,47
2020-04-26 03:45:00-05:00,56.29999923706055,1720.5377197265625,46.5,46.59999847412109,80.0,81.80000305175781,0.0,0.4510217905044555,5920.75,47
2020-04-26 04:00:00-05:00,56.20000076293945,1710.5345458984375,46.5,46.5,80.0,81.80000305175781,0.0,0.4524901211261749,5901.5,47
2020-04-26 04:15:00-05:00,56.20000076293945,1692.00048828125,46.5,46.59999847412109,80.0,81.80000305175781,0.0,0.4574466645717621,5898.75,47
2020-04-26 04:30:00-05:00,56.20000076293945,1698.3004150390625,46.5,46.59999847412109,79.0,81.80000305175781,0.0,0.4533944725990295,5912.5,47
2020-04-26 04:45:00-05:00,56.20000076293945,1712.353271484375,46.5,46.5,79.0,81.80000305175781,0.0,0.4496735632419586,5904.25,47
2020-04-26 05:00:00-05:00,56.20000076293945,1698.3004150390625,46.5,46.59999847412109,79.0,81.80000305175781,0.0,0.4539832770824432,5909.75,47
2020-04-26 05:15:00-05:00,56.0,1670.850341796875,46.5,46.59999847412109,79.0,81.80000305175781,0.0,0.4542597234249115,5896.0,47
2020-04-26 05:30:00-05:00,56.20000076293945,1702.8004150390625,46.5,46.59999847412109,79.0,81.69999694824219,0.0,0.4474981427192688,5893.25,47
2020-04-26 05:45:00-05:00,56.09999847412109,1681.5,46.5,46.59999847412109,79.0,81.69999694824219,0.0,0.4513826966285705,5918.0,47
2020-04-26 06:00:00-05:00,56.09999847412109,1681.5,46.5,46.59999847412109,79.0,81.80000305175781,0.0,0.451977401971817,5907.0,47
2020-04-26 06:15:00-05:00,56.09999847412109,1679.71875,46.5,46.59999847412109,79.0,81.5999984741211,0.0,0.4506706893444061,5890.5,47
2020-04-26 06:30:00-05:00,56.0,1663.6875,46.5,46.5,78.0,81.5,0.0,0.4496036767959595,5890.5,47
2020-04-26 06:45:00-05:00,55.79999923706055,1620.8155517578125,46.5,46.5,76.0,81.30000305175781,0.0,0.4448377788066864,5901.5,47
2020-04-26 07:00:00-05:00,55.79999923706055,1629.430908203125,46.5,46.400001525878906,76.0,81.30000305175781,0.0,0.4443269073963165,5896.0,47
2020-04-26 07:15:00-05:00,55.70000076293945,1614.6002197265625,46.5,46.5,76.0,81.30000305175781,0.0,0.4446921348571777,5907.0,47
2020-04-26 07:30:00-05:00,55.5,1571.90625,46.5,46.5,75.0,81.0,0.0,0.4453191757202148,5896.0,47
2020-04-26 07:45:00-05:00,55.5,1571.4560546875,46.5,46.400001525878906,74.0,81.0,0.0,0.44417405128479,5887.75,47
2020-04-26 08:00:00-05:00,55.400001525878906,1550.26904296875,46.5,46.5,73.0,80.9000015258789,0.0,0.4392786026000976,5901.5,47
2020-04-26 08:15:00-05:00,55.29999923706055,1506.4595947265625,46.5,46.59999847412109,71.0,80.5999984741211,0.0,0.4381133019924164,5901.5,47
2020-04-26 08:30:00-05:00,55.09999847412109,1481.0810546875,46.5,46.5,71.0,80.5999984741211,0.0,0.4449452757835388,5885.0,47
2020-04-26 08:45:00-05:00,55.20000076293945,1487.53173828125,46.5,46.59999847412109,71.0,80.5,0.0,0.4376377165317535,5885.0,47
2020-04-26 09:00:00-05:00,55.09999847412109,1385.0623779296875,46.5,46.79999923706055,67.0,80.19999694824219,0.0,0.4259735941886902,5912.5,47
2020-04-26 09:15:00-05:00,55.400001525878906,1473.4505615234375,46.5,46.59999847412109,71.0,80.4000015258789,0.0,0.437069296836853,5904.25,47
2020-04-26 09:30:00-05:00,55.29999923706055,1474.27490234375,46.5,46.5,70.0,80.4000015258789,0.0,0.4341117143630981,5887.75,47
2020-04-26 09:45:00-05:00,55.29999923706055,1466.02490234375,46.5,46.5,70.0,80.30000305175781,0.0,0.4365546703338623,5907.0,47
2020-04-26 10:00:00-05:00,55.20000076293945,1456.1248779296875,46.5,46.400001525878906,70.0,80.30000305175781,0.0,0.4388359785079956,5904.25,47
2020-04-26 10:15:00-05:00,55.20000076293945,1383.506103515625,46.5,46.900001525878906,68.0,79.9000015258789,0.0,0.4127195477485657,5901.5,47
2020-04-26 10:30:00-05:00,55.20000076293945,1429.481689453125,46.5,46.59999847412109,68.0,80.0,0.0,0.4316249787807464,5898.75,47
2020-04-26 10:45:00-05:00,55.09999847412109,1416.5810546875,46.5,46.59999847412109,68.0,80.0,0.0,0.4320261180400848,5887.75,47
2020-04-26 11:00:00-05:00,55.0,1382.062744140625,46.5,46.59999847412109,68.0,79.9000015258789,0.0,0.4413692653179168,5898.75,47
2020-04-26 11:15:00-05:00,55.09999847412109,1363.453125,46.5,46.59999847412109,67.0,79.80000305175781,0.0,0.4415259957313537,5901.5,47
2020-04-26 11:30:00-05:00,55.29999923706055,1399.6126708984375,46.5,46.59999847412109,68.0,79.80000305175781,0.0,0.4286900460720062,5915.25,47
2020-04-26 11:45:00-05:00,55.09999847412109,1360.9498291015625,46.5,46.5,67.0,79.80000305175781,0.0,0.4416033327579498,5904.25,47
2020-04-26 12:00:00-05:00,55.09999847412109,1345.921875,46.5,46.59999847412109,67.0,79.9000015258789,0.0,0.442076176404953,5920.75,47
2020-04-26 12:15:00-05:00,55.20000076293945,1368.2066650390625,46.5,46.59999847412109,68.0,80.0,0.0,0.4392611384391784,5915.25,47
2020-04-26 12:30:00-05:00,55.20000076293945,1371.431640625,46.5,46.5,68.0,79.80000305175781,0.0,0.4320035576820373,5904.25,47
2020-04-26 12:45:00-05:00,55.20000076293945,1366.5941162109375,46.5,46.59999847412109,68.0,80.0999984741211,0.0,0.4419746696949005,5920.75,47
2020-04-26 13:00:00-05:00,55.400001525878906,1404.9755859375,46.5,46.59999847412109,68.0,80.0,0.0,0.4313242137432098,5901.5,47
2020-04-26 13:15:00-05:00,55.29999923706055,1408.27490234375,46.5,46.5,68.0,80.0,0.0,0.4402549564838409,5923.5,47
2020-04-26 13:30:00-05:00,55.20000076293945,1389.8251953125,46.5,46.5,68.0,80.0,0.0,0.4417821764945984,5907.0,47
2020-04-26 13:45:00-05:00,55.29999923706055,1389.009521484375,46.5,46.59999847412109,68.0,79.9000015258789,0.0,0.4348422288894653,5937.25,47
2020-04-26 14:00:00-05:00,55.20000076293945,1392.2720947265625,46.5,46.5,68.0,79.9000015258789,0.0,0.4331049919128418,5926.25,47
2020-04-26 14:15:00-05:00,55.20000076293945,1379.2220458984375,46.5,46.5,68.0,79.80000305175781,0.0,0.4350278377532959,5929.0,47
2020-04-26 14:30:00-05:00,55.09999847412109,1376.2685546875,46.5,46.5,67.0,79.69999694824219,0.0,0.4359614253044128,5942.75,47
2020-04-26 14:45:00-05:00,55.09999847412109,1361.0625,46.5,46.59999847412109,67.0,79.69999694824219,0.0,0.4298112690448761,5926.25,47
2020-04-26 15:00:00-05:00,55.29999923706055,1374.656005859375,46.5,46.70000076293945,67.0,79.69999694824219,0.0,0.4321081042289734,5918.0,47
2020-04-26 15:15:00-05:00,55.09999847412109,1351.5,46.5,46.59999847412109,67.0,79.69999694824219,0.0,0.4372918903827667,5937.25,47
2020-04-26 15:30:00-05:00,55.09999847412109,1364.25,46.5,46.59999847412109,67.0,79.5999984741211,0.0,0.433938056230545,5929.0,47
2020-04-26 15:45:00-05:00,55.09999847412109,1349.90625,46.5,46.59999847412109,67.0,79.69999694824219,0.0,0.4496608674526214,5931.75,47
2020-04-26 16:00:00-05:00,55.09999847412109,1371.4310302734375,46.5,46.5,67.0,79.69999694824219,0.0,0.4418742060661316,5915.25,47
2020-04-26 16:15:00-05:00,55.09999847412109,1372.2373046875,46.5,46.5,67.0,79.69999694824219,0.0,0.4335984587669372,5926.25,47
2020-04-26 16:30:00-05:00,55.09999847412109,1362.65625,46.5,46.59999847412109,67.0,79.69999694824219,0.0,0.4432519078254699,5931.75,47
2020-04-26 16:45:00-05:00,55.09999847412109,1362.65625,46.5,46.59999847412109,67.0,79.69999694824219,0.0,0.4344455897808075,5934.5,47
2020-04-26 17:00:00-05:00,55.09999847412109,1365.84375,46.5,46.59999847412109,67.0,79.5999984741211,0.0,0.4326995611190796,5929.0,47
2020-04-26 17:15:00-05:00,55.09999847412109,1361.756103515625,46.5,46.5,67.0,79.69999694824219,0.0,0.4295923411846161,5926.25,47
2020-04-26 17:30:00-05:00,55.0,1365.046875,46.5,46.5,67.0,79.5999984741211,0.0,0.4358824789524078,5909.75,47
2020-04-26 17:45:00-05:00,55.0,1370.250244140625,46.5,46.59999847412109,67.0,79.69999694824219,0.0,0.4291186928749084,5904.25,47
2020-04-26 18:00:00-05:00,55.0,1371.8343505859375,46.5,46.70000076293945,67.0,79.69999694824219,0.0,0.4366416335105896,5920.75,47
2020-04-26 18:15:00-05:00,55.09999847412109,1384.171875,46.5,46.59999847412109,67.0,79.69999694824219,0.0,0.4248027503490448,5915.25,47
2020-04-26 18:30:00-05:00,55.0,1372.61279296875,46.5,46.59999847412109,67.0,79.5,0.0,0.4342083930969238,5904.25,47
2020-04-26 18:45:00-05:00,55.0,1384.171875,46.5,46.5,67.0,79.5,0.0,0.4327497184276581,5915.25,47
2020-04-26 19:00:00-05:00,55.09999847412109,1394.53125,46.5,46.59999847412109,67.0,79.5999984741211,0.0,0.4352717101573944,5909.75,47
2020-04-26 19:15:04-05:00,55.09999847412109,1399.3125,46.5,46.59999847412109,68.0,79.69999694824219,0.0,0.4316405355930328,5909.75,47
2020-04-26 19:30:00-05:00,55.09999847412109,1388.15625,46.5,46.59999847412109,68.0,79.5999984741211,0.0,0.4365502893924713,5898.75,47
2020-04-26 19:45:00-05:00,55.20000076293945,1395.328125,46.5,46.70000076293945,68.0,79.5999984741211,0.0,0.4335897564888,5912.5,47
2020-04-26 20:00:00-05:00,55.0,1376.55029296875,46.5,46.59999847412109,68.0,79.5,0.0,0.4409573674201965,5904.25,47
2020-04-26 20:15:00-05:00,55.20000076293945,1398.515625,46.5,46.70000076293945,69.0,79.5999984741211,0.0,0.4454723298549652,5901.5,47
2020-04-26 20:30:00-05:00,55.20000076293945,1447.0499267578125,46.5,46.400001525878906,69.0,79.69999694824219,0.0,0.4319132268428802,5896.0,47
2020-04-26 20:45:00-05:00,55.29999923706055,1452.824951171875,46.5,46.5,69.0,79.80000305175781,0.0,0.4288197159767151,5901.5,47
2020-04-26 21:00:00-05:00,55.29999923706055,1440.449951171875,46.5,46.5,69.0,79.69999694824219,0.0,0.4338921904563904,5887.75,47
2020-04-26 21:15:00-05:00,55.29999923706055,1433.868896484375,46.5,46.59999847412109,68.0,79.69999694824219,0.0,0.4268172681331634,5898.75,47
2020-04-26 21:30:00-05:00,55.29999923706055,1414.2939453125,46.5,46.59999847412109,68.0,79.69999694824219,0.0,0.4334318339824676,5887.75,47
2020-04-26 21:45:00-05:00,55.400001525878906,1445.4005126953125,46.5,46.59999847412109,69.0,79.69999694824219,0.0,0.4303305447101593,5887.75,47
2020-04-26 22:00:00-05:00,55.400001525878906,1466.0255126953125,46.5,46.59999847412109,70.0,79.80000305175781,0.0,0.4270048439502716,5893.25,47
2020-04-26 22:15:00-05:00,55.400001525878906,1447.87548828125,46.5,46.59999847412109,70.0,79.80000305175781,0.0,0.4344296157360077,5893.25,47
2020-04-26 22:30:00-05:00,55.5,1467.6658935546875,46.5,46.59999847412109,70.0,79.80000305175781,0.0,0.4272089600563049,5890.5,47
2020-04-26 22:45:00-05:00,55.400001525878906,1447.050537109375,46.5,46.59999847412109,69.0,79.69999694824219,0.0,0.4339862167835235,5912.5,47
2020-04-26 23:00:00-05:00,55.59999847412109,1501.03125,46.5,46.59999847412109,70.0,79.80000305175781,0.0,0.4250411093235016,5887.75,47
2020-04-26 23:15:00-05:00,55.59999847412109,1494.28125,46.5,46.59999847412109,71.0,79.9000015258789,0.0,0.4289687871932983,5887.75,47
2020-04-26 23:30:00-05:00,55.59999847412109,1501.03125,46.5,46.59999847412109,71.0,79.9000015258789,0.0,0.4290383756160736,5896.0,47
2020-04-26 23:45:00-05:00,55.70000076293945,1534.3876953125,46.5,46.5,72.0,80.0999984741211,0.0,0.4320941865444183,5909.75,47
2020-04-27 00:00:00-05:00,55.70000076293945,1518.5628662109375,46.5,46.59999847412109,72.0,80.0999984741211,0.0,0.4352799654006958,5896.0,47
2020-04-27 00:15:00-05:00,55.70000076293945,1524.5347900390625,46.5,46.59999847412109,71.0,80.19999694824219,0.0,0.4335748851299286,5904.25,47
2020-04-27 00:30:00-05:00,55.79999923706055,1527.093505859375,46.5,46.70000076293945,73.0,80.5,0.0,0.4420161545276642,5893.25,47
2020-04-27 00:45:00-05:00,55.79999923706055,1560.6561279296875,46.5,46.5,73.0,80.5,0.0,0.4325104057788849,5909.75,47
2020-04-27 01:00:00-05:00,55.70000076293945,1570.6126708984375,46.5,46.5,75.0,80.5999984741211,0.0,0.4444125592708587,5915.25,47
2020-04-27 01:15:00-05:00,55.59999847412109,1564.6309814453125,46.5,46.5,74.0,80.5999984741211,0.0,0.4441941976547241,5907.0,47
2020-04-27 01:30:00-05:00,55.79999923706055,1589.4281005859375,46.5,46.5,75.0,80.5999984741211,0.0,0.4385225176811218,5926.25,47
2020-04-27 01:45:00-05:00,56.0,1625.0252685546875,46.5,46.59999847412109,75.0,80.9000015258789,0.0,0.4363009035587311,5920.75,47
2020-04-27 02:00:00-05:00,55.900001525878906,1609.4818115234375,46.5,46.59999847412109,75.0,80.80000305175781,0.0,0.4411357641220093,5915.25,47
2020-04-27 02:15:00-05:00,55.900001525878906,1632.95654296875,46.5,46.5,75.0,80.80000305175781,0.0,0.4341817796230316,5937.25,47
2020-04-27 02:30:00-05:00,55.70000076293945,1573.1629638671875,46.5,46.59999847412109,75.0,80.5999984741211,0.0,0.4525913894176483,5934.5,47
2020-04-27 02:45:00-05:00,55.79999923706055,1609.481201171875,46.5,46.5,75.0,80.5999984741211,0.0,0.4405146241188049,5929.0,47
2020-04-27 03:00:00-05:00,55.900001525878906,1581.6942138671875,46.5,46.79999923706055,73.0,80.80000305175781,0.0,0.428654283285141,5942.75,47
2020-04-27 03:15:00-05:00,55.900001525878906,1612.097412109375,46.5,46.59999847412109,75.0,80.9000015258789,0.0,0.4391794204711914,5912.5,47
2020-04-27 03:30:00-05:00,55.900001525878906,1605.1224365234375,46.5,46.59999847412109,76.0,80.80000305175781,0.0,0.4442028701305389,5923.5,47
2020-04-27 03:45:00-05:00,55.900001525878906,1605.1224365234375,46.5,46.59999847412109,75.0,80.9000015258789,0.0,0.4417108595371246,5923.5,47
2020-04-27 04:00:00-05:00,55.900001525878906,1607.738037109375,46.5,46.59999847412109,76.0,80.9000015258789,0.0,0.4434802234172821,5937.25,47
2020-04-27 04:15:00-05:00,55.79999923706055,1601.63427734375,46.5,46.5,75.0,80.9000015258789,0.0,0.4414241313934326,5926.25,47
2020-04-27 04:30:00-05:00,56.0,1631.194091796875,46.5,46.59999847412109,76.0,81.0,0.0,0.4358769953250885,5912.5,47
2020-04-27 04:45:00-05:00,55.900001525878906,1613.8411865234375,46.5,46.59999847412109,75.0,81.0,0.0,0.4399441480636596,5926.25,47
2020-04-27 05:00:00-05:00,56.0,1634.7191162109375,46.5,46.59999847412109,75.0,80.9000015258789,0.0,0.4343253672122955,5912.5,47
2020-04-27 05:15:00-05:00,55.900001525878906,1612.9693603515625,46.5,46.59999847412109,75.0,81.0,0.0,0.4395619630813598,5909.75,47
2020-04-27 05:30:00-05:00,55.79999923706055,1596.4876708984375,46.5,46.59999847412109,75.0,80.9000015258789,0.0,0.4440999031066894,5907.0,47
2020-04-27 05:45:00-05:00,55.79999923706055,1586.1376953125,46.5,46.59999847412109,75.0,80.9000015258789,0.0,0.4451063871383667,5909.75,47
2020-04-27 06:00:00-05:00,55.79999923706055,1605.99365234375,46.5,46.5,75.0,80.9000015258789,0.0,0.440848559141159,5920.75,47
2020-04-27 06:15:00-05:00,56.0,1608.6092529296875,46.5,46.70000076293945,75.0,81.0,0.0,0.4432400166988373,5912.5,47
2020-04-27 06:30:00-05:00,55.900001525878906,1603.378662109375,46.5,46.59999847412109,75.0,80.80000305175781,0.0,0.4409438669681549,5923.5,47
2020-04-27 06:45:00-05:00,55.70000076293945,1568.044189453125,46.5,46.59999847412109,72.0,80.69999694824219,0.0,0.426008403301239,5923.5,47
2020-04-27 07:00:00-05:00,55.70000076293945,1554.3935546875,46.5,46.5,74.0,80.69999694824219,0.0,0.4439030289649963,5920.75,47
2020-04-27 07:15:00-05:00,55.5,1531.912841796875,46.5,46.59999847412109,73.0,80.5,0.0,0.4399728178977966,5918.0,47
2020-04-27 07:30:00-05:00,55.400001525878906,1526.9066162109375,46.5,46.5,72.0,80.30000305175781,0.0,0.4361759722232818,5909.75,47
2020-04-27 07:45:00-05:00,55.400001525878906,1499.8505859375,46.5,46.59999847412109,71.0,80.19999694824219,0.0,0.4360434412956238,5918.0,47
2020-04-27 08:00:00-05:00,55.400001525878906,1535.2503662109375,46.5,46.5,71.0,80.19999694824219,0.0,0.4272918701171875,5918.0,47
2020-04-27 08:15:00-05:00,55.29999923706055,1500.6749267578125,46.5,46.5,71.0,80.0999984741211,0.0,0.4371366500854492,5912.5,47
2020-04-27 08:30:00-05:00,55.29999923706055,1498.199951171875,46.5,46.5,71.0,80.19999694824219,0.0,0.4358563721179962,5915.25,47
2020-04-27 08:45:00-05:00,55.09999847412109,1465.7623291015625,46.5,46.5,70.0,79.9000015258789,0.0,0.4339039027690887,5915.25,47
2020-04-27 09:00:00-05:00,55.09999847412109,1390.50927734375,46.5,46.79999923706055,69.0,79.69999694824219,0.0,0.4451606273651123,5896.0,47
2020-04-27 09:15:00-05:00,55.29999923706055,1442.025146484375,46.5,46.59999847412109,69.0,79.80000305175781,0.0,0.4292574226856231,5909.75,47
2020-04-27 09:30:00-05:00,55.20000076293945,1434.6845703125,46.5,46.5,69.0,79.80000305175781,0.0,0.4328477680683136,5915.25,47
2020-04-27 09:45:00-05:00,55.09999847412109,1433.5123291015625,46.5,46.5,68.0,79.69999694824219,0.0,0.4332017302513122,5929.0,47
2020-04-27 10:00:00-05:00,55.09999847412109,1412.0625,46.5,46.59999847412109,68.0,79.69999694824219,0.0,0.4298676550388336,5912.5,47
2020-04-27 10:15:00-05:00,55.09999847412109,1404.890625,46.5,46.59999847412109,68.0,79.69999694824219,0.0,0.4306384921073913,5923.5,47
2020-04-27 10:30:00-05:00,55.0,1399.3125,46.5,46.5,68.0,79.5999984741211,0.0,0.4330698251724243,5909.75,47
2020-04-27 10:45:00-05:00,55.0,1361.7186279296875,46.5,46.70000076293945,65.0,79.19999694824219,0.0,0.4185886681079864,5931.75,47
2020-04-27 11:00:00-05:00,55.09999847412109,1405.2935791015625,46.5,46.5,67.0,79.5,0.0,0.4248222708702087,5915.25,47
2020-04-27 11:15:00-05:00,54.900001525878906,1357.82861328125,46.5,46.59999847412109,67.0,79.4000015258789,0.0,0.4418819844722748,5931.75,47
2020-04-27 11:30:00-05:00,54.79999923706055,1363.27490234375,46.5,46.5,67.0,79.30000305175781,0.0,0.4063743948936462,5923.5,47
2020-04-27 11:45:00-05:00,54.70000076293945,1358.606201171875,46.5,46.400001525878906,67.0,79.30000305175781,0.0,0.4548779428005218,5920.75,47
2020-04-27 12:00:00-05:00,54.79999923706055,1319.9439697265625,46.5,46.59999847412109,65.0,79.0999984741211,0.0,0.4250180423259735,5934.5,47
2020-04-27 12:15:03-05:00,55.0,1350.562744140625,46.5,46.59999847412109,67.0,79.30000305175781,0.0,0.4338932037353515,5896.0,47
2020-04-27 12:30:00-05:00,55.0,1345.05029296875,46.5,46.59999847412109,66.0,79.19999694824219,0.0,0.429723709821701,5923.5,47
2020-04-27 12:45:00-05:00,55.0,1345.05029296875,46.5,46.59999847412109,66.0,79.30000305175781,0.0,0.4319541156291961,5912.5,47
2020-04-27 13:00:00-05:00,55.0,1345.8377685546875,46.5,46.59999847412109,66.0,79.4000015258789,0.0,0.4339304566383362,5934.5,47
2020-04-27 13:15:00-05:00,55.0,1342.687744140625,46.5,46.59999847412109,66.0,79.4000015258789,0.0,0.4356932640075683,5937.25,47
2020-04-27 13:30:00-05:00,55.0,1349.7752685546875,46.5,46.59999847412109,66.0,79.30000305175781,0.0,0.4319237470626831,5926.25,47
2020-04-27 13:45:00-05:00,55.0,1333.23779296875,46.5,46.59999847412109,66.0,79.4000015258789,0.0,0.4350311756134033,5934.5,47
2020-04-27 14:00:00-05:00,54.900001525878906,1348.2003173828125,46.5,46.5,66.0,79.30000305175781,0.0,0.4309448599815368,5915.25,47
2020-04-27 14:15:00-05:00,55.0,1345.8377685546875,46.5,46.59999847412109,66.0,79.19999694824219,0.0,0.4317013621330261,5951.0,47
2020-04-27 14:30:00-05:00,55.0,1346.625244140625,46.5,46.59999847412109,66.0,79.30000305175781,0.0,0.4321915209293365,5934.5,47
2020-04-27 14:45:00-05:00,55.0,1313.7939453125,46.5,46.79999923706055,66.0,79.0999984741211,0.0,0.4399472177028656,5942.75,47
2020-04-27 15:00:00-05:00,54.900001525878906,1324.3692626953125,46.5,46.59999847412109,65.0,79.19999694824219,0.0,0.4341689348220825,5959.25,47
2020-04-27 15:15:00-05:00,54.900001525878906,1340.7099609375,46.5,46.59999847412109,66.0,79.19999694824219,0.0,0.4311148822307586,5931.75,47
2020-04-27 15:30:00-05:00,54.900001525878906,1334.48486328125,46.5,46.59999847412109,66.0,79.19999694824219,0.0,0.4331259429454803,5948.25,47
2020-04-27 15:45:00-05:00,54.79999923706055,1322.0343017578125,46.5,46.5,66.0,79.19999694824219,0.0,0.432666540145874,5948.25,47
2020-04-27 16:00:00-05:00,54.900001525878906,1334.812744140625,46.5,46.5,65.0,79.19999694824219,0.0,0.4307720363140106,5923.5,47
2020-04-27 16:15:00-05:00,55.0,1335.600341796875,46.5,46.59999847412109,66.0,79.0999984741211,0.0,0.4335129261016845,5945.5,47
2020-04-27 16:30:00-05:00,55.0,1334.812744140625,46.5,46.59999847412109,65.0,79.0999984741211,0.0,0.4352670311927795,5956.5,47
2020-04-27 16:45:00-05:00,54.79999923706055,1332.14990234375,46.5,46.5,65.0,79.0999984741211,0.0,0.4293811023235321,5948.25,47
2020-04-27 17:00:00-05:00,55.0,1362.65625,46.5,46.5,65.0,79.0999984741211,0.0,0.4212360978126526,5953.75,47
2020-04-27 17:15:00-05:00,54.79999923706055,1330.5936279296875,46.5,46.5,65.0,79.0999984741211,0.0,0.4276286959648132,5953.75,47
2020-04-27 17:30:00-05:00,54.79999923706055,1321.2562255859375,46.5,46.5,65.0,79.0,0.0,0.4329213201999664,5948.25,47
2020-04-27 17:45:00-05:00,54.79999923706055,1335.262451171875,46.5,46.5,65.0,78.9000015258789,0.0,0.4291291236877441,5942.75,47
2020-04-27 18:00:00-05:00,54.79999923706055,1327.481201171875,46.5,46.5,65.0,79.0,0.0,0.4301379323005676,5948.25,47
2020-04-27 18:15:00-05:00,54.79999923706055,1338.7496337890625,46.5,46.400001525878906,65.0,78.9000015258789,0.0,0.4257704317569732,5942.75,47
2020-04-27 18:30:00-05:00,54.79999923706055,1332.14990234375,46.5,46.5,65.0,78.9000015258789,0.0,0.4293811023235321,5942.75,47
2020-04-27 18:45:00-05:00,54.79999923706055,1342.6871337890625,46.5,46.400001525878906,65.0,78.80000305175781,0.0,0.4267561435699463,5937.25,47
2020-04-27 19:00:00-05:00,54.79999923706055,1330.5936279296875,46.5,46.5,65.0,78.80000305175781,0.0,0.4298833012580871,5945.5,47
2020-04-27 19:15:00-05:00,54.900001525878906,1346.625244140625,46.5,46.5,65.0,78.69999694824219,0.0,0.4262507259845733,5929.0,47
2020-04-27 19:30:00-05:00,55.0,1351.5,46.5,46.5,65.0,78.80000305175781,0.0,0.4239733517169952,5915.25,47
2020-04-27 19:45:00-05:00,55.0,1341.9002685546875,46.5,46.59999847412109,65.0,78.80000305175781,0.0,0.4277516007423401,5931.75,47
2020-04-27 20:00:00-05:00,55.0,1367.100341796875,46.5,46.59999847412109,66.0,78.80000305175781,0.0,0.4220612049102783,5945.5,47
2020-04-27 20:15:00-05:00,55.09999847412109,1366.640625,46.5,46.59999847412109,67.0,79.0,0.0,0.4287886619567871,5918.0,47
2020-04-27 20:30:00-05:00,55.20000076293945,1384.3316650390625,46.5,46.59999847412109,67.0,79.0999984741211,0.0,0.4550932645797729,5931.75,47
2020-04-27 20:45:00-05:00,55.29999923706055,1363.162109375,46.5,46.900001525878906,66.0,78.80000305175781,0.0,0.4240141212940216,5942.75,47
2020-04-27 21:00:00-05:00,55.20000076293945,1400.4283447265625,46.5,46.5,67.0,79.0999984741211,0.0,0.4348669350147247,5931.75,47
2020-04-27 21:15:37-05:00,55.09999847412109,1375.40625,46.5,46.59999847412109,67.0,79.0,0.0,0.4340535700321197,5934.5,47
2020-04-27 21:30:00-05:00,55.20000076293945,1409.400146484375,46.5,46.5,67.0,79.0999984741211,0.0,0.3909464478492737,5923.5,47
2020-04-27 21:45:00-05:00,55.29999923706055,1407.7689208984375,46.5,46.59999847412109,67.0,79.0999984741211,0.0,0.4226545989513397,5937.25,47
2020-04-27 22:00:00-05:00,55.29999923706055,1402.0595703125,46.5,46.59999847412109,67.0,79.0999984741211,0.0,0.4357874691486358,5945.5,47
2020-04-27 22:15:00-05:00,55.400001525878906,1427.25048828125,46.5,46.59999847412109,68.0,79.19999694824219,0.0,0.4154841899871826,5931.75,47
2020-04-27 22:30:00-05:00,55.400001525878906,1411.0313720703125,46.5,46.70000076293945,68.0,79.19999694824219,0.0,0.4202599823474884,5934.5,47
2020-04-27 22:45:00-05:00,55.400001525878906,1414.87548828125,46.5,46.59999847412109,68.0,79.19999694824219,0.0,0.4304265677928924,5926.25,47
2020-04-27 23:00:00-05:00,55.5,1455.984619140625,46.5,46.59999847412109,68.0,79.4000015258789,0.0,0.4223945736885071,5929.0,47
2020-04-27 23:15:00-05:00,55.400001525878906,1456.12548828125,46.5,46.59999847412109,69.0,79.4000015258789,0.0,0.425100713968277,5926.25,47
2020-04-27 23:30:00-05:00,55.5,1471.8377685546875,46.5,46.59999847412109,70.0,79.5999984741211,0.0,0.4287157356739044,5940.0,47
2020-04-27 23:45:00-05:00,55.5,1460.2498779296875,46.5,46.70000076293945,70.0,79.5999984741211,0.0,0.4314330220222473,5918.0,47
2020-04-28 00:00:00-05:00,55.59999847412109,1511.052734375,46.5,46.70000076293945,71.0,79.69999694824219,0.0,0.4275165200233459,5948.25,47
2020-04-28 00:15:00-05:00,55.5,1525.5,46.5,46.5,71.0,79.80000305175781,0.0,0.428056389093399,5953.75,47
2020-04-28 00:30:00-05:00,55.5,1503.5440673828125,46.5,46.59999847412109,71.0,79.80000305175781,0.0,0.4336420893669128,5931.75,47
2020-04-28 00:45:00-05:00,55.70000076293945,1549.275390625,46.5,46.59999847412109,71.0,80.0,0.0,0.4253601431846618,5929.0,47
2020-04-28 01:00:00-05:00,55.70000076293945,1546.716064453125,46.5,46.59999847412109,72.0,80.0999984741211,0.0,0.4286501109600067,5948.25,47
2020-04-28 01:15:00-05:00,55.70000076293945,1555.247314453125,46.5,46.59999847412109,72.0,80.0999984741211,0.0,0.4282277226448059,5931.75,47
2020-04-28 01:30:00-05:00,55.59999847412109,1532.25,46.5,46.59999847412109,72.0,80.0999984741211,0.0,0.4359602034091949,5923.5,47
2020-04-28 01:45:00-05:00,55.900001525878906,1574.9251708984375,46.5,46.59999847412109,73.0,80.30000305175781,0.0,0.4298616945743561,5942.75,47
2020-04-28 02:00:00-05:00,55.79999923706055,1593.0377197265625,46.5,46.59999847412109,74.0,80.4000015258789,0.0,0.4350179433822632,5926.25,47
2020-04-28 02:15:00-05:00,56.0,1616.4561767578125,46.5,46.70000076293945,75.0,80.30000305175781,0.0,0.4379951655864715,5926.25,47
2020-04-28 02:30:00-05:00,56.0,1646.765625,46.5,46.5,76.0,80.5,0.0,0.4323626756668091,5956.5,47
2020-04-28 02:45:00-05:00,56.0,1642.6502685546875,46.5,46.59999847412109,76.0,80.4000015258789,0.0,0.4340546429157257,5945.5,47
2020-04-28 03:00:00-05:00,56.0,1639.1253662109375,46.5,46.59999847412109,76.0,80.5999984741211,0.0,0.4343779981136322,5937.25,47
2020-04-28 03:15:00-05:00,56.0,1706.100341796875,46.5,46.59999847412109,78.0,80.9000015258789,0.0,0.4413574039936065,5942.75,47
2020-04-28 03:30:00-05:00,56.0,1700.8128662109375,46.5,46.59999847412109,79.0,81.0,0.0,0.4433174431324005,5964.75,47
2020-04-28 03:45:00-05:00,55.79999923706055,1694.052978515625,46.5,46.5,78.0,80.9000015258789,0.0,0.4421349465847015,5962.0,47
2020-04-28 04:00:00-05:00,56.0,1697.287841796875,46.5,46.59999847412109,78.0,81.0,0.0,0.4418814480304718,5945.5,47
2020-04-28 04:15:00-05:00,55.900001525878906,1685.3349609375,46.5,46.59999847412109,79.0,81.0,0.0,0.4479821622371673,5970.25,47
2020-04-28 04:30:00-05:00,56.0,1709.6253662109375,46.5,46.59999847412109,79.0,81.0,0.0,0.4416172206401825,5964.75,47
2020-04-28 04:45:00-05:00,56.0,1706.9815673828125,46.5,46.59999847412109,78.0,81.0,0.0,0.4417153596878052,5945.5,47
2020-04-28 05:00:00-05:00,56.0,1724.25,46.5,46.5,79.0,81.0,0.0,0.4384514987468719,5953.75,47
2020-04-28 05:15:00-05:00,55.900001525878906,1705.2191162109375,46.5,46.5,79.0,81.0,0.0,0.4427583515644073,5962.0,47
2020-04-28 05:30:00-05:00,55.900001525878906,1701.694091796875,46.5,46.5,78.0,81.0,0.0,0.4419125616550445,5945.5,47
2020-04-28 05:45:00-05:00,56.0,1701.694091796875,46.5,46.59999847412109,78.0,81.0,0.0,0.4407372772693634,5967.5,47
2020-04-28 06:00:00-05:00,55.79999923706055,1687.0780029296875,46.5,46.5,78.0,80.9000015258789,0.0,0.4439628720283508,5964.75,47
2020-04-28 06:15:00-05:00,56.09999847412109,1712.671875,46.5,46.59999847412109,79.0,81.19999694824219,0.0,0.4408316612243652,5956.5,47
2020-04-28 06:30:00-05:00,55.79999923706055,1695.524658203125,46.5,46.400001525878906,78.0,81.0,0.0,0.4399818181991577,5962.0,47
2020-04-28 06:45:00-05:00,55.79999923706055,1662.0377197265625,46.5,46.59999847412109,77.0,80.9000015258789,0.0,0.4404232203960418,5959.25,47
2020-04-28 07:00:00-05:00,55.59999847412109,1638.8529052734375,46.5,46.5,76.0,80.80000305175781,0.0,0.4436029493808746,5937.25,47
2020-04-28 07:15:00-05:00,55.5,1627.59375,46.5,46.5,76.0,80.69999694824219,0.0,0.4399132132530212,5973.0,47
2020-04-28 07:30:00-05:00,55.5,1630.3216552734375,46.5,46.400001525878906,75.0,80.69999694824219,0.0,0.4385637640953064,5951.0,47
2020-04-28 07:45:00-05:00,55.400001525878906,1595.5506591796875,46.5,46.59999847412109,75.0,80.4000015258789,0.0,0.4393467605113983,5959.25,47
2020-04-28 08:00:00-05:00,55.29999923706055,1574.099853515625,46.5,46.5,74.0,80.4000015258789,0.0,0.4389810562133789,5956.5,47
2020-04-28 08:15:00-05:00,55.20000076293945,1550.5032958984375,46.5,46.5,73.0,80.30000305175781,0.0,0.437922328710556,5942.75,47
2020-04-28 08:30:00-05:00,55.09999847412109,1553.76513671875,46.5,46.400001525878906,73.0,80.30000305175781,0.0,0.4337849915027618,5951.0,47
2020-04-28 08:45:00-05:00,55.0,1524.6185302734375,46.5,46.400001525878906,71.0,80.0999984741211,0.0,0.4309274554252624,5951.0,47
2020-04-28 09:00:00-05:00,55.0,1464.65625,46.5,46.5,70.0,79.9000015258789,0.0,0.4342315793037414,5953.75,47
2020-04-28 09:15:00-05:00,55.09999847412109,1479.796875,46.5,46.59999847412109,70.0,79.9000015258789,0.0,0.4284371733665466,5953.75,47
2020-04-28 09:30:00-05:00,55.29999923706055,1485.9185791015625,46.5,46.70000076293945,70.0,79.9000015258789,0.0,0.4334019422531128,5956.5,47
2020-04-28 09:45:00-05:00,55.20000076293945,1463.0625,46.5,46.70000076293945,70.0,79.69999694824219,0.0,0.4306036233901977,5937.25,47
2020-04-28 10:00:00-05:00,55.09999847412109,1455.09375,46.5,46.59999847412109,70.0,79.69999694824219,0.0,0.4309000670909881,5942.75,47
2020-04-28 10:15:00-05:00,55.09999847412109,1451.109375,46.5,46.59999847412109,69.0,79.69999694824219,0.0,0.4307049512863159,5964.75,47
2020-04-28 10:30:00-05:00,54.900001525878906,1437.187744140625,46.5,46.5,68.0,79.5,0.0,0.4300064444541931,5970.25,47
2020-04-28 10:45:00-05:00,55.0,1383.5810546875,46.5,46.900001525878906,68.0,79.30000305175781,0.0,0.4444987177848816,5959.25,47
2020-04-28 11:00:00-05:00,54.900001525878906,1417.500244140625,46.5,46.5,68.0,79.30000305175781,0.0,0.4345678389072418,5942.75,47
2020-04-28 11:15:00-05:00,54.900001525878906,1420.6502685546875,46.5,46.5,68.0,79.4000015258789,0.0,0.4307886362075805,5948.25,47
2020-04-28 11:30:00-05:00,54.79999923706055,1386.8251953125,46.5,46.59999847412109,67.0,79.30000305175781,0.0,0.4239899814128876,5956.5,47
2020-04-28 11:45:00-05:00,54.79999923706055,1401.431396484375,46.5,46.59999847412109,68.0,79.30000305175781,0.0,0.4388370215892792,5953.75,47
2020-04-28 12:00:00-05:00,54.79999923706055,1398.3564453125,46.5,46.59999847412109,67.0,79.0999984741211,0.0,0.4183482825756073,5942.75,47
2020-04-28 12:15:00-05:00,54.79999923706055,1360.5,46.5,46.79999923706055,67.0,79.19999694824219,0.0,0.4395442903041839,5964.75,47
2020-04-28 12:30:00-05:00,54.79999923706055,1405.293701171875,46.5,46.5,68.0,79.30000305175781,0.0,0.4269570112228393,5975.75,47
2020-04-28 12:45:00-05:00,54.79999923706055,1419.8621826171875,46.5,46.400001525878906,68.0,79.30000305175781,0.0,0.421871930360794,5962.0,47
2020-04-28 13:00:00-05:00,54.70000076293945,1379.9063720703125,46.5,46.5,68.0,79.30000305175781,0.0,0.4384355545043945,5962.0,47
2020-04-28 13:15:00-05:00,54.900001525878906,1387.3974609375,46.5,46.59999847412109,67.0,79.0999984741211,0.0,0.4050749838352203,5962.0,47
2020-04-28 13:30:00-05:00,54.900001525878906,1375.7255859375,46.5,46.59999847412109,67.0,79.0999984741211,0.0,0.4252301454544067,5962.0,47
2020-04-28 13:45:00-05:00,54.900001525878906,1381.17236328125,46.5,46.59999847412109,67.0,79.30000305175781,0.0,0.3974884152412414,5967.5,47
2020-04-28 14:00:00-05:00,55.0,1384.42529296875,46.5,46.59999847412109,67.0,79.30000305175781,0.0,0.4203910529613495,5951.0,47
2020-04-28 14:15:37-05:00,55.0,1372.61279296875,46.5,46.59999847412109,67.0,79.30000305175781,0.0,0.4538789093494415,5964.75,47
2020-04-28 14:30:00-05:00,54.900001525878906,1364.0537109375,46.5,46.59999847412109,67.0,79.30000305175781,0.0,0.4112741351127624,5962.0,47
2020-04-28 14:45:00-05:00,54.900001525878906,1373.39111328125,46.5,46.59999847412109,67.0,79.19999694824219,0.0,0.4084779620170593,5964.75,47
2020-04-28 15:00:00-05:00,55.0,1408.078125,46.5,46.5,67.0,79.0999984741211,0.0,0.4360553622245788,5964.75,47
2020-04-28 15:15:00-05:00,55.0,1406.484375,46.5,46.5,67.0,79.0999984741211,0.0,0.4457923769950866,5956.5,47
2020-04-28 15:30:00-05:00,55.0,1377.3377685546875,46.5,46.59999847412109,67.0,79.19999694824219,0.0,0.4305407106876373,5956.5,47
2020-04-28 15:45:00-05:00,55.0,1375.7628173828125,46.5,46.59999847412109,67.0,79.0999984741211,0.0,0.4273992478847503,5951.0,47
2020-04-28 16:00:00-05:00,54.79999923706055,1370.278076171875,46.5,46.5,67.0,79.0999984741211,0.0,0.4298397600650787,5964.75,47
2020-04-28 16:15:00-05:00,54.79999923706055,1358.606201171875,46.5,46.5,67.0,79.0,0.0,0.4305883347988128,5970.25,47
2020-04-28 16:30:00-05:00,54.79999923706055,1356.2718505859375,46.5,46.5,66.0,79.0,0.0,0.4276428818702698,5975.75,47
2020-04-28 16:45:00-05:00,54.900001525878906,1353.93798828125,46.5,46.59999847412109,66.0,79.0,0.0,0.4305957853794098,5984.0,47
2020-04-28 17:00:00-05:00,55.0,1395.328125,46.5,46.5,67.0,79.0,0.0,0.4199728965759277,5956.5,47
2020-04-28 17:15:00-05:00,54.79999923706055,1363.27490234375,46.5,46.5,66.0,79.0,0.0,0.4298472702503204,5975.75,47
2020-04-28 17:30:00-05:00,54.900001525878906,1364.0537109375,46.5,46.59999847412109,67.0,78.9000015258789,0.0,0.4310680627822876,5992.25,47
2020-04-28 17:45:00-05:00,55.0,1383.6378173828125,46.5,46.59999847412109,67.0,79.0,0.0,0.4220757782459259,5975.75,47
2020-04-28 18:00:00-05:00,55.0,1389.937744140625,46.5,46.59999847412109,67.0,79.0,0.0,0.4230405390262604,5981.25,47
2020-04-28 18:15:00-05:00,55.0,1393.875244140625,46.5,46.59999847412109,67.0,78.80000305175781,0.0,0.4225629270076751,5967.5,47
2020-04-28 18:30:00-05:00,54.900001525878906,1374.1693115234375,46.5,46.59999847412109,67.0,78.9000015258789,0.0,0.4293502867221832,5967.5,47
2020-04-28 18:45:00-05:00,55.0,1397.0252685546875,46.5,46.59999847412109,67.0,78.9000015258789,0.0,0.4237575531005859,5986.75,47
2020-04-28 19:00:00-05:00,54.900001525878906,1374.1693115234375,46.5,46.59999847412109,67.0,78.9000015258789,0.0,0.4264394342899322,5970.25,47
2020-04-28 19:15:00-05:00,55.0,1395.4503173828125,46.5,46.59999847412109,68.0,78.80000305175781,0.0,0.4314019680023193,5975.75,47
2020-04-28 19:30:00-05:00,55.09999847412109,1418.4375,46.5,46.59999847412109,68.0,79.0999984741211,0.0,0.4286406636238098,5975.75,47
2020-04-28 19:45:00-05:00,55.09999847412109,1416.046875,46.5,46.59999847412109,68.0,78.9000015258789,0.0,0.4223023951053619,5981.25,47
2020-04-28 20:00:00-05:00,55.20000076293945,1441.575439453125,46.5,46.59999847412109,68.0,79.0,0.0,0.4231481552124023,5984.0,47
2020-04-28 20:15:00-05:00,55.20000076293945,1463.2314453125,46.5,46.59999847412109,68.0,79.0,0.0,0.4196192026138305,5967.5,47
2020-04-28 20:30:00-05:00,55.29999923706055,1439.9622802734375,46.5,46.70000076293945,68.0,79.0,0.0,0.4291779100894928,5986.75,47
2020-04-28 20:45:00-05:00,55.29999923706055,1470.9749755859375,46.5,46.5,69.0,79.0999984741211,0.0,0.4235286116600036,5981.25,47
2020-04-28 21:00:00-05:00,55.400001525878906,1462.7255859375,46.5,46.59999847412109,69.0,79.0999984741211,0.0,0.4272845089435577,5964.75,47
2020-04-28 21:15:00-05:00,55.5,1482.6846923828125,46.5,46.59999847412109,69.0,79.0999984741211,0.0,0.4208582043647766,5962.0,47
2020-04-28 21:30:00-05:00,55.400001525878906,1470.1505126953125,46.5,46.59999847412109,70.0,79.0,0.0,0.4264869391918182,5959.25,47
2020-04-28 21:45:00-05:00,55.5,1482.6846923828125,46.5,46.59999847412109,69.0,79.0999984741211,0.0,0.4235559999942779,5989.5,47
2020-04-28 22:00:00-05:00,55.5,1508.625,46.5,46.5,70.0,79.30000305175781,0.0,0.4229016602039337,5989.5,47
2020-04-28 22:15:00-05:00,55.5,1493.531494140625,46.5,46.59999847412109,70.0,79.19999694824219,0.0,0.4224885702133178,5989.5,47
2020-04-28 22:30:00-05:00,55.59999847412109,1497.7027587890625,46.5,46.70000076293945,70.0,79.30000305175781,0.0,0.4206442236900329,5973.0,47
2020-04-28 22:45:00-05:00,55.5,1511.8878173828125,46.5,46.59999847412109,71.0,79.5,0.0,0.4279417991638183,5981.25,47
2020-04-28 23:00:00-05:00,55.79999923706055,1560.2626953125,46.5,46.59999847412109,71.0,79.5999984741211,0.0,0.419801115989685,5973.0,47
2020-04-28 23:15:00-05:00,55.79999923706055,1569.7501220703125,46.5,46.59999847412109,71.0,79.5,0.0,0.4185379445552826,5970.25,47
2020-04-28 23:30:00-05:00,55.70000076293945,1559.512939453125,46.5,46.59999847412109,72.0,79.5999984741211,0.0,0.4244914948940277,5967.5,47
2020-04-28 23:45:00-05:00,55.900001525878906,1592.0443115234375,46.5,46.59999847412109,73.0,79.80000305175781,0.0,0.4264956712722778,5964.75,47
2020-04-29 00:00:00-05:00,55.79999923706055,1603.3876953125,46.5,46.59999847412109,75.0,80.0,0.0,0.4328335523605346,5967.5,47
2020-04-29 00:15:00-05:00,55.79999923706055,1601.6627197265625,46.5,46.59999847412109,74.0,80.0,0.0,0.4326753616333008,5975.75,47
2020-04-29 00:30:00-05:00,55.79999923706055,1629.2626953125,46.5,46.59999847412109,75.0,80.0,0.0,0.4265733361244201,5981.25,47
2020-04-29 00:45:00-05:00,55.900001525878906,1630.125244140625,46.5,46.70000076293945,75.0,80.0,0.0,0.4294148683547973,5975.75,47
2020-04-29 01:00:00-05:00,56.0,1667.3253173828125,46.5,46.59999847412109,76.0,80.0,0.0,0.4318293333053589,5970.25,47
2020-04-29 01:15:00-05:00,56.0,1652.3441162109375,46.5,46.59999847412109,76.0,80.19999694824219,0.0,0.4375602006912231,5973.0,47
2020-04-29 01:30:00-05:00,56.09999847412109,1695.75,46.5,46.59999847412109,77.0,80.30000305175781,0.0,0.4293085634708404,5964.75,47
2020-04-29 01:45:00-05:00,56.0,1686.7127685546875,46.5,46.59999847412109,76.0,80.30000305175781,0.0,0.4298301339149475,5984.0,47
2020-04-29 02:00:00-05:00,56.09999847412109,1713.5625,46.5,46.59999847412109,78.0,80.30000305175781,0.0,0.4300981163978576,5981.25,47
2020-04-29 02:15:00-05:00,56.20000076293945,1694.859375,46.5,46.70000076293945,78.0,80.4000015258789,0.0,0.4395644962787628,5986.75,47
2020-04-29 02:30:00-05:00,56.29999923706055,1723.265869140625,46.5,46.59999847412109,79.0,80.69999694824219,0.0,0.4387018978595733,5967.5,47
2020-04-29 02:45:00-05:00,56.20000076293945,1722.6004638671875,46.5,46.59999847412109,79.0,80.69999694824219,0.0,0.4417739510536194,5986.75,47
2020-04-29 03:00:00-05:00,56.29999923706055,1747.7998046875,46.5,46.70000076293945,81.0,80.80000305175781,0.0,0.4445589184761047,5989.5,47
2020-04-29 03:15:00-05:00,56.29999923706055,1749.5997314453125,46.5,46.70000076293945,80.0,80.80000305175781,0.0,0.4412437677383423,5970.25,47
2020-04-29 03:30:00-05:00,56.29999923706055,1755.093994140625,46.5,46.59999847412109,79.0,80.80000305175781,0.0,0.4370136260986328,5984.0,47
2020-04-29 03:45:00-05:00,56.20000076293945,1734.3004150390625,46.5,46.59999847412109,79.0,80.69999694824219,0.0,0.4416766464710235,5984.0,47
2020-04-29 04:00:00-05:00,56.09999847412109,1727.8125,46.5,46.59999847412109,79.0,80.9000015258789,0.0,0.4444926679134369,5978.5,47
2020-04-29 04:15:00-05:00,56.09999847412109,1747.7998046875,46.5,46.5,79.0,81.0,0.0,0.4394095838069916,5981.25,47
2020-04-29 04:30:00-05:00,56.20000076293945,1740.6004638671875,46.5,46.59999847412109,80.0,81.0,0.0,0.4423760771751404,5992.25,47
2020-04-29 04:45:00-05:00,56.29999923706055,1748.728271484375,46.5,46.59999847412109,80.0,81.0,0.0,0.4403199851512909,5986.75,47
2020-04-29 05:00:00-05:00,56.400001525878906,1774.1068115234375,46.5,46.59999847412109,82.0,81.30000305175781,0.0,0.4520584642887115,6008.75,47
2020-04-29 05:15:00-05:00,56.09999847412109,1723.359375,46.5,46.59999847412109,80.0,81.0,0.0,0.449122816324234,5989.5,47
2020-04-29 05:30:00-05:00,56.29999923706055,1769.6439208984375,46.5,46.59999847412109,79.0,81.0,0.0,0.435115784406662,6008.75,47
2020-04-29 05:45:00-05:00,56.09999847412109,1736.0997314453125,46.5,46.5,79.0,81.0,0.0,0.4417949020862579,5981.25,47
2020-04-29 06:00:00-05:00,56.09999847412109,1714.453125,46.5,46.59999847412109,79.0,81.0,0.0,0.4473729729652405,5989.5,47
2020-04-29 06:15:00-05:00,56.29999923706055,1743.2720947265625,46.5,46.59999847412109,80.0,81.0999984741211,0.0,0.4445662796497345,5992.25,47
2020-04-29 06:30:00-05:00,56.09999847412109,1729.7998046875,46.5,46.5,79.0,81.0999984741211,0.0,0.4422477185726166,6014.25,47
2020-04-29 06:45:00-05:00,56.20000076293945,1730.700439453125,46.5,46.59999847412109,80.0,81.19999694824219,0.0,0.4460621774196625,5981.25,47
2020-04-29 07:00:00-05:00,56.20000076293945,1733.4005126953125,46.5,46.59999847412109,80.0,81.0999984741211,0.0,0.4459442496299743,5997.75,47
2020-04-29 07:15:00-05:00,56.0,1736.999755859375,46.5,46.400001525878906,79.0,81.0,0.0,0.4381117522716522,6011.5,47
2020-04-29 07:30:00-05:00,55.900001525878906,1691.1190185546875,46.5,46.5,78.0,81.0,0.0,0.4399453699588775,5997.75,47
2020-04-29 07:45:00-05:00,55.79999923706055,1639.6126708984375,46.5,46.59999847412109,77.0,80.80000305175781,0.0,0.4452271163463592,5986.75,47
2020-04-29 08:00:00-05:00,55.70000076293945,1659.177978515625,46.5,46.400001525878906,76.0,80.5999984741211,0.0,0.4399769008159637,5986.75,47
2020-04-29 08:15:00-05:00,55.59999847412109,1615.78125,46.5,46.59999847412109,74.0,80.30000305175781,0.0,0.4288946986198425,5986.75,47
2020-04-29 08:30:00-05:00,55.5,1597.21875,46.5,46.5,75.0,80.30000305175781,0.0,0.439514011144638,5995.0,47
2020-04-29 08:45:00-05:00,55.5,1620.937255859375,46.5,46.400001525878906,75.0,80.30000305175781,0.0,0.4312320053577423,5984.0,47
2020-04-29 09:00:00-05:00,55.5,1514.699951171875,46.5,46.70000076293945,72.0,79.9000015258789,0.0,0.4396910369396209,5989.5,47
2020-04-29 09:15:00-05:00,55.5,1526.2498779296875,46.5,46.70000076293945,71.0,80.0,0.0,0.4317772686481476,5995.0,47
2020-04-29 09:30:00-05:00,55.5,1536.084716796875,46.5,46.59999847412109,71.0,80.0,0.0,0.4296638071537018,5992.25,47
2020-04-29 09:45:00-05:00,55.5,1530.2440185546875,46.5,46.59999847412109,71.0,80.0,0.0,0.4299967885017395,5989.5,47
2020-04-29 10:00:00-05:00,55.29999923706055,1522.1248779296875,46.5,46.5,71.0,80.0,0.0,0.43360435962677,6008.75,47
2020-04-29 10:15:00-05:00,55.29999923706055,1509.7498779296875,46.5,46.5,71.0,79.9000015258789,0.0,0.4351714253425598,5978.5,47
2020-04-29 10:30:00-05:00,55.29999923706055,1493.4095458984375,46.5,46.59999847412109,70.0,79.69999694824219,0.0,0.4258711338043213,5997.75,47
2020-04-29 10:45:00-05:00,55.20000076293945,1434.8253173828125,46.5,46.79999923706055,69.0,79.4000015258789,0.0,0.4335022568702698,6017.0,47
2020-04-29 11:00:08-05:00,55.20000076293945,1487.7001953125,46.5,46.5,69.0,79.5999984741211,0.0,0.4234724044799804,5986.75,47
2020-04-29 11:15:00-05:00,55.20000076293945,1475.4658203125,46.5,46.5,70.0,79.5,0.0,0.4276615381240845,5995.0,47
2020-04-29 11:30:00-05:00,55.09999847412109,1454.4747314453125,46.5,46.5,69.0,79.4000015258789,0.0,0.4290208518505096,5992.25,47
2020-04-29 11:45:00-05:00,55.09999847412109,1445.53125,46.5,46.59999847412109,68.0,79.19999694824219,0.0,0.4254491329193115,6000.5,47
2020-04-29 12:00:00-05:00,55.09999847412109,1454.4747314453125,46.5,46.5,68.0,79.30000305175781,0.0,0.4187078475952148,6003.25,47
2020-04-29 12:15:00-05:00,55.29999923706055,1452.6282958984375,46.5,46.59999847412109,69.0,79.19999694824219,0.0,0.4240589439868927,5992.25,47
2020-04-29 12:30:00-05:00,55.09999847412109,1432.78125,46.5,46.59999847412109,66.0,79.19999694824219,0.0,0.402713268995285,5992.25,47
2020-04-29 12:45:00-05:00,55.09999847412109,1427.203125,46.5,46.59999847412109,68.0,79.19999694824219,0.0,0.4225046932697296,6003.25,47
2020-04-29 13:00:00-05:00,55.20000076293945,1406.9066162109375,46.5,46.59999847412109,68.0,79.0999984741211,0.0,0.4321537613868713,5975.75,47
2020-04-29 13:15:00-05:00,55.09999847412109,1423.8372802734375,46.5,46.5,68.0,79.0999984741211,0.0,0.4249081015586853,6006.0,47
2020-04-29 13:30:00-05:00,55.09999847412109,1410.46875,46.5,46.59999847412109,68.0,79.0999984741211,0.0,0.4260994791984558,5995.0,47
2020-04-29 13:45:00-05:00,55.09999847412109,1392.140625,46.5,46.59999847412109,67.0,79.0,0.0,0.4511038661003113,6006.0,47
2020-04-29 14:00:00-05:00,55.09999847412109,1405.6875,46.5,46.59999847412109,67.0,79.0,0.0,0.4389311373233795,6003.25,47
2020-04-29 14:15:00-05:00,55.09999847412109,1399.3125,46.5,46.59999847412109,67.0,79.0999984741211,0.0,0.4252088069915771,6000.5,47
2020-04-29 14:30:00-05:00,55.20000076293945,1423.837890625,46.5,46.59999847412109,68.0,79.19999694824219,0.0,0.4235032796859741,6008.75,47
2020-04-29 14:45:00-05:00,55.09999847412109,1417.3873291015625,46.5,46.5,68.0,79.19999694824219,0.0,0.4275472164154053,5989.5,47
2020-04-29 15:00:00-05:00,55.0,1371.8253173828125,46.5,46.59999847412109,68.0,79.19999694824219,0.0,0.4373734593391418,6003.25,47
2020-04-29 15:15:00-05:00,55.0,1376.55029296875,46.5,46.59999847412109,68.0,79.0999984741211,0.0,0.439504474401474,6008.75,47
2020-04-29 15:30:00-05:00,55.09999847412109,1410.937255859375,46.5,46.5,68.0,79.30000305175781,0.0,0.4231230020523071,5997.75,47
2020-04-29 15:45:00-05:00,55.09999847412109,1425.4498291015625,46.5,46.5,68.0,79.0999984741211,0.0,0.4237259030342102,6006.0,47
2020-04-29 16:00:00-05:00,55.09999847412109,1410.937255859375,46.5,46.5,67.0,79.0999984741211,0.0,0.4217055141925812,6006.0,47
2020-04-29 16:15:00-05:00,55.09999847412109,1379.69970703125,46.5,46.70000076293945,67.0,78.9000015258789,0.0,0.4269044995307922,6003.25,47
2020-04-29 16:30:00-05:00,55.09999847412109,1421.6339111328125,46.5,46.400001525878906,68.0,79.0999984741211,0.0,0.4234564006328583,6017.0,47
2020-04-29 16:45:00-05:00,55.0,1418.999755859375,46.5,46.400001525878906,67.0,78.9000015258789,0.0,0.4193094372749328,5986.75,47
2020-04-29 17:00:00-05:00,55.09999847412109,1404.890625,46.5,46.59999847412109,67.0,78.9000015258789,0.0,0.4206733107566833,6008.75,47
2020-04-29 17:15:00-05:00,55.0,1374.975341796875,46.5,46.59999847412109,67.0,78.9000015258789,0.0,0.4261894524097442,6000.5,47
2020-04-29 17:30:00-05:00,55.0,1408.078125,46.5,46.5,67.0,78.80000305175781,0.0,0.4197210371494293,6025.25,47
2020-04-29 17:45:00-05:00,55.09999847412109,1389.75,46.5,46.59999847412109,67.0,78.9000015258789,0.0,0.4238172471523285,5997.75,47
2020-04-29 18:00:00-05:00,54.900001525878906,1365.60986328125,46.5,46.59999847412109,67.0,78.69999694824219,0.0,0.4254509508609772,6008.75,47
2020-04-29 18:15:00-05:00,55.09999847412109,1419.8060302734375,46.5,46.5,67.0,79.0,0.0,0.4289318323135376,6017.0,47
2020-04-29 18:30:00-05:00,55.09999847412109,1399.3125,46.5,46.59999847412109,67.0,78.9000015258789,0.0,0.4344990849494934,6006.0,47
2020-04-29 18:45:00-05:00,55.0,1385.2127685546875,46.5,46.59999847412109,67.0,78.9000015258789,0.0,0.4519161283969879,6022.5,47
2020-04-29 19:00:00-05:00,55.09999847412109,1407.28125,46.5,46.59999847412109,67.0,78.9000015258789,0.0,0.4419869780540466,6019.75,47
2020-04-29 19:15:00-05:00,55.09999847412109,1403.296875,46.5,46.59999847412109,67.0,78.9000015258789,0.0,0.3962098062038421,6006.0,47
2020-04-29 19:30:00-05:00,55.09999847412109,1404.09375,46.5,46.59999847412109,67.0,78.9000015258789,0.0,0.4023947715759277,6011.5,47
2020-04-29 19:45:00-05:00,55.09999847412109,1408.078125,46.5,46.59999847412109,67.0,78.9000015258789,0.0,0.417590469121933,5992.25,47
2020-04-29 20:00:00-05:00,55.0,1395.328125,46.5,46.5,67.0,78.80000305175781,0.0,0.4515067040920257,6003.25,47
2020-04-29 20:15:00-05:00,55.09999847412109,1401.703125,46.5,46.59999847412109,67.0,78.80000305175781,0.0,0.4423190653324127,5995.0,47
2020-04-29 20:30:00-05:00,55.09999847412109,1400.90625,46.5,46.59999847412109,67.0,78.80000305175781,0.0,0.4375738799571991,5997.75,47
2020-04-29 20:45:00-05:00,55.0,1402.5,46.5,46.5,67.0,78.80000305175781,0.0,0.3907308280467987,6011.5,47
2020-04-29 21:00:00-05:00,55.0,1415.25,46.5,46.5,67.0,78.80000305175781,0.0,0.4479773938655853,6011.5,47
2020-04-29 21:15:00-05:00,55.0,1367.16552734375,46.5,46.70000076293945,64.0,78.5999984741211,0.0,0.3964406549930572,6017.0,47
2020-04-29 21:30:00-05:00,55.09999847412109,1400.90625,46.5,46.59999847412109,67.0,78.9000015258789,0.0,0.4482812583446502,6014.25,47
2020-04-29 21:45:00-05:00,55.20000076293945,1436.3157958984375,46.5,46.5,67.0,78.80000305175781,0.0,0.4170392155647278,6006.0,47
2020-04-29 22:00:00-05:00,55.09999847412109,1405.6875,46.5,46.59999847412109,67.0,78.80000305175781,0.0,0.4012271463871002,6011.5,47
2020-04-29 22:15:00-05:00,55.09999847412109,1413.65625,46.5,46.59999847412109,67.0,78.80000305175781,0.0,0.4307977855205536,5992.25,47
2020-04-29 22:30:00-05:00,55.20000076293945,1414.9691162109375,46.5,46.59999847412109,68.0,78.9000015258789,0.0,0.4226240515708923,6000.5,47
2020-04-29 22:45:00-05:00,55.29999923706055,1455.8907470703125,46.5,46.59999847412109,68.0,79.0999984741211,0.0,0.4258561432361603,6014.25,47
2020-04-29 23:00:00-05:00,55.29999923706055,1486.0689697265625,46.5,46.59999847412109,69.0,79.0999984741211,0.0,0.4192268550395965,6006.0,47
2020-04-29 23:15:00-05:00,55.5,1490.194091796875,46.5,46.59999847412109,70.0,79.19999694824219,0.0,0.4227637350559234,6006.0,47
2020-04-29 23:30:00-05:00,55.400001525878906,1515.225341796875,46.5,46.5,70.0,79.30000305175781,0.0,0.4217194616794586,5992.25,47
2020-04-29 23:45:00-05:00,55.5,1519.397216796875,46.5,46.59999847412109,70.0,79.4000015258789,0.0,0.4218778312206268,6006.0,47
2020-04-30 00:00:00-05:00,55.59999847412109,1532.74658203125,46.5,46.70000076293945,71.0,79.4000015258789,0.0,0.4234229028224945,5989.5,47
2020-04-30 00:15:00-05:00,55.79999923706055,1582.4530029296875,46.5,46.5,72.0,79.69999694824219,0.0,0.4202336370944977,5997.75,47
2020-04-30 00:30:00-05:00,55.59999847412109,1583.71875,46.5,46.59999847412109,73.0,79.69999694824219,0.0,0.4236863255500793,5984.0,47
2020-04-30 00:45:00-05:00,55.59999847412109,1588.5185546875,46.5,46.5,73.0,79.80000305175781,0.0,0.429330825805664,6017.0,47
2020-04-30 01:00:00-05:00,55.59999847412109,1609.424560546875,46.5,46.400001525878906,73.0,79.80000305175781,0.0,0.4231325984001159,5981.25,47
2020-04-30 01:15:00-05:00,55.59999847412109,1560.2808837890625,46.5,46.70000076293945,71.0,79.4000015258789,0.0,0.4178734719753265,6000.5,47
2020-04-30 01:30:00-05:00,55.59999847412109,1574.4375,46.5,46.59999847412109,72.0,79.5,0.0,0.4236433506011963,6014.25,47
2020-04-30 01:45:00-05:00,55.59999847412109,1551.9371337890625,46.5,46.70000076293945,73.0,79.69999694824219,0.0,0.4304298162460327,6014.25,47
2020-04-30 02:00:00-05:00,55.79999923706055,1601.3154296875,46.5,46.70000076293945,73.0,79.69999694824219,0.0,0.4234018921852112,6006.0,47
2020-04-30 02:15:00-05:00,55.79999923706055,1623.2252197265625,46.5,46.59999847412109,74.0,79.69999694824219,0.0,0.4250796437263489,6008.75,47
2020-04-30 02:30:00-05:00,55.79999923706055,1658.587646484375,46.5,46.59999847412109,75.0,80.0,0.0,0.4280750453472137,6011.5,47
2020-04-30 02:45:00-05:00,55.70000076293945,1654.275146484375,46.5,46.5,75.0,80.0999984741211,0.0,0.429795503616333,6014.25,47
2020-04-30 03:00:00-05:00,55.70000076293945,1638.00048828125,46.5,46.59999847412109,76.0,80.19999694824219,0.0,0.4340658187866211,6025.25,47
2020-04-30 03:15:00-05:00,55.70000076293945,1637.999755859375,46.5,46.5,75.0,80.19999694824219,0.0,0.4340659976005554,6025.25,47
2020-04-30 03:30:00-05:00,55.70000076293945,1627.59375,46.5,46.70000076293945,75.0,80.0,0.0,0.4325403571128845,6025.25,47
2020-04-30 03:45:00-05:00,55.59999847412109,1622.53125,46.5,46.59999847412109,75.0,80.0,0.0,0.4351225793361664,6030.75,47
2020-04-30 04:00:04-05:00,55.70000076293945,1645.6785888671875,46.5,46.59999847412109,75.0,80.0999984741211,0.0,0.429610013961792,6030.75,47
2020-04-30 04:15:00-05:00,55.59999847412109,1625.0625,46.5,46.59999847412109,75.0,80.19999694824219,0.0,0.4338294565677643,6030.75,47
2020-04-30 04:30:00-05:00,55.59999847412109,1628.4375,46.5,46.59999847412109,74.0,80.0999984741211,0.0,0.4231049716472626,6014.25,47
2020-04-30 04:45:00-05:00,55.59999847412109,1625.0625,46.5,46.59999847412109,75.0,80.30000305175781,0.0,0.432598739862442,6019.75,47
2020-04-30 05:00:00-05:00,55.59999847412109,1636.875,46.5,46.59999847412109,76.0,80.5,0.0,0.4355860948562622,6014.25,47
2020-04-30 05:15:00-05:00,55.70000076293945,1629.28125,46.5,46.70000076293945,76.0,80.5999984741211,0.0,0.4412988722324371,6014.25,47
2020-04-30 05:30:00-05:00,55.70000076293945,1651.6505126953125,46.5,46.59999847412109,76.0,80.69999694824219,0.0,0.4347166717052459,6033.5,47
2020-04-30 05:45:00-05:00,55.70000076293945,1668.7130126953125,46.5,46.59999847412109,78.0,81.0,0.0,0.4434555172920227,6017.0,47
2020-04-30 06:00:00-05:00,55.79999923706055,1658.4747314453125,46.5,46.70000076293945,78.0,81.0,0.0,0.4540316462516784,6041.75,47
2020-04-30 06:15:00-05:00,55.900001525878906,1697.541259765625,46.5,46.59999847412109,79.0,81.0,0.0,0.4512408673763275,6025.25,47
2020-04-30 06:30:00-05:00,55.79999923706055,1721.0809326171875,46.5,46.400001525878906,79.0,81.0999984741211,0.0,0.4415829479694366,6036.25,47
2020-04-30 06:45:00-05:00,55.900001525878906,1737.609375,46.5,46.400001525878906,79.0,81.0,0.0,0.4356560409069061,6030.75,47
2020-04-30 07:00:00-05:00,55.900001525878906,1693.181884765625,46.5,46.59999847412109,78.0,81.0,0.0,0.4417718052864074,6011.5,47
2020-04-30 07:15:00-05:00,55.79999923706055,1688.82177734375,46.5,46.5,78.0,81.0999984741211,0.0,0.4429123401641845,6017.0,47
2020-04-30 07:30:00-05:00,55.900001525878906,1712.26904296875,46.5,46.5,78.0,80.9000015258789,0.0,0.4356791973114013,6019.75,47
2020-04-30 07:45:00-05:00,55.79999923706055,1639.40625,46.5,46.79999923706055,78.0,80.80000305175781,0.0,0.4526028931140899,6030.75,47
2020-04-30 08:00:00-05:00,55.70000076293945,1625.0625,46.5,46.70000076293945,73.0,80.69999694824219,0.0,0.4172147214412689,6022.5,47
2020-04-30 08:15:00-05:00,55.59999847412109,1632.0279541015625,46.5,46.5,76.0,80.5999984741211,0.0,0.4381052553653717,6019.75,47
2020-04-30 08:30:00-05:00,55.5,1637.999755859375,46.5,46.400001525878906,75.0,80.5999984741211,0.0,0.4358974993228912,6011.5,47
2020-04-30 08:45:00-05:00,55.29999923706055,1550.5032958984375,46.5,46.59999847412109,74.0,80.0999984741211,0.0,0.4443718492984772,6025.25,47
2020-04-30 09:00:00-05:00,55.400001525878906,1551.8255615234375,46.5,46.59999847412109,70.0,80.19999694824219,0.0,0.4149951040744781,6014.25,47
2020-04-30 09:15:00-05:00,55.29999923706055,1551.824951171875,46.5,46.5,73.0,80.0999984741211,0.0,0.439482569694519,6014.25,47
2020-04-30 09:30:00-05:00,55.400001525878906,1557.7784423828125,46.5,46.5,73.0,80.19999694824219,0.0,0.4371609985828399,6030.75,47
2020-04-30 09:45:00-05:00,55.400001525878906,1561.115966796875,46.5,46.5,73.0,80.0,0.0,0.4304612874984741,6022.5,47
2020-04-30 10:00:00-05:00,55.400001525878906,1561.115966796875,46.5,46.5,72.0,80.0,0.0,0.429820716381073,6028.0,47
2020-04-30 10:15:00-05:00,55.29999923706055,1536.6376953125,46.5,46.59999847412109,72.0,80.0,0.0,0.4301599562168121,6028.0,47
2020-04-30 10:30:00-05:00,55.20000076293945,1502.044189453125,46.5,46.59999847412109,71.0,79.9000015258789,0.0,0.4267517626285553,6028.0,47
2020-04-30 10:45:00-05:00,55.09999847412109,1476.609375,46.5,46.59999847412109,71.0,79.69999694824219,0.0,0.4341026246547699,6039.0,47
2020-04-30 11:00:00-05:00,55.09999847412109,1475.8125,46.5,46.59999847412109,71.0,79.80000305175781,0.0,0.4363698065280914,6017.0,47
2020-04-30 11:15:00-05:00,55.09999847412109,1481.390625,46.5,46.59999847412109,71.0,79.69999694824219,0.0,0.4333765804767608,6025.25,47
2020-04-30 11:30:00-05:00,55.09999847412109,1484.578125,46.5,46.59999847412109,70.0,79.5999984741211,0.0,0.4223422110080719,6019.75,47
2020-04-30 11:45:00-05:00,55.0,1456.8753662109375,46.5,46.59999847412109,70.0,79.5,0.0,0.4331187307834625,6011.5,47
2020-04-30 12:00:00-05:00,55.09999847412109,1466.4932861328125,46.5,46.400001525878906,69.0,79.5,0.0,0.4268686473369598,6022.5,47
2020-04-30 12:15:00-05:00,55.20000076293945,1448.025390625,46.5,46.59999847412109,68.0,79.19999694824219,0.0,0.4254069030284881,6033.5,47
2020-04-30 12:30:00-05:00,55.20000076293945,1439.962890625,46.5,46.59999847412109,68.0,79.30000305175781,0.0,0.4263998866081238,6019.75,47
2020-04-30 12:45:00-05:00,55.20000076293945,1448.8316650390625,46.5,46.59999847412109,68.0,79.30000305175781,0.0,0.4265505969524383,6011.5,47
2020-04-30 13:00:28-05:00,55.20000076293945,1451.25048828125,46.5,46.59999847412109,68.0,79.19999694824219,0.0,0.4244615137577057,6028.0,47
2020-04-30 13:15:00-05:00,55.20000076293945,1435.931640625,46.5,46.59999847412109,68.0,79.0999984741211,0.0,0.42481130361557,6039.0,47
2020-04-30 13:30:00-05:00,55.20000076293945,1458.337646484375,46.5,46.5,68.0,79.0999984741211,0.0,0.4217130243778229,6025.25,47
2020-04-30 13:45:00-05:00,55.09999847412109,1443.187255859375,46.5,46.5,68.0,79.0999984741211,0.0,0.4247542917728424,6030.75,47
2020-04-30 14:00:00-05:00,55.09999847412109,1439.9622802734375,46.5,46.5,68.0,79.19999694824219,0.0,0.4264000654220581,6025.25,47
2020-04-30 14:15:00-05:00,55.09999847412109,1456.705810546875,46.5,46.400001525878906,68.0,79.19999694824219,0.0,0.4173800945281982,6025.25,47
2020-04-30 14:30:00-05:00,55.09999847412109,1435.9310302734375,46.5,46.5,68.0,79.19999694824219,0.0,0.4241150915622711,6030.75,47
2020-04-30 14:45:00-05:00,55.09999847412109,1433.5123291015625,46.5,46.5,68.0,79.19999694824219,0.0,0.4269234240055084,6011.5,47
2020-04-30 15:00:00-05:00,55.09999847412109,1448.549560546875,46.5,46.400001525878906,68.0,79.0999984741211,0.0,0.4238722622394562,6014.25,47
2020-04-30 15:15:00-05:00,55.09999847412109,1439.9622802734375,46.5,46.5,68.0,79.0999984741211,0.0,0.4215388298034668,6019.75,47
2020-04-30 15:30:00-05:00,55.0,1421.625,46.5,46.5,68.0,79.0,0.0,0.4269761741161346,6017.0,47
2020-04-30 15:45:00-05:00,55.09999847412109,1405.6875,46.5,46.59999847412109,67.0,79.0999984741211,0.0,0.4133208692073822,6006.0,47
2020-04-30 16:00:00-05:00,54.900001525878906,1406.475341796875,46.5,46.5,67.0,79.0999984741211,0.0,0.4301532804965973,6019.75,47
2020-04-30 16:15:00-05:00,55.0,1421.625,46.5,46.5,67.0,79.19999694824219,0.0,0.4143145978450775,6033.5,47
2020-04-30 16:30:00-05:00,55.0,1402.537841796875,46.5,46.59999847412109,67.0,79.0999984741211,0.0,0.422804981470108,6017.0,47
2020-04-30 16:45:00-05:00,55.0,1393.734375,46.5,46.5,68.0,79.0999984741211,0.0,0.4319331049919128,6028.0,47
2020-04-30 17:00:00-05:00,55.0,1398.515625,46.5,46.5,67.0,79.0,0.0,0.4254510998725891,6017.0,47
2020-04-30 17:15:00-05:00,55.09999847412109,1433.8682861328125,46.5,46.400001525878906,68.0,79.0,0.0,0.4163562357425689,6033.5,47
2020-04-30 17:30:00-05:00,55.09999847412109,1396.921875,46.5,46.59999847412109,67.0,78.9000015258789,0.0,0.4452646970748901,6039.0,47
2020-04-30 17:45:00-05:00,55.09999847412109,1415.25,46.5,46.59999847412109,67.0,78.80000305175781,0.0,0.4409115016460418,6044.5,47
2020-04-30 18:00:00-05:00,55.0,1416.84375,46.5,46.5,67.0,78.9000015258789,0.0,0.4100663959980011,6044.5,47
2020-04-30 18:15:00-05:00,55.20000076293945,1442.8408203125,46.5,46.5,68.0,79.0,0.0,0.4179255068302154,6030.75,47
2020-04-30 18:30:00-05:00,55.09999847412109,1407.28125,46.5,46.59999847412109,67.0,78.9000015258789,0.0,0.4370128512382507,6036.25,47
2020-04-30 18:45:00-05:00,55.09999847412109,1402.5,46.5,46.59999847412109,67.0,79.0,0.0,0.4292335212230682,6033.5,47
2020-04-30 19:00:00-05:00,55.09999847412109,1403.296875,46.5,46.59999847412109,67.0,78.9000015258789,0.0,0.4161628186702728,6025.25,47
2020-04-30 19:15:00-05:00,55.20000076293945,1431.900390625,46.5,46.59999847412109,68.0,78.9000015258789,0.0,0.4092463552951813,6041.75,47
2020-04-30 19:30:00-05:00,55.29999923706055,1438.7626953125,46.5,46.59999847412109,68.0,79.0,0.0,0.421195238828659,6025.25,47
2020-04-30 19:45:00-05:00,55.09999847412109,1413.65625,46.5,46.59999847412109,68.0,79.0,0.0,0.4244313240051269,6022.5,47
2020-04-30 20:00:00-05:00,55.09999847412109,1415.7747802734375,46.5,46.5,67.0,78.9000015258789,0.0,0.4308594763278961,6036.25,47
2020-04-30 20:15:00-05:00,55.09999847412109,1411.7435302734375,46.5,46.5,67.0,78.9000015258789,0.0,0.4327981472015381,6036.25,47
2020-04-30 20:30:00-05:00,55.09999847412109,1418.1934814453125,46.5,46.5,67.0,78.9000015258789,0.0,0.4223683178424835,6036.25,47
2020-04-30 20:45:00-05:00,55.0,1405.6875,46.5,46.5,67.0,79.0,0.0,0.4339513480663299,6025.25,47
2020-04-30 21:00:00-05:00,55.09999847412109,1396.125,46.5,46.59999847412109,67.0,78.9000015258789,0.0,0.4211657345294952,6041.75,47
2020-04-30 21:15:00-05:00,55.09999847412109,1418.1934814453125,46.5,46.5,67.0,78.9000015258789,0.0,0.425188809633255,6030.75,47
2020-04-30 21:30:00-05:00,55.09999847412109,1409.671875,46.5,46.59999847412109,67.0,78.80000305175781,0.0,0.41924649477005,6022.5,47
2020-04-30 21:45:00-05:00,55.20000076293945,1418.1942138671875,46.5,46.59999847412109,67.0,78.80000305175781,0.0,0.4188424944877624,6025.25,47
2020-04-30 22:00:00-05:00,55.20000076293945,1433.512939453125,46.5,46.59999847412109,68.0,78.9000015258789,0.0,0.4269232451915741,6033.5,47
2020-04-30 22:15:00-05:00,55.20000076293945,1447.21923828125,46.5,46.59999847412109,68.0,79.0999984741211,0.0,0.4221889674663543,6025.25,47
2020-04-30 22:30:00-05:00,55.400001525878906,1465.6783447265625,46.5,46.70000076293945,68.0,79.0999984741211,0.0,0.4223300516605377,6044.5,47
2020-04-30 22:45:00-05:00,55.400001525878906,1470.572021484375,46.5,46.70000076293945,70.0,79.19999694824219,0.0,0.4270447194576263,6036.25,47
2020-04-30 23:00:00-05:00,55.5,1561.115966796875,46.5,46.59999847412109,71.0,79.5,0.0,0.4202122092247009,6036.25,47
2020-04-30 23:15:00-05:00,55.20000076293945,1507.275146484375,46.5,46.5,71.0,79.5999984741211,0.0,0.4319052100181579,6025.25,47
2020-04-30 23:30:00-05:00,55.400001525878906,1550.26904296875,46.5,46.5,71.0,79.5999984741211,0.0,0.421862244606018,6028.0,47
2020-04-30 23:45:00-05:00,55.400001525878906,1544.400634765625,46.5,46.59999847412109,72.0,79.69999694824219,0.0,0.42994025349617,6028.0,47
2020-05-01 00:00:00-05:00,55.5,1541.0909423828125,46.5,46.59999847412109,71.0,79.69999694824219,0.0,0.4276191592216491,6030.75,47
2020-05-01 00:15:00-05:00,55.5,1561.115966796875,46.5,46.59999847412109,72.0,79.69999694824219,0.0,0.4259773194789886,6039.0,47
2020-05-01 00:30:00-05:00,55.70000076293945,1607.2879638671875,46.5,46.59999847412109,73.0,79.80000305175781,0.0,0.4224507510662079,6033.5,47
2020-05-01 00:45:00-05:00,55.59999847412109,1577.8125,46.5,46.59999847412109,73.0,79.80000305175781,0.0,0.4309764206409454,6030.75,47
2020-05-01 01:00:00-05:00,55.70000076293945,1623.497314453125,46.5,46.59999847412109,75.0,79.9000015258789,0.0,0.4305519759654999,6019.75,47
2020-05-01 01:15:00-05:00,55.59999847412109,1608.1875,46.5,46.59999847412109,75.0,79.9000015258789,0.0,0.4340289831161499,6041.75,47
2020-05-01 01:30:00-05:00,55.79999923706055,1671.38427734375,46.5,46.5,75.0,79.9000015258789,0.0,0.4247975945472717,6044.5,47
2020-05-01 01:45:00-05:00,55.79999923706055,1671.38427734375,46.5,46.5,76.0,79.9000015258789,0.0,0.4253958761692047,6052.75,47
2020-05-01 02:00:00-05:00,55.900001525878906,1677.4881591796875,46.5,46.59999847412109,76.0,80.0,0.0,0.4321938157081604,6050.0,47
2020-05-01 02:15:00-05:00,55.79999923706055,1723.69677734375,46.5,46.5,79.0,80.30000305175781,0.0,0.4374319314956665,6041.75,47
2020-05-01 02:30:00-05:00,55.900001525878906,1728.9287109375,46.5,46.59999847412109,79.0,80.5,0.0,0.4372649788856506,6041.75,47
2020-05-01 02:45:00-05:00,56.0,1769.671875,46.5,46.5,81.0,80.69999694824219,0.0,0.4418898224830627,6041.75,47
2020-05-01 03:00:00-05:00,56.20000076293945,1806.9283447265625,46.5,46.5,81.0,80.5999984741211,0.0,0.4327786564826965,6066.5,47
2020-05-01 03:15:00-05:00,56.09999847412109,1775.015625,46.5,46.59999847412109,80.0,80.5,0.0,0.4366158843040466,6055.5,47
2020-05-01 03:30:00-05:00,56.09999847412109,1766.109375,46.5,46.59999847412109,81.0,80.69999694824219,0.0,0.4399501085281372,6050.0,47
2020-05-01 03:45:00-05:00,56.0,1761.65625,46.5,46.5,80.0,80.5999984741211,0.0,0.4387916326522827,6047.25,47
2020-05-01 04:00:00-05:00,55.900001525878906,1724.5693359375,46.5,46.59999847412109,79.0,80.9000015258789,0.0,0.4459084272384643,6074.75,47
2020-05-01 04:15:00-05:00,55.900001525878906,1737.6474609375,46.5,46.59999847412109,79.0,80.9000015258789,0.0,0.4408259093761444,6058.25,47
2020-05-01 04:30:00-05:00,56.09999847412109,1762.4996337890625,46.5,46.70000076293945,80.0,80.9000015258789,0.0,0.438014268875122,6066.5,47
2020-05-01 04:45:00-05:00,56.0,1751.0440673828125,46.5,46.59999847412109,79.0,80.9000015258789,0.0,0.4391665458679199,6072.0,47
2020-05-01 05:00:00-05:00,56.09999847412109,1778.578125,46.5,46.59999847412109,80.0,80.80000305175781,0.0,0.4363035857677459,6063.75,47
2020-05-01 05:15:00-05:00,56.0,1752.4686279296875,46.5,46.70000076293945,80.0,80.80000305175781,0.0,0.4422332942485809,6072.0,47
2020-05-01 05:30:00-05:00,56.0,1759.8565673828125,46.5,46.59999847412109,80.0,80.9000015258789,0.0,0.4403767883777618,6066.5,47
2020-05-01 05:45:00-05:00,56.0,1762.5003662109375,46.5,46.59999847412109,81.0,81.0999984741211,0.0,0.4436878561973572,6074.75,47
2020-05-01 06:00:36-05:00,56.09999847412109,1775.7183837890625,46.5,46.70000076293945,82.0,81.19999694824219,0.0,0.4516482055187225,6094.0,47
2020-05-01 06:15:00-05:00,56.400001525878906,1824.2064208984373,46.5,46.70000076293945,84.0,81.5999984741211,0.0,0.4467696249485016,6072.0,47
2020-05-01 06:30:00-05:00,56.20000076293945,1797.300537109375,46.5,46.59999847412109,83.0,81.5999984741211,0.0,0.4517886638641357,6080.25,47
2020-05-01 06:45:00-05:00,56.20000076293945,1793.700439453125,46.5,46.59999847412109,83.0,81.5,0.0,0.4521379172801971,6069.25,47
2020-05-01 07:00:00-05:00,56.09999847412109,1804.499755859375,46.5,46.5,83.0,81.5,0.0,0.4488778710365295,6061.0,47
2020-05-01 07:15:00-05:00,56.09999847412109,1797.300537109375,46.5,46.59999847412109,83.0,81.5,0.0,0.4506758749485016,6072.0,47
2020-05-01 07:30:00-05:00,56.0,1779.46875,46.5,46.5,83.0,81.5999984741211,0.0,0.4540680944919586,6074.75,47
2020-05-01 07:45:00-05:00,56.0,1785.703125,46.5,46.5,83.0,81.5,0.0,0.4519228339195251,6080.25,47
2020-05-01 08:00:00-05:00,56.0,1807.19970703125,46.5,46.400001525878906,82.0,81.4000015258789,0.0,0.4471005499362945,6077.5,47
2020-05-01 08:15:00-05:00,56.09999847412109,1783.03125,46.5,46.59999847412109,82.0,81.4000015258789,0.0,0.4458699226379394,6069.25,47
2020-05-01 08:30:00-05:00,55.900001525878906,1751.0440673828125,46.5,46.5,81.0,81.30000305175781,0.0,0.4454485177993774,6080.25,47
2020-05-01 08:45:00-05:00,55.79999923706055,1747.5184326171875,46.5,46.400001525878906,79.0,81.0999984741211,0.0,0.4411970674991607,6072.0,47
2020-05-01 09:00:00-05:00,55.79999923706055,1707.750244140625,46.5,46.59999847412109,78.0,81.0,0.0,0.4415165483951568,6069.25,47
2020-05-01 09:15:00-05:00,55.59999847412109,1691.74658203125,46.5,46.5,78.0,81.0,0.0,0.4421465992927551,6083.0,47
2020-05-01 09:30:00-05:00,55.70000076293945,1677.2442626953125,46.5,46.59999847412109,77.0,80.69999694824219,0.0,0.4400074779987335,6080.25,47
2020-05-01 09:45:00-05:00,55.59999847412109,1647.84375,46.5,46.59999847412109,73.0,80.5999984741211,0.0,0.4193358719348907,6074.75,47
2020-05-01 10:00:00-05:00,55.59999847412109,1616.625,46.5,46.59999847412109,75.0,80.4000015258789,0.0,0.4342379868030548,6080.25,47
2020-05-01 10:15:00-05:00,55.5,1607.006591796875,46.5,46.59999847412109,75.0,80.4000015258789,0.0,0.4355925023555755,6069.25,47
2020-05-01 10:30:00-05:00,55.5,1588.6502685546875,46.5,46.59999847412109,74.0,80.30000305175781,0.0,0.4362193644046783,6072.0,47
2020-05-01 10:45:00-05:00,55.5,1589.4847412109375,46.5,46.59999847412109,75.0,80.30000305175781,0.0,0.4391360282897949,6061.0,47
2020-05-01 11:00:00-05:00,55.400001525878906,1607.34375,46.5,46.400001525878906,75.0,80.30000305175781,0.0,0.4342568218708038,6069.25,47
2020-05-01 11:15:00-05:00,55.5,1543.1622314453125,46.5,46.900001525878906,71.0,79.9000015258789,0.0,0.4225090444087982,6069.25,47
2020-05-01 11:30:00-05:00,55.5,1586.9815673828125,46.5,46.59999847412109,74.0,80.30000305175781,0.0,0.4354177713394165,6066.5,47
2020-05-01 11:45:00-05:00,55.5,1597.8284912109375,46.5,46.59999847412109,74.0,80.19999694824219,0.0,0.4330877959728241,6055.5,47
2020-05-01 12:00:00-05:00,55.59999847412109,1609.875,46.5,46.59999847412109,74.0,80.0999984741211,0.0,0.4310893714427948,6069.25,47
2020-05-01 12:15:00-05:00,55.400001525878906,1573.631591796875,46.5,46.5,73.0,80.0999984741211,0.0,0.4327569305896759,6072.0,47
2020-05-01 12:30:00-05:00,55.400001525878906,1532.6817626953125,46.5,46.79999923706055,71.0,80.0,0.0,0.4286604225635528,6072.0,47
2020-05-01 12:45:00-05:00,55.5,1536.7122802734375,46.5,46.900001525878906,72.0,79.69999694824219,0.0,0.4301390647888183,6063.75,47
2020-05-01 13:00:00-05:00,55.5,1619.15625,46.5,46.5,73.0,80.0,0.0,0.4224422574043274,6069.25,47
2020-05-01 13:15:00-05:00,55.5,1582.8096923828125,46.5,46.59999847412109,73.0,80.0,0.0,0.4296157658100128,6085.75,47
2020-05-01 13:30:00-05:00,55.5,1577.803466796875,46.5,46.59999847412109,73.0,79.80000305175781,0.0,0.4297113120555877,6069.25,47
2020-05-01 13:45:00-05:00,55.5,1580.3065185546875,46.5,46.59999847412109,73.0,79.9000015258789,0.0,0.4296634793281555,6063.75,47
2020-05-01 14:00:00-05:00,55.5,1617.46875,46.5,46.5,73.0,79.9000015258789,0.0,0.4204099774360657,6066.5,47
2020-05-01 14:15:00-05:00,55.400001525878906,1569.150634765625,46.5,46.59999847412109,73.0,79.80000305175781,0.0,0.4339927434921264,6072.0,47
2020-05-01 14:30:00-05:00,55.400001525878906,1569.9755859375,46.5,46.59999847412109,73.0,79.9000015258789,0.0,0.433127760887146,6074.75,47
2020-05-01 14:45:00-05:00,55.5,1595.3253173828125,46.5,46.59999847412109,73.0,79.9000015258789,0.0,0.4243648648262024,6055.5,47
2020-05-01 15:00:00-05:00,55.400001525878906,1574.1005859375,46.5,46.59999847412109,73.0,79.9000015258789,0.0,0.4319927096366882,6080.25,47
2020-05-01 15:15:00-05:00,55.5,1589.4847412109375,46.5,46.59999847412109,73.0,80.0,0.0,0.4271824657917022,6072.0,47
2020-05-01 15:30:00-05:00,55.5,1600.33154296875,46.5,46.59999847412109,73.0,79.9000015258789,0.0,0.4255368113517761,6074.75,47
2020-05-01 15:45:00-05:00,55.400001525878906,1600.33154296875,46.5,46.5,73.0,79.9000015258789,0.0,0.4236622154712677,6066.5,47
2020-05-01 16:00:00-05:00,55.5,1599.4971923828125,46.5,46.59999847412109,73.0,79.9000015258789,0.0,0.425758808851242,6069.25,47
2020-05-01 16:15:00-05:00,55.5,1592.15625,46.5,46.5,73.0,79.9000015258789,0.0,0.4283499121665954,6085.75,47
2020-05-01 16:30:00-05:00,55.400001525878906,1579.47216796875,46.5,46.5,73.0,79.9000015258789,0.0,0.429257333278656,6088.5,47
2020-05-01 16:45:00-05:00,55.400001525878906,1563.6190185546875,46.5,46.5,72.0,79.80000305175781,0.0,0.4278535842895508,6080.25,47
2020-05-01 17:00:00-05:00,55.29999923706055,1548.056396484375,46.5,46.59999847412109,72.0,79.9000015258789,0.0,0.4315088391304016,6080.25,47
2020-05-01 17:15:00-05:00,55.400001525878906,1565.025634765625,46.5,46.59999847412109,72.0,79.80000305175781,0.0,0.4274690449237823,6080.25,47
2020-05-01 17:30:00-05:00,55.29999923706055,1561.922119140625,46.5,46.59999847412109,73.0,79.80000305175781,0.0,0.4308793544769287,6085.75,47
2020-05-01 17:45:00-05:00,55.400001525878906,1571.6256103515625,46.5,46.59999847412109,73.0,79.9000015258789,0.0,0.4307641685009002,6088.5,47
2020-05-01 18:00:00-05:00,55.29999923706055,1237.996826171875,46.5,47.0,60.0,79.0,0.0,0.400647222995758,5511.0,47
2020-05-01 18:15:00-05:00,55.79999923706055,1730.6717529296875,46.5,46.5,78.0,80.5999984741211,0.0,0.4339355528354645,5912.5,47
2020-05-01 18:30:00-05:00,56.09999847412109,1771.453125,46.5,46.59999847412109,81.0,80.69999694824219,0.0,0.4414454996585846,5885.0,47
2020-05-01 18:45:00-05:00,56.0,1758.975341796875,46.5,46.59999847412109,81.0,80.9000015258789,0.0,0.444577008485794,5898.75,47
2020-05-01 19:00:00-05:00,56.20000076293945,1819.546875,46.5,46.70000076293945,84.0,81.0999984741211,0.0,0.4468145370483398,5898.75,47
2020-05-01 19:15:00-05:00,56.29999923706055,1853.306396484375,46.5,46.59999847412109,84.0,81.19999694824219,0.0,0.4467690885066986,5885.0,47
2020-05-01 19:30:00-05:00,56.5,1896.15966796875,46.5,46.59999847412109,85.0,81.4000015258789,0.0,0.445637583732605,5887.75,47
2020-05-01 19:45:00-05:00,56.29999923706055,1846.9407958984373,46.5,46.59999847412109,85.0,81.30000305175781,0.0,0.456430435180664,5907.0,47
2020-05-01 20:00:00-05:00,56.5,1900.80029296875,46.5,46.59999847412109,87.0,81.5999984741211,0.0,0.4534932076931,5887.75,47
2020-05-01 20:15:00-05:00,56.59999847412109,1954.6875,46.5,46.59999847412109,89.0,81.80000305175781,0.0,0.4553157389163971,5890.5,47
2020-05-01 20:30:00-05:00,56.70000076293945,1978.96923828125,46.5,46.59999847412109,90.0,81.80000305175781,0.0,0.4552875161170959,5882.25,47
2020-05-01 20:45:00-05:00,56.79999923706055,1956.2435302734373,46.5,46.70000076293945,90.0,81.9000015258789,0.0,0.4626213312149048,5887.75,47
2020-05-01 21:00:00-05:00,57.0,2012.3624267578125,46.5,46.70000076293945,92.0,82.19999694824219,0.0,0.4641311168670654,5885.0,47
2020-05-01 21:15:00-05:00,57.0,1995.947509765625,46.5,46.59999847412109,92.0,82.0,0.0,0.4649420976638794,5882.25,47
2020-05-01 21:30:00-05:00,56.900001525878906,2014.350341796875,46.5,46.5,92.0,82.0,0.0,0.4611908793449402,5929.0,47
2020-05-01 21:45:00-05:00,56.79999923706055,1994.981201171875,46.5,46.5,92.0,82.0,0.0,0.4656685590744018,5931.75,47
2020-05-01 22:00:00-05:00,56.900001525878906,2014.29443359375,46.5,46.59999847412109,92.0,82.0,0.0,0.4597143232822418,5926.25,47
2020-05-01 22:15:00-05:00,57.0,2019.225341796875,46.5,46.59999847412109,92.0,82.0999984741211,0.0,0.463544100522995,5942.75,47
2020-05-01 22:30:00-05:00,57.09999847412109,2049.46875,46.5,46.59999847412109,94.0,82.0999984741211,0.0,0.4649985432624817,5909.75,47
2020-05-01 22:45:00-05:00,57.29999923706055,2079.91845703125,46.5,46.70000076293945,95.0,82.30000305175781,0.0,0.4668452143669128,5923.5,47
2020-05-01 23:00:00-05:00,57.29999923706055,2092.51904296875,46.5,46.59999847412109,96.0,82.4000015258789,0.0,0.4721581935882568,5934.5,47
2020-05-01 23:15:00-05:00,57.29999923706055,2106.562744140625,46.5,46.59999847412109,96.0,82.4000015258789,0.0,0.4723334312438965,5923.5,47
2020-05-01 23:30:00-05:00,57.400001525878906,2120.17578125,46.5,46.59999847412109,98.0,82.5999984741211,0.0,0.4792055487632751,5918.0,47
2020-05-01 23:45:00-05:00,57.5,2071.341064453125,46.5,46.59999847412109,96.0,82.5,0.0,0.4750545620918274,5923.5,47
2020-05-02 00:00:00-05:00,57.59999847412109,2136.740234375,46.5,46.70000076293945,99.0,82.69999694824219,0.0,0.4806386828422546,5929.0,47
2020-05-02 00:15:00-05:00,57.70000076293945,2117.325439453125,46.5,46.79999923706055,99.0,82.80000305175781,0.0,0.4841012954711914,5923.5,47
2020-05-02 00:30:00-05:00,57.900001525878906,2153.25,46.5,46.900001525878906,100.0,83.0999984741211,0.0,0.4769534468650818,5915.25,47
2020-05-02 00:45:00-05:00,57.79999923706055,2134.696533203125,46.5,46.900001525878906,99.0,82.9000015258789,0.0,0.4815672934055328,5915.25,47
2020-05-02 01:00:00-05:00,58.0,2158.40625,46.5,47.0,99.0,82.9000015258789,0.0,0.4753507375717163,5918.0,47
2020-05-02 01:15:00-05:00,57.900001525878906,2149.125,46.5,46.900001525878906,99.0,82.80000305175781,0.0,0.4769382774829864,5909.75,47
2020-05-02 01:30:00-05:00,58.0,2156.34375,46.5,47.0,99.0,83.0,0.0,0.475805401802063,5926.25,47
2020-05-02 01:45:00-05:00,58.09999847412109,2150.15625,46.5,47.09999847412109,99.0,83.4000015258789,0.0,0.4776397049427032,5912.5,47
2020-05-02 02:00:00-05:00,58.0,1894.89404296875,46.5,46.59999847412109,95.0,83.4000015258789,0.0,0.5245676040649414,5684.25,47
2020-05-02 02:15:00-05:00,57.79999923706055,1880.3905029296875,46.5,46.5,86.0,81.9000015258789,0.0,0.4520337581634521,5681.5,47
2020-05-02 02:30:00-05:00,57.20000076293945,1756.4720458984375,46.5,46.5,78.0,81.9000015258789,0.0,0.4315468668937683,5618.25,47
2020-05-02 02:45:05-05:00,57.09999847412109,1744.4339599609375,46.5,46.400001525878906,81.0,81.5999984741211,0.0,0.4482829570770263,5612.75,47
2020-05-02 03:00:00-05:00,56.900001525878906,1688.878662109375,46.5,46.59999847412109,79.0,81.4000015258789,0.0,0.4517790377140045,5623.75,47
2020-05-02 03:15:00-05:00,56.79999923706055,1658.1376953125,46.5,46.59999847412109,78.0,81.19999694824219,0.0,0.4468868970870971,5621.0,47
2020-05-02 03:30:00-05:00,56.79999923706055,1661.0064697265625,46.5,46.5,78.0,81.5,0.0,0.4461150467395782,5621.0,47
2020-05-02 03:45:00-05:00,56.79999923706055,1657.181396484375,46.5,46.59999847412109,78.0,81.4000015258789,0.0,0.448955088853836,5618.25,47
2020-05-02 04:00:00-05:00,56.70000076293945,1671.496826171875,46.5,46.5,78.0,81.5999984741211,0.0,0.4445117712020874,5623.75,47
2020-05-02 04:15:00-05:00,56.70000076293945,1647.618896484375,46.5,46.5,77.0,81.4000015258789,0.0,0.4473121762275696,5623.75,47
2020-05-02 04:30:00-05:00,56.70000076293945,1664.8314208984375,46.5,46.5,78.0,81.19999694824219,0.0,0.444489449262619,5612.75,47
2020-05-02 04:45:00-05:00,56.59999847412109,1661.005859375,46.5,46.400001525878906,77.0,81.30000305175781,0.0,0.4437070488929748,5632.0,47
2020-05-02 05:00:00-05:00,56.70000076293945,1643.4375,46.5,46.70000076293945,77.0,81.30000305175781,0.0,0.444799393415451,5582.5,47
2020-05-02 05:15:00-05:00,56.59999847412109,1637.8125,46.5,46.59999847412109,77.0,81.5,0.0,0.4463270306587219,5585.25,47
2020-05-02 05:30:00-05:00,56.79999923706055,1645.6685791015625,46.5,46.70000076293945,77.0,81.5999984741211,0.0,0.4466269910335541,5574.25,47
2020-05-02 05:45:00-05:00,56.70000076293945,1662.9189453125,46.5,46.5,76.0,81.4000015258789,0.0,0.4401898384094238,5588.0,47
2020-05-02 06:00:00-05:00,56.5,1589.4373779296875,46.5,46.70000076293945,76.0,81.19999694824219,0.0,0.4586528539657593,5560.5,47
2020-05-02 06:15:00-05:00,56.5,1608.75,46.5,46.5,76.0,81.30000305175781,0.0,0.4487956464290619,5563.25,47
2020-05-02 06:30:00-05:00,56.400001525878906,1588.519287109375,46.5,46.59999847412109,75.0,81.19999694824219,0.0,0.4475866258144378,5593.5,47
2020-05-02 06:45:00-05:00,56.20000076293945,1478.699951171875,46.5,46.900001525878906,72.0,80.69999694824219,0.0,0.4490430951118469,5574.25,47
2020-05-02 07:00:00-05:00,56.29999923706055,1543.2095947265625,46.5,46.59999847412109,73.0,81.0,0.0,0.4419360756874084,5579.75,47
2020-05-02 07:15:00-05:00,56.20000076293945,1528.6595458984375,46.5,46.5,73.0,81.0,0.0,0.4454883337020874,5582.5,47
2020-05-02 07:30:00-05:00,56.09999847412109,1516.8370361328125,46.5,46.400001525878906,73.0,80.9000015258789,0.0,0.4463234841823578,5579.75,47
2020-05-02 07:45:00-05:00,56.0,1430.6904296875,46.5,46.900001525878906,70.0,80.5,0.0,0.4403468370437622,5585.25,47
2020-05-02 08:00:00-05:00,55.59999847412109,1776.09375,46.5,46.59999847412109,84.0,81.5999984741211,0.0,0.4616873264312744,5992.25,47
2020-05-02 08:15:00-05:00,56.0,1824.834228515625,46.5,46.70000076293945,84.0,81.80000305175781,0.0,0.4564798176288605,5970.25,47
2020-05-02 08:30:00-05:00,55.900001525878906,1838.7850341796875,46.5,46.59999847412109,85.0,82.0,0.0,0.4579110443592071,5984.0,47
2020-05-02 08:45:00-05:00,56.0,1850.6253662109373,46.5,46.59999847412109,85.0,81.9000015258789,0.0,0.4549813270568847,5967.5,47
2020-05-02 09:00:00-05:00,56.0,1854.150390625,46.5,46.59999847412109,85.0,82.0,0.0,0.4551950097084045,5975.75,47
2020-05-02 09:15:00-05:00,55.79999923706055,1834.7620849609373,46.5,46.400001525878906,84.0,81.9000015258789,0.0,0.4545548558235168,5975.75,47
2020-05-02 09:30:00-05:00,55.79999923706055,1844.455810546875,46.5,46.400001525878906,84.0,81.80000305175781,0.0,0.4510815441608429,5981.25,47
2020-05-02 09:45:00-05:00,55.79999923706055,1811.756103515625,46.5,46.5,84.0,81.80000305175781,0.0,0.4564632177352905,5970.25,47
2020-05-02 10:00:00-05:00,55.70000076293945,1786.4442138671875,46.5,46.59999847412109,82.0,81.5999984741211,0.0,0.4489364922046661,5978.5,47
2020-05-02 10:15:00-05:00,55.70000076293945,1776.206787109375,46.5,46.59999847412109,82.0,81.5999984741211,0.0,0.4515239894390106,5964.75,47
2020-05-02 10:30:00-05:00,55.59999847412109,1769.3809814453125,46.5,46.5,82.0,81.5999984741211,0.0,0.4510051906108856,5959.25,47
2020-05-02 10:45:00-05:00,55.59999847412109,1769.3809814453125,46.5,46.5,82.0,81.5,0.0,0.4498748481273651,5981.25,47
2020-05-02 11:00:00-05:00,55.59999847412109,1756.5841064453125,46.5,46.5,82.0,81.4000015258789,0.0,0.4525829255580902,5978.5,47
2020-05-02 11:15:00-05:00,55.5,1726.322265625,46.5,46.59999847412109,80.0,81.19999694824219,0.0,0.447193443775177,5964.75,47
2020-05-02 11:30:00-05:00,55.70000076293945,1759.997314453125,46.5,46.59999847412109,79.0,81.30000305175781,0.0,0.4375006556510925,5953.75,47
2020-05-02 11:45:00-05:00,55.5,1738.125,46.5,46.5,79.0,81.19999694824219,0.0,0.4418554604053497,5970.25,47
2020-05-02 12:00:00-05:00,55.29999923706055,1695.3748779296875,46.5,46.5,79.0,81.0999984741211,0.0,0.4512276351451874,5962.0,47
2020-05-02 12:15:00-05:00,55.5,1723.78125,46.5,46.5,79.0,81.30000305175781,0.0,0.4432116746902466,5970.25,47
2020-05-02 12:30:00-05:00,55.400001525878906,1717.875,46.5,46.400001525878906,79.0,81.0,0.0,0.4441533982753753,5964.75,47
2020-05-02 12:45:00-05:00,55.29999923706055,1680.52490234375,46.5,46.5,77.0,80.80000305175781,0.0,0.4379583895206451,5967.5,47
2020-05-02 13:00:00-05:00,55.29999923706055,1674.7498779296875,46.5,46.5,77.0,80.80000305175781,0.0,0.4388715028762817,5942.75,47
2020-05-02 13:15:00-05:00,55.400001525878906,1640.9256591796875,46.5,46.59999847412109,75.0,80.5,0.0,0.4271979033946991,5962.0,47
2020-05-02 13:30:00-05:00,55.29999923706055,1613.306396484375,46.5,46.59999847412109,75.0,80.5,0.0,0.4419495165348053,5970.25,47
2020-05-02 13:45:00-05:00,55.5,1638.449951171875,46.5,46.70000076293945,77.0,80.5,0.0,0.4467637240886688,5962.0,47
2020-05-02 14:00:00-05:00,55.59999847412109,1653.75,46.5,46.59999847412109,76.0,80.5999984741211,0.0,0.4408163130283355,5978.5,47
2020-05-02 14:15:00-05:00,55.5,1624.5284423828125,46.5,46.59999847412109,76.0,80.5999984741211,0.0,0.441974401473999,5973.0,47
2020-05-02 14:30:00-05:00,55.400001525878906,1627.0316162109375,46.5,46.5,75.0,80.5,0.0,0.4388359785079956,5973.0,47
2020-05-02 14:45:00-05:00,55.5,1669.5654296875,46.5,46.400001525878906,76.0,80.5,0.0,0.4312499463558197,5967.5,47
2020-05-02 15:00:00-05:00,55.5,1610.39990234375,46.5,46.70000076293945,75.0,80.19999694824219,0.0,0.4371584951877594,5967.5,47
2020-05-02 15:15:00-05:00,55.29999923706055,1619.521484375,46.5,46.400001525878906,75.0,80.30000305175781,0.0,0.4353137612342834,5970.25,47
2020-05-02 15:30:00-05:00,55.5,1619.522216796875,46.5,46.59999847412109,75.0,80.4000015258789,0.0,0.436548501253128,5973.0,47
2020-05-02 15:45:00-05:00,55.5,1617.8533935546875,46.5,46.59999847412109,75.0,80.30000305175781,0.0,0.4363807141780853,5970.25,47
2020-05-02 16:00:00-05:00,55.400001525878906,1607.9256591796875,46.5,46.59999847412109,75.0,80.30000305175781,0.0,0.4396969377994537,5962.0,47
2020-05-02 16:15:00-05:00,55.29999923706055,1602.974853515625,46.5,46.5,75.0,80.19999694824219,0.0,0.4385595917701721,5959.25,47
2020-05-02 16:30:00-05:00,55.400001525878906,1628.7003173828125,46.5,46.5,75.0,80.30000305175781,0.0,0.433474451303482,5937.25,47
2020-05-02 16:45:00-05:00,55.400001525878906,1617.01904296875,46.5,46.5,75.0,80.4000015258789,0.0,0.4359874427318573,5953.75,47
2020-05-02 17:00:00-05:00,55.400001525878906,1605.4505615234375,46.5,46.59999847412109,75.0,80.19999694824219,0.0,0.4335231482982635,5948.25,47
2020-05-02 17:15:00-05:00,55.29999923706055,1600.4998779296875,46.5,46.5,74.0,80.0999984741211,0.0,0.4317401051521301,5962.0,47
2020-05-02 17:30:00-05:00,55.400001525878906,1605.4505615234375,46.5,46.59999847412109,74.0,80.19999694824219,0.0,0.4322774112224579,5929.0,47
2020-05-02 17:45:00-05:00,55.400001525878906,1601.3255615234375,46.5,46.59999847412109,75.0,80.30000305175781,0.0,0.4340154230594635,5962.0,47
2020-05-02 18:00:00-05:00,55.29999923706055,1617.824951171875,46.5,46.5,75.0,80.30000305175781,0.0,0.430207222700119,5962.0,47
2020-05-02 18:15:00-05:00,55.5,1609.875,46.5,46.5,75.0,80.4000015258789,0.0,0.4385433793067932,5931.75,47
2020-05-02 18:30:00-05:00,55.400001525878906,1584.8255615234375,46.5,46.59999847412109,71.0,80.19999694824219,0.0,0.4158186316490173,5948.25,47
2020-05-02 18:45:00-05:00,55.400001525878906,1591.1534423828125,46.5,46.5,74.0,80.30000305175781,0.0,0.4330191910266876,5926.25,47
2020-05-02 19:00:00-05:00,55.29999923706055,1598.02490234375,46.5,46.5,74.0,80.19999694824219,0.0,0.4305314719676971,5934.5,47
2020-05-02 19:15:00-05:00,55.5,1600.33154296875,46.5,46.59999847412109,75.0,80.19999694824219,0.0,0.4355347454547882,5937.25,47
2020-05-02 19:30:00-05:00,55.59999847412109,1625.90625,46.5,46.59999847412109,75.0,80.30000305175781,0.0,0.4360645115375519,5937.25,47
2020-05-02 19:45:03-05:00,55.70000076293945,1647.3848876953125,46.5,46.59999847412109,76.0,80.30000305175781,0.0,0.432200163602829,5940.0,47
2020-05-02 20:00:00-05:00,55.59999847412109,1646.15625,46.5,46.59999847412109,75.0,80.30000305175781,0.0,0.4319152534008026,5940.0,47
2020-05-02 20:15:00-05:00,55.70000076293945,1654.2098388671875,46.5,46.59999847412109,76.0,80.4000015258789,0.0,0.4370666742324829,5934.5,47
2020-05-02 20:30:00-05:00,55.900001525878906,1681.875244140625,46.5,46.59999847412109,76.0,80.4000015258789,0.0,0.4316610395908355,5923.5,47
2020-05-02 20:45:00-05:00,56.0,1708.7440185546875,46.5,46.59999847412109,78.0,80.5,0.0,0.4318961799144745,5937.25,47
2020-05-02 21:00:00-05:00,56.0,1699.2843017578125,46.5,46.70000076293945,78.0,80.80000305175781,0.0,0.4337120056152344,5662.25,47
2020-05-02 21:15:00-05:00,56.0,1750.162841796875,46.5,46.59999847412109,79.0,80.5999984741211,0.0,0.4336739182472229,5951.0,47
2020-05-02 21:30:00-05:00,55.79999923706055,1704.3001708984375,46.5,46.59999847412109,79.0,80.5999984741211,0.0,0.4435838460922241,5967.5,47
2020-05-02 21:45:00-05:00,55.79999923706055,1724.1376953125,46.5,46.59999847412109,78.0,80.69999694824219,0.0,0.4373200535774231,5951.0,47
2020-05-02 22:00:00-05:00,55.900001525878906,1719.338134765625,46.5,46.59999847412109,78.0,80.80000305175781,0.0,0.4385408461093902,5948.25,47
2020-05-02 22:15:00-05:00,55.79999923706055,1737.646728515625,46.5,46.5,78.0,80.69999694824219,0.0,0.433344691991806,5964.75,47
2020-05-02 22:30:00-05:00,55.900001525878906,1731.5443115234375,46.5,46.59999847412109,79.0,80.69999694824219,0.0,0.4360269606113434,5953.75,47
2020-05-02 22:45:00-05:00,55.79999923706055,1733.287353515625,46.5,46.5,79.0,80.69999694824219,0.0,0.43674236536026,5959.25,47
2020-05-02 23:00:00-05:00,55.79999923706055,1722.4127197265625,46.5,46.59999847412109,79.0,80.69999694824219,0.0,0.4400803446769714,5948.25,47
2020-05-02 23:15:00-05:00,55.900001525878906,1729.89404296875,46.5,46.5,79.0,80.80000305175781,0.0,0.4370209872722626,5967.5,47
2020-05-02 23:30:00-05:00,55.79999923706055,1701.712646484375,46.5,46.59999847412109,79.0,80.9000015258789,0.0,0.444845974445343,6017.0,47
2020-05-02 23:45:00-05:00,56.0,1740.4691162109375,46.5,46.59999847412109,79.0,80.69999694824219,0.0,0.4355147778987884,6014.25,47
2020-05-03 00:00:00-05:00,55.79999923706055,1723.275146484375,46.5,46.59999847412109,79.0,80.69999694824219,0.0,0.4398601055145263,6014.25,47
2020-05-03 00:15:00-05:00,55.79999923706055,1734.1593017578125,46.5,46.5,79.0,80.69999694824219,0.0,0.4370993971824646,5992.25,47
2020-05-03 00:30:00-05:00,56.0,1758.975341796875,46.5,46.59999847412109,79.0,80.80000305175781,0.0,0.432069718837738,6014.25,47
2020-05-03 00:45:00-05:00,56.0,1739.3905029296875,46.5,46.70000076293945,80.0,80.9000015258789,0.0,0.4444085359573364,6008.75,47
2020-05-03 01:00:00-05:00,56.09999847412109,1795.5,46.5,46.59999847412109,82.0,81.0999984741211,0.0,0.4444444477558136,5995.0,47
2020-05-03 01:15:00-05:00,56.09999847412109,1789.265625,46.5,46.59999847412109,82.0,81.30000305175781,0.0,0.445993036031723,5981.25,47
2020-05-03 01:30:00-05:00,56.09999847412109,1798.171875,46.5,46.59999847412109,82.0,81.30000305175781,0.0,0.4454524219036102,6000.5,47
2020-05-03 01:45:00-05:00,56.09999847412109,1779.46875,46.5,46.59999847412109,82.0,81.30000305175781,0.0,0.4495723843574524,6017.0,47
2020-05-03 02:00:00-05:00,56.09999847412109,1796.390625,46.5,46.59999847412109,82.0,81.19999694824219,0.0,0.444224089384079,6008.75,47
2020-05-03 02:15:00-05:00,56.09999847412109,1782.140625,46.5,46.59999847412109,82.0,81.19999694824219,0.0,0.4472149908542633,5997.75,47
2020-05-03 02:30:00-05:00,56.20000076293945,1787.484375,46.5,46.70000076293945,82.0,81.19999694824219,0.0,0.4486752450466156,6025.25,47
2020-05-03 02:45:00-05:00,56.20000076293945,1788.375,46.5,46.70000076293945,83.0,81.30000305175781,0.0,0.4518068134784698,6003.25,47
2020-05-03 03:00:00-05:00,56.29999923706055,1817.8408203125,46.5,46.59999847412109,83.0,81.30000305175781,0.0,0.4477839767932892,6014.25,47
2020-05-03 03:15:00-05:00,56.20000076293945,1808.1004638671875,46.5,46.59999847412109,83.0,81.30000305175781,0.0,0.4496431648731231,6008.75,47
2020-05-03 03:30:00-05:00,56.09999847412109,1787.484375,46.5,46.59999847412109,82.0,81.19999694824219,0.0,0.4469969272613525,6003.25,47
2020-05-03 03:45:00-05:00,56.0,1791.046875,46.5,46.5,82.0,81.0999984741211,0.0,0.446107804775238,6003.25,47
2020-05-03 04:00:00-05:00,56.0,1765.14404296875,46.5,46.59999847412109,82.0,81.0999984741211,0.0,0.4509547054767608,6008.75,47
2020-05-03 04:15:00-05:00,56.0,1784.8125,46.5,46.5,82.0,81.0999984741211,0.0,0.4454249441623688,5959.25,47
2020-05-03 04:30:00-05:00,56.09999847412109,1792.7998046875,46.5,46.5,82.0,81.0,0.0,0.4434404671192169,5975.75,47
2020-05-03 04:45:27-05:00,56.0,1786.59375,46.5,46.5,81.0,80.9000015258789,0.0,0.4371446967124939,5975.75,47
2020-05-03 05:00:00-05:00,56.09999847412109,1766.024658203125,46.5,46.70000076293945,81.0,81.0,0.0,0.4422361850738525,5978.5,47
2020-05-03 05:15:00-05:00,55.900001525878906,1740.26318359375,46.5,46.59999847412109,80.0,81.0,0.0,0.4447603225708008,5956.5,47
2020-05-03 05:30:00-05:00,55.79999923706055,1738.5186767578125,46.5,46.5,80.0,80.80000305175781,0.0,0.4446313977241516,5975.75,47
2020-05-03 05:45:00-05:00,56.0,1755.4503173828125,46.5,46.59999847412109,79.0,80.69999694824219,0.0,0.4346463084220886,5970.25,47
2020-05-03 06:00:00-05:00,55.900001525878906,1744.62255859375,46.5,46.59999847412109,79.0,80.69999694824219,0.0,0.4384902715682983,5964.75,47
2020-05-03 06:15:00-05:00,56.09999847412109,1779.2998046875,46.5,46.5,82.0,81.0999984741211,0.0,0.4484910368919372,5986.75,47
2020-05-03 06:30:00-05:00,55.79999923706055,1740.4683837890625,46.5,46.400001525878906,79.0,80.80000305175781,0.0,0.4395368695259094,5978.5,47
2020-05-03 06:45:00-05:00,55.79999923706055,1693.9501953125,46.5,46.59999847412109,78.0,80.5999984741211,0.0,0.4403907656669616,5989.5,47
2020-05-03 07:00:00-05:00,55.79999923706055,1705.1627197265625,46.5,46.59999847412109,78.0,80.5999984741211,0.0,0.4369084537029266,5964.75,47
2020-05-03 07:15:00-05:00,55.59999847412109,1687.48095703125,46.5,46.5,77.0,80.4000015258789,0.0,0.4320048689842224,5975.75,47
2020-05-03 07:30:00-05:00,55.5,1649.53125,46.5,46.5,76.0,80.30000305175781,0.0,0.440125048160553,5989.5,47
2020-05-03 07:45:00-05:00,55.5,1647.0,46.5,46.5,76.0,80.4000015258789,0.0,0.4395871162414551,5970.25,47
2020-05-03 08:00:00-05:00,55.5,1661.34375,46.5,46.5,76.0,80.19999694824219,0.0,0.4339860379695892,5986.75,47
2020-05-03 08:15:00-05:00,55.400001525878906,1595.3626708984375,46.5,46.70000076293945,75.0,80.0,0.0,0.4356376230716705,5984.0,47
2020-05-03 08:30:00-05:00,55.29999923706055,1620.2999267578125,46.5,46.5,75.0,80.0999984741211,0.0,0.4295501112937927,6008.75,47
2020-05-03 08:45:00-05:00,55.29999923706055,1595.5499267578125,46.5,46.5,74.0,80.0999984741211,0.0,0.4337062537670135,5978.5,47
2020-05-03 09:00:00-05:00,55.400001525878906,1603.8006591796875,46.5,46.59999847412109,75.0,80.19999694824219,0.0,0.4345926642417907,6006.0,47
2020-05-03 09:15:00-05:00,55.29999923706055,1594.724853515625,46.5,46.5,75.0,80.0999984741211,0.0,0.435811847448349,5986.75,47
2020-05-03 09:30:00-05:00,55.400001525878906,1604.6256103515625,46.5,46.59999847412109,74.0,80.19999694824219,0.0,0.433122843503952,6003.25,47
2020-05-03 09:45:00-05:00,55.400001525878906,1596.15966796875,46.5,46.5,75.0,80.0999984741211,0.0,0.4360466003417969,5986.75,47
2020-05-03 10:00:00-05:00,55.29999923706055,1581.1402587890625,46.5,46.400001525878906,74.0,80.0999984741211,0.0,0.4363939166069031,6000.5,47
2020-05-03 10:15:00-05:00,55.400001525878906,1582.8096923828125,46.5,46.5,74.0,80.0999984741211,0.0,0.437197208404541,6000.5,47
2020-05-03 10:30:00-05:00,55.29999923706055,1546.4251708984375,46.5,46.59999847412109,72.0,80.0,0.0,0.4326106607913971,5997.75,47
2020-05-03 10:45:00-05:00,55.29999923706055,1545.6094970703125,46.5,46.59999847412109,72.0,79.9000015258789,0.0,0.4296039938926697,5995.0,47
2020-05-03 11:00:00-05:00,55.09999847412109,1513.3310546875,46.5,46.5,71.0,79.9000015258789,0.0,0.4387671947479248,5997.75,47
2020-05-03 11:15:00-05:00,55.29999923706055,1543.978271484375,46.5,46.59999847412109,72.0,79.9000015258789,0.0,0.4326485693454742,6003.25,47
2020-05-03 11:30:00-05:00,55.09999847412109,1517.3623046875,46.5,46.5,72.0,79.80000305175781,0.0,0.436942458152771,6028.0,47
2020-05-03 11:45:00-05:00,55.0,1460.54052734375,46.5,46.70000076293945,70.0,79.5,0.0,0.4395633041858673,6011.5,47
2020-05-03 12:00:00-05:00,55.09999847412109,1493.34375,46.5,46.59999847412109,70.0,79.5,0.0,0.4305773675441742,5997.75,47
2020-05-03 12:15:00-05:00,55.0,1480.59375,46.5,46.5,70.0,79.5,0.0,0.4315836131572723,6008.75,47
2020-05-03 12:30:00-05:00,55.0,1482.984375,46.5,46.5,70.0,79.4000015258789,0.0,0.4302135705947876,5997.75,47
2020-05-03 12:45:00-05:00,55.0,1470.2628173828125,46.5,46.59999847412109,69.0,79.30000305175781,0.0,0.4237337708473205,6000.5,47
2020-05-03 13:00:00-05:00,54.79999923706055,1439.868896484375,46.5,46.59999847412109,69.0,79.19999694824219,0.0,0.4319837689399719,6006.0,47
2020-05-03 13:15:00-05:00,55.09999847412109,1485.375,46.5,46.59999847412109,69.0,79.30000305175781,0.0,0.4200959205627441,6006.0,47
2020-05-03 13:30:00-05:00,55.09999847412109,1472.625,46.5,46.59999847412109,70.0,79.30000305175781,0.0,0.427807480096817,6011.5,47
2020-05-03 13:45:00-05:00,55.0,1453.725341796875,46.5,46.59999847412109,69.0,79.30000305175781,0.0,0.4306177794933319,5973.0,47
2020-05-03 14:00:00-05:00,55.0,1460.0252685546875,46.5,46.59999847412109,69.0,79.30000305175781,0.0,0.4273898601531982,5992.25,47
2020-05-03 14:15:00-05:00,55.0,1461.46875,46.5,46.5,69.0,79.19999694824219,0.0,0.4249150156974792,6003.25,47
2020-05-03 14:30:00-05:00,55.0,1467.84375,46.5,46.5,69.0,79.19999694824219,0.0,0.424432098865509,6006.0,47
2020-05-03 14:45:00-05:00,55.0,1443.48779296875,46.5,46.59999847412109,69.0,79.0999984741211,0.0,0.4309007823467254,6008.75,47
2020-05-03 15:00:00-05:00,54.900001525878906,1454.5128173828125,46.5,46.5,69.0,79.0999984741211,0.0,0.4255720376968384,6008.75,47
2020-05-03 15:15:00-05:00,54.900001525878906,1453.725341796875,46.5,46.5,68.0,79.0999984741211,0.0,0.422363132238388,6006.0,47
2020-05-03 15:30:00-05:00,54.79999923706055,1420.0780029296875,46.5,46.5,69.0,79.0999984741211,0.0,0.4351873695850372,6014.25,47
2020-05-03 15:45:00-05:00,54.900001525878906,1449.787841796875,46.5,46.5,68.0,79.0999984741211,0.0,0.4262692630290985,6000.5,47
2020-05-03 16:00:00-05:00,54.900001525878906,1460.671875,46.5,46.400001525878906,69.0,79.0,0.0,0.4237775802612304,5992.25,47
2020-05-03 16:15:00-05:00,54.900001525878906,1429.4161376953125,46.5,46.59999847412109,68.0,78.9000015258789,0.0,0.4148547053337097,6000.5,47
2020-05-03 16:30:00-05:00,55.0,1447.42529296875,46.5,46.59999847412109,68.0,79.0,0.0,0.4145291745662689,6019.75,47
2020-05-03 16:45:00-05:00,54.900001525878906,1423.191162109375,46.5,46.59999847412109,68.0,78.9000015258789,0.0,0.4208851456642151,5995.0,47
2020-05-03 17:00:00-05:00,55.0,1442.6436767578125,46.5,46.70000076293945,68.0,78.80000305175781,0.0,0.411744087934494,6000.5,47
2020-05-03 17:15:00-05:00,55.0,1470.234375,46.5,46.5,68.0,78.9000015258789,0.0,0.4169403314590454,6011.5,47
2020-05-03 17:30:00-05:00,54.900001525878906,1445.0628662109375,46.5,46.5,68.0,78.9000015258789,0.0,0.4172828793525696,6017.0,47
2020-05-03 17:45:00-05:00,54.900001525878906,1428.6380615234375,46.5,46.59999847412109,68.0,78.69999694824219,0.0,0.4220803081989288,6025.25,47
2020-05-03 18:00:00-05:00,54.79999923706055,1418.3438720703125,46.5,46.59999847412109,68.0,78.80000305175781,0.0,0.4230285882949829,6011.5,47
2020-05-03 18:15:00-05:00,55.0,1434.8253173828125,46.5,46.59999847412109,68.0,78.80000305175781,0.0,0.4230480194091797,6000.5,47
2020-05-03 18:30:00-05:00,55.0,1441.912841796875,46.5,46.59999847412109,68.0,78.80000305175781,0.0,0.4216620922088623,6006.0,47
2020-05-03 18:45:00-05:00,55.0,1451.36279296875,46.5,46.59999847412109,68.0,79.0,0.0,0.4209836423397064,6028.0,47
2020-05-03 19:00:00-05:00,55.0,1455.30029296875,46.5,46.59999847412109,69.0,79.0999984741211,0.0,0.4294646382331848,6014.25,47
2020-05-03 19:15:00-05:00,55.20000076293945,1487.53173828125,46.5,46.59999847412109,70.0,79.0999984741211,0.0,0.4255371391773224,6019.75,47
2020-05-03 19:30:00-05:00,55.09999847412109,1479.0,46.5,46.59999847412109,70.0,79.19999694824219,0.0,0.4286680221557617,6011.5,47
2020-05-03 19:45:00-05:00,55.29999923706055,1510.5377197265625,46.5,46.59999847412109,70.0,79.30000305175781,0.0,0.4236901700496673,6011.5,47
2020-05-03 20:00:00-05:00,55.29999923706055,1512.9844970703125,46.5,46.59999847412109,71.0,79.19999694824219,0.0,0.4269706606864929,6017.0,47
2020-05-03 20:15:00-05:00,55.29999923706055,1521.1407470703125,46.5,46.59999847412109,71.0,79.30000305175781,0.0,0.4253386855125427,6022.5,47
2020-05-03 20:30:00-05:00,55.5,1535.324951171875,46.5,46.70000076293945,71.0,79.30000305175781,0.0,0.4227118194103241,6028.0,47
2020-05-03 20:45:00-05:00,55.5,1563.6190185546875,46.5,46.59999847412109,71.0,79.30000305175781,0.0,0.4099464118480682,6011.5,47
2020-05-03 21:00:00-05:00,55.5,1566.0,46.5,46.5,72.0,79.5,0.0,0.4278416335582733,6017.0,47
2020-05-03 21:15:00-05:00,55.59999847412109,1575.28125,46.5,46.59999847412109,72.0,79.4000015258789,0.0,0.4221468269824981,6008.75,47
2020-05-03 21:30:00-05:00,55.5,1545.2628173828125,46.5,46.59999847412109,72.0,79.5,0.0,0.4342303276062011,6025.25,47
2020-05-03 21:45:32-05:00,55.59999847412109,1583.71875,46.5,46.59999847412109,73.0,79.5,0.0,0.4230549037456512,6022.5,47
2020-05-03 22:00:00-05:00,55.59999847412109,1593.0,46.5,46.59999847412109,73.0,79.5,0.0,0.4231010675430298,6003.25,47
2020-05-03 22:15:00-05:00,55.59999847412109,1573.59375,46.5,46.59999847412109,73.0,79.5999984741211,0.0,0.4270479679107666,6014.25,47
2020-05-03 22:30:00-05:00,55.70000076293945,1619.775146484375,46.5,46.5,73.0,79.69999694824219,0.0,0.421046108007431,6017.0,47
2020-05-03 22:45:00-05:00,55.59999847412109,1596.197265625,46.5,46.59999847412109,74.0,79.69999694824219,0.0,0.431024432182312,6008.75,47
2020-05-03 23:00:00-05:00,55.900001525878906,1645.228759765625,46.5,46.59999847412109,76.0,80.0,0.0,0.4351978302001953,6022.5,47
2020-05-03 23:15:00-05:00,55.900001525878906,1653.947509765625,46.5,46.59999847412109,76.0,80.0999984741211,0.0,0.434112936258316,6028.0,47
2020-05-03 23:30:00-05:00,55.900001525878906,1661.7943115234375,46.5,46.59999847412109,76.0,80.0999984741211,0.0,0.429656058549881,6006.0,47
2020-05-03 23:45:00-05:00,56.0,1707.131103515625,46.5,46.70000076293945,78.0,80.30000305175781,0.0,0.4328899979591369,6022.5,47
2020-05-04 00:00:00-05:00,55.900001525878906,1731.6566162109375,46.5,46.5,78.0,80.5,0.0,0.4354211986064911,6033.5,47
2020-05-04 00:15:00-05:00,56.09999847412109,1741.171875,46.5,46.59999847412109,79.0,80.5999984741211,0.0,0.4364876449108124,6019.75,47
2020-05-04 00:30:00-05:00,56.0,1729.0128173828125,46.5,46.59999847412109,79.0,80.5,0.0,0.4366653561592102,6014.25,47
2020-05-04 00:45:00-05:00,56.09999847412109,1748.296875,46.5,46.59999847412109,79.0,80.5999984741211,0.0,0.436996728181839,6039.0,47
2020-05-04 01:00:00-05:00,56.20000076293945,1765.21875,46.5,46.70000076293945,80.0,80.69999694824219,0.0,0.4401720762252807,6011.5,47
2020-05-04 01:15:00-05:00,56.20000076293945,1764.00048828125,46.5,46.59999847412109,80.0,80.80000305175781,0.0,0.4393422901630401,6019.75,47
2020-05-04 01:30:00-05:00,56.29999923706055,1796.015869140625,46.5,46.59999847412109,81.0,80.69999694824219,0.0,0.4348513782024383,6000.5,47
2020-05-04 01:45:00-05:00,56.29999923706055,1794.5997314453125,46.5,46.70000076293945,84.0,81.0999984741211,0.0,0.4580408632755279,6011.5,47
2020-05-04 02:00:00-05:00,56.09999847412109,1818.74951171875,46.5,46.400001525878906,83.0,81.0999984741211,0.0,0.4464606046676636,6014.25,47
2020-05-04 02:15:00-05:00,56.20000076293945,1820.5689697265625,46.5,46.5,84.0,81.19999694824219,0.0,0.4476622641086578,6008.75,47
2020-05-04 02:30:00-05:00,56.29999923706055,1828.7532958984373,46.5,46.59999847412109,83.0,81.19999694824219,0.0,0.4440183341503143,6022.5,47
2020-05-04 02:45:00-05:00,56.29999923706055,1848.52490234375,46.5,46.5,83.0,81.19999694824219,0.0,0.4408921003341675,6030.75,47
2020-05-04 03:00:00-05:00,56.29999923706055,1832.390869140625,46.5,46.59999847412109,84.0,81.0999984741211,0.0,0.4447740912437439,6008.75,47
2020-05-04 03:15:00-05:00,56.20000076293945,1829.6627197265625,46.5,46.5,83.0,81.0,0.0,0.4437976479530334,6022.5,47
2020-05-04 03:30:00-05:00,56.29999923706055,1835.662353515625,46.5,46.5,84.0,81.0999984741211,0.0,0.4456157088279724,6014.25,47
2020-05-04 03:45:00-05:00,56.29999923706055,1846.6873779296875,46.5,46.5,84.0,81.0,0.0,0.443496823310852,6019.75,47
2020-05-04 04:00:00-05:00,56.400001525878906,1849.4443359375,46.5,46.59999847412109,84.0,81.0,0.0,0.4422950148582458,6003.25,47
2020-05-04 04:15:00-05:00,56.5,1851.2811279296875,46.5,46.70000076293945,84.0,81.0999984741211,0.0,0.4450971782207489,6014.25,47
2020-05-04 04:30:00-05:00,56.29999923706055,1820.5689697265625,46.5,46.59999847412109,84.0,81.0,0.0,0.4515072107315063,6033.5,47
2020-05-04 04:45:00-05:00,56.29999923706055,1829.6627197265625,46.5,46.59999847412109,84.0,81.0,0.0,0.4492631256580353,6014.25,47
2020-05-04 05:00:00-05:00,56.5,1840.256103515625,46.5,46.70000076293945,84.0,81.0999984741211,0.0,0.4472203552722931,6036.25,47
2020-05-04 05:15:00-05:00,56.29999923706055,1836.5811767578125,46.5,46.5,84.0,81.0999984741211,0.0,0.4475707411766052,6022.5,47
2020-05-04 05:30:00-05:00,56.29999923706055,1824.2064208984373,46.5,46.59999847412109,84.0,80.9000015258789,0.0,0.4478659927845001,6033.5,47
2020-05-04 05:45:00-05:00,56.20000076293945,1816.0220947265625,46.5,46.5,82.0,81.0,0.0,0.4421752393245697,6030.75,47
2020-05-04 06:00:00-05:00,56.29999923706055,1835.118896484375,46.5,46.59999847412109,83.0,81.0,0.0,0.4413883090019226,6017.0,47
2020-05-04 06:15:00-05:00,56.29999923706055,1819.6595458984373,46.5,46.59999847412109,84.0,81.0,0.0,0.4500841796398163,6039.0,47
2020-05-04 06:30:00-05:00,56.20000076293945,1800.9005126953125,46.5,46.59999847412109,82.0,80.9000015258789,0.0,0.443666934967041,6030.75,47
2020-05-04 06:45:00-05:00,56.20000076293945,1791.9005126953125,46.5,46.59999847412109,82.0,80.80000305175781,0.0,0.4447791576385498,6036.25,47
2020-05-04 07:00:00-05:00,56.09999847412109,1773.234375,46.5,46.59999847412109,80.0,80.5999984741211,0.0,0.4370544552803039,6028.0,47
2020-05-04 07:15:00-05:00,56.0,1785.5997314453125,46.5,46.400001525878906,80.0,80.69999694824219,0.0,0.4340278506278991,6033.5,47
2020-05-04 07:30:00-05:00,55.79999923706055,1752.805908203125,46.5,46.400001525878906,79.0,80.5,0.0,0.4330199956893921,6030.75,47
2020-05-04 07:45:00-05:00,55.79999923706055,1684.462646484375,46.5,46.59999847412109,78.0,80.19999694824219,0.0,0.4393092393875122,6039.0,47
2020-05-04 08:00:00-05:00,55.70000076293945,1674.9752197265625,46.5,46.5,76.0,80.30000305175781,0.0,0.437021404504776,6047.25,47
2020-05-04 08:15:00-05:00,55.59999847412109,1656.7685546875,46.5,46.5,76.0,80.0999984741211,0.0,0.43156298995018,6036.25,47
2020-05-04 08:30:00-05:00,55.59999847412109,1649.9434814453125,46.5,46.5,76.0,80.0999984741211,0.0,0.4333481788635254,6047.25,47
2020-05-04 08:45:00-05:00,55.5,1618.6878662109375,46.5,46.59999847412109,75.0,79.9000015258789,0.0,0.4324490427970886,6033.5,47
2020-05-04 09:00:00-05:00,55.5,1620.84375,46.5,46.5,74.0,79.9000015258789,0.0,0.4275550842285156,6041.75,47
2020-05-04 09:15:00-05:00,55.400001525878906,1596.15966796875,46.5,46.5,74.0,79.9000015258789,0.0,0.4304080605506897,6063.75,47
2020-05-04 09:30:00-05:00,55.5,1627.59375,46.5,46.5,74.0,79.80000305175781,0.0,0.423324316740036,6069.25,47
2020-05-04 09:45:00-05:00,55.400001525878906,1610.3441162109375,46.5,46.5,74.0,79.80000305175781,0.0,0.4266168773174286,6055.5,47
2020-05-04 10:00:00-05:00,55.20000076293945,1552.8380126953125,46.5,46.59999847412109,72.0,79.80000305175781,0.0,0.4308240711688995,6044.5,47
2020-05-04 10:15:00-05:00,55.29999923706055,1557.8438720703125,46.5,46.59999847412109,72.0,79.69999694824219,0.0,0.4281558692455292,6052.75,47
2020-05-04 10:30:00-05:00,55.09999847412109,1536.7122802734375,46.5,46.5,71.0,79.69999694824219,0.0,0.4314405620098114,6039.0,47
2020-05-04 10:45:00-05:00,55.0,1513.265625,46.5,46.5,71.0,79.5999984741211,0.0,0.4321779310703277,6058.25,47
2020-05-04 11:00:00-05:00,55.0,1490.73779296875,46.5,46.59999847412109,70.0,79.5,0.0,0.4306592345237732,6063.75,47
2020-05-04 11:15:00-05:00,55.09999847412109,1509.28125,46.5,46.59999847412109,71.0,79.5999984741211,0.0,0.4260306060314178,6058.25,47
2020-05-04 11:30:00-05:00,55.09999847412109,1500.515625,46.5,46.59999847412109,71.0,79.5999984741211,0.0,0.4278529286384582,6055.5,47
2020-05-04 11:45:00-05:00,55.0,1478.1378173828125,46.5,46.59999847412109,68.0,79.4000015258789,0.0,0.4133579432964325,6050.0,47
2020-05-04 12:00:00-05:00,54.900001525878906,1460.541259765625,46.5,46.59999847412109,68.0,79.30000305175781,0.0,0.412860631942749,6069.25,47
2020-05-04 12:15:00-05:00,55.0,1472.6253662109375,46.5,46.59999847412109,70.0,79.4000015258789,0.0,0.4325608015060425,6044.5,47
2020-05-04 12:30:00-05:00,55.0,1479.0,46.5,46.5,70.0,79.30000305175781,0.0,0.42731574177742,6052.75,47
2020-05-04 12:45:00-05:00,55.20000076293945,1492.546875,46.5,46.70000076293945,70.0,79.4000015258789,0.0,0.426787257194519,6055.5,47
2020-05-04 13:00:00-05:00,55.0,1479.0,46.5,46.5,70.0,79.30000305175781,0.0,0.4266396164894104,6030.75,47
2020-05-04 13:15:00-05:00,55.0,1476.609375,46.5,46.5,70.0,79.30000305175781,0.0,0.42733034491539,6036.25,47
2020-05-04 13:30:00-05:00,55.0,1469.475341796875,46.5,46.59999847412109,69.0,79.30000305175781,0.0,0.4273634254932403,6061.0,47
2020-05-04 13:45:00-05:00,55.09999847412109,1475.015625,46.5,46.59999847412109,69.0,79.19999694824219,0.0,0.4237243235111236,6047.25,47
2020-05-04 14:00:00-05:00,55.0,1459.23779296875,46.5,46.59999847412109,69.0,79.19999694824219,0.0,0.4283058047294616,6041.75,47
2020-05-04 14:15:00-05:00,55.0,1459.23779296875,46.5,46.59999847412109,69.0,79.0999984741211,0.0,0.4248793423175812,6039.0,47
2020-05-04 14:30:00-05:00,55.0,1466.3253173828125,46.5,46.59999847412109,69.0,79.19999694824219,0.0,0.4221436977386474,6033.5,47
2020-05-04 14:45:00-05:00,55.09999847412109,1475.015625,46.5,46.59999847412109,69.0,79.19999694824219,0.0,0.4223684072494507,6011.5,47
2020-05-04 15:00:00-05:00,55.0,1463.859375,46.5,46.5,69.0,79.0999984741211,0.0,0.4249041974544525,6028.0,47
2020-05-04 15:15:00-05:00,55.0,1473.421875,46.5,46.5,69.0,79.19999694824219,0.0,0.4201104938983917,6033.5,47
2020-05-04 15:30:00-05:00,55.0,1464.65625,46.5,46.5,69.0,79.0999984741211,0.0,0.4219419956207275,6041.75,47
2020-05-04 15:45:00-05:00,54.900001525878906,1450.3125,46.5,46.400001525878906,68.0,79.0999984741211,0.0,0.4268045723438263,6030.75,47
2020-05-04 16:00:00-05:00,54.900001525878906,1428.5252685546875,46.5,46.5,68.0,78.9000015258789,0.0,0.4214136302471161,6030.75,47
2020-05-04 16:15:00-05:00,55.0,1439.55029296875,46.5,46.59999847412109,68.0,79.0,0.0,0.4251327812671661,6019.75,47
2020-05-04 16:30:00-05:00,55.09999847412109,1438.359375,46.5,46.59999847412109,68.0,79.0999984741211,0.0,0.4261800050735473,6041.75,47
2020-05-04 16:45:00-05:00,54.900001525878906,1425.375244140625,46.5,46.5,68.0,79.0,0.0,0.4300622045993805,6025.25,47
2020-05-04 17:00:00-05:00,55.09999847412109,1443.9375,46.5,46.59999847412109,68.0,79.0,0.0,0.425918698310852,6033.5,47
2020-05-04 17:15:00-05:00,55.09999847412109,1461.7310791015625,46.5,46.5,68.0,79.0,0.0,0.4166293144226074,6041.75,47
2020-05-04 17:30:00-05:00,55.09999847412109,1451.109375,46.5,46.59999847412109,69.0,78.9000015258789,0.0,0.426570177078247,6036.25,47
2020-05-04 17:45:00-05:00,55.0,1435.61279296875,46.5,46.59999847412109,68.0,78.9000015258789,0.0,0.4228159487247467,6041.75,47
2020-05-04 18:00:00-05:00,55.09999847412109,1448.71875,46.5,46.59999847412109,68.0,78.80000305175781,0.0,0.4155395925045013,6033.5,47
2020-05-04 18:15:00-05:00,55.09999847412109,1455.890625,46.5,46.59999847412109,69.0,79.0,0.0,0.4272298812866211,6030.75,47
2020-05-04 18:30:02-05:00,55.09999847412109,1456.6875,46.5,46.59999847412109,68.0,78.9000015258789,0.0,0.4160123467445373,6052.75,47
2020-05-04 18:45:00-05:00,55.20000076293945,1472.212890625,46.5,46.59999847412109,68.0,78.80000305175781,0.0,0.418417751789093,6030.75,47
2020-05-04 19:00:00-05:00,55.29999923706055,1486.884521484375,46.5,46.59999847412109,69.0,79.0,0.0,0.41832435131073,6019.75,47
2020-05-04 19:15:00-05:00,55.29999923706055,1430.193603515625,46.5,47.0,67.0,78.80000305175781,0.0,0.4104339480400085,6050.0,47
2020-05-04 19:30:00-05:00,55.09999847412109,1477.8560791015625,46.5,46.5,70.0,79.0999984741211,0.0,0.4289998114109039,6041.75,47
2020-05-04 19:45:00-05:00,55.400001525878906,1508.925537109375,46.5,46.59999847412109,71.0,79.4000015258789,0.0,0.4281192123889923,6039.0,47
2020-05-04 20:00:00-05:00,55.29999923706055,1509.7220458984375,46.5,46.59999847412109,71.0,79.30000305175781,0.0,0.4298804402351379,6033.5,47
2020-05-04 20:15:00-05:00,55.5,1562.625,46.5,46.5,71.0,79.4000015258789,0.0,0.423006147146225,6044.5,47
2020-05-04 20:30:00-05:00,55.59999847412109,1567.6875,46.5,46.59999847412109,72.0,79.5,0.0,0.4254674613475799,6028.0,47
2020-05-04 20:45:00-05:00,55.70000076293945,1587.666015625,46.5,46.59999847412109,72.0,79.4000015258789,0.0,0.4207434058189392,6039.0,47
2020-05-04 21:00:00-05:00,55.59999847412109,1560.09375,46.5,46.59999847412109,72.0,79.4000015258789,0.0,0.4275383949279785,6044.5,47
2020-05-04 21:15:00-05:00,55.79999923706055,1605.1126708984375,46.5,46.59999847412109,73.0,79.5,0.0,0.4217772483825683,6025.25,47
2020-05-04 21:30:00-05:00,55.70000076293945,1597.3502197265625,46.5,46.5,73.0,79.5,0.0,0.4238269031047821,6036.25,47
2020-05-04 21:45:00-05:00,55.79999923706055,1599.9376220703125,46.5,46.59999847412109,74.0,79.5999984741211,0.0,0.4287667274475097,6011.5,47
2020-05-04 22:00:00-05:00,55.79999923706055,1632.14990234375,46.5,46.5,75.0,79.80000305175781,0.0,0.4307202398777008,6019.75,47
2020-05-04 22:15:00-05:00,55.900001525878906,1638.253662109375,46.5,46.59999847412109,75.0,79.9000015258789,0.0,0.427894651889801,6033.5,47
2020-05-04 22:30:00-05:00,56.0,1657.631591796875,46.5,46.59999847412109,76.0,80.0,0.0,0.4307350218296051,6022.5,47
2020-05-04 22:45:00-05:00,56.0,1672.61279296875,46.5,46.59999847412109,76.0,80.0,0.0,0.4274749159812927,6047.25,47
2020-05-04 23:00:00-05:00,56.0,1734.2998046875,46.5,46.5,79.0,80.19999694824219,0.0,0.4330277740955353,6028.0,47
2020-05-04 23:15:00-05:00,56.0,1715.34375,46.5,46.5,78.0,80.30000305175781,0.0,0.4343152940273285,6030.75,47
2020-05-04 23:30:00-05:00,56.09999847412109,1723.359375,46.5,46.59999847412109,78.0,80.30000305175781,0.0,0.4346162676811218,6036.25,47
2020-05-04 23:45:00-05:00,56.09999847412109,1713.149658203125,46.5,46.70000076293945,79.0,80.30000305175781,0.0,0.4401250183582306,6039.0,47
2020-05-05 00:00:00-05:00,56.20000076293945,1736.71875,46.5,46.59999847412109,79.0,80.5,0.0,0.4404858350753784,6044.5,47
2020-05-05 00:15:00-05:00,56.29999923706055,1769.3997802734375,46.5,46.70000076293945,80.0,80.5999984741211,0.0,0.4419577717781067,6047.25,47
2020-05-05 00:30:00-05:00,56.400001525878906,1807.181884765625,46.5,46.59999847412109,81.0,80.69999694824219,0.0,0.4382514059543609,6050.0,47
2020-05-05 00:45:00-05:00,56.5,1837.4998779296875,46.5,46.70000076293945,84.0,80.80000305175781,0.0,0.4440816640853882,6036.25,47
2020-05-05 01:00:00-05:00,56.400001525878906,1837.5006103515625,46.5,46.59999847412109,84.0,81.0,0.0,0.4435372650623321,6039.0,47
2020-05-05 01:15:00-05:00,56.400001525878906,1838.41943359375,46.5,46.59999847412109,83.0,80.9000015258789,0.0,0.4427716434001922,6044.5,47
2020-05-05 01:30:00-05:00,56.400001525878906,1850.3631591796875,46.5,46.59999847412109,84.0,80.9000015258789,0.0,0.4420753717422485,6025.25,47
2020-05-05 01:45:00-05:00,56.29999923706055,1822.3876953125,46.5,46.59999847412109,84.0,80.9000015258789,0.0,0.4477642178535461,6000.5,47
2020-05-05 02:00:00-05:00,56.400001525878906,1841.1756591796875,46.5,46.59999847412109,84.0,80.9000015258789,0.0,0.4437382221221924,6030.75,47
2020-05-05 02:15:00-05:00,56.29999923706055,1843.012451171875,46.5,46.5,83.0,80.9000015258789,0.0,0.4400404393672943,6022.5,47
2020-05-05 02:30:00-05:00,56.20000076293945,1804.2001953125,46.5,46.5,83.0,80.69999694824219,0.0,0.4495066702365875,6017.0,47
2020-05-05 02:45:00-05:00,56.09999847412109,1820.5682373046875,46.5,46.400001525878906,83.0,80.80000305175781,0.0,0.4454653263092041,6025.25,47
2020-05-05 03:00:00-05:00,56.09999847412109,1765.21875,46.5,46.59999847412109,80.0,80.5,0.0,0.4362065494060516,6028.0,47
2020-05-05 03:15:00-05:00,56.0,1737.8253173828125,46.5,46.59999847412109,79.0,80.4000015258789,0.0,0.441356211900711,6019.75,47
2020-05-05 03:30:00-05:00,56.0,1745.756591796875,46.5,46.59999847412109,79.0,80.4000015258789,0.0,0.4393510520458221,6022.5,47
2020-05-05 03:45:00-05:00,55.900001525878906,1744.8753662109375,46.5,46.5,79.0,80.4000015258789,0.0,0.4384267330169678,6033.5,47
2020-05-05 04:00:00-05:00,55.79999923706055,1720.209228515625,46.5,46.5,77.0,80.19999694824219,0.0,0.4237856566905975,6025.25,47
2020-05-05 04:15:00-05:00,55.79999923706055,1718.465576171875,46.5,46.5,78.0,80.19999694824219,0.0,0.4341081976890564,6030.75,47
2020-05-05 04:30:00-05:00,56.0,1687.5941162109375,46.5,46.59999847412109,76.0,80.0,0.0,0.4284205436706543,6033.5,47
2020-05-05 04:45:00-05:00,56.0,1674.3753662109375,46.5,46.59999847412109,76.0,80.0999984741211,0.0,0.4312055706977844,6022.5,47
2020-05-05 05:00:00-05:00,56.0,1686.7127685546875,46.5,46.59999847412109,77.0,80.0999984741211,0.0,0.4316087663173675,6028.0,47
2020-05-05 05:15:00-05:00,55.900001525878906,1692.0003662109375,46.5,46.5,76.0,80.0999984741211,0.0,0.4284869134426117,6022.5,47
2020-05-05 05:30:00-05:00,56.0,1695.5252685546875,46.5,46.59999847412109,76.0,80.0999984741211,0.0,0.4275960922241211,6028.0,47
2020-05-05 05:45:00-05:00,56.0,1675.74365234375,46.5,46.70000076293945,77.0,80.0,0.0,0.4350307285785675,6036.25,47
2020-05-05 06:00:00-05:00,55.900001525878906,1669.6412353515625,46.5,46.59999847412109,77.0,80.0,0.0,0.4360218048095703,6014.25,47
2020-05-05 06:15:00-05:00,56.0,1698.1690673828125,46.5,46.59999847412109,77.0,80.0,0.0,0.4298747479915619,6033.5,47
2020-05-05 06:30:00-05:00,55.79999923706055,1666.153076171875,46.5,46.5,76.0,79.9000015258789,0.0,0.4315329790115356,6025.25,47
2020-05-05 06:45:00-05:00,55.79999923706055,1642.2001953125,46.5,46.59999847412109,75.0,79.80000305175781,0.0,0.4323467910289764,6022.5,47
2020-05-05 07:00:00-05:00,55.70000076293945,1636.1627197265625,46.5,46.5,75.0,79.9000015258789,0.0,0.432108610868454,6025.25,47
2020-05-05 07:15:00-05:00,55.59999847412109,1628.3995361328125,46.5,46.400001525878906,75.0,79.80000305175781,0.0,0.4329404234886169,6041.75,47
2020-05-05 07:30:00-05:00,55.5,1601.4375,46.5,46.5,73.0,79.5999984741211,0.0,0.4271162748336792,6025.25,47
2020-05-05 07:45:00-05:00,55.5,1597.21875,46.5,46.5,73.0,79.69999694824219,0.0,0.4276183247566223,6022.5,47
2020-05-05 08:00:00-05:00,55.5,1558.4249267578125,46.5,46.70000076293945,72.0,79.5,0.0,0.4286379218101501,6033.5,47
2020-05-05 08:15:00-05:00,55.5,1576.1346435546875,46.5,46.59999847412109,72.0,79.5999984741211,0.0,0.4238216578960418,6036.25,47
2020-05-05 08:30:00-05:00,55.5,1565.287841796875,46.5,46.59999847412109,72.0,79.5,0.0,0.4248420000076294,6030.75,47
2020-05-05 08:45:00-05:00,55.29999923706055,1538.6248779296875,46.5,46.5,72.0,79.4000015258789,0.0,0.4315541684627533,6036.25,47
2020-05-05 09:00:00-05:00,55.400001525878906,1573.631591796875,46.5,46.5,72.0,79.4000015258789,0.0,0.4213184416294098,6047.25,47
2020-05-05 09:15:00-05:00,55.29999923706055,1555.949951171875,46.5,46.5,71.0,79.4000015258789,0.0,0.4235354661941528,6033.5,47
2020-05-05 09:30:00-05:00,55.29999923706055,1539.449951171875,46.5,46.5,71.0,79.30000305175781,0.0,0.4189808070659637,6047.25,47
2020-05-05 09:45:00-05:00,55.29999923706055,1527.665771484375,46.5,46.59999847412109,71.0,79.0999984741211,0.0,0.4222127795219421,6047.25,47
2020-05-05 10:00:00-05:00,55.29999923706055,1508.099853515625,46.5,46.5,70.0,79.19999694824219,0.0,0.4237119853496551,6044.5,47
2020-05-05 10:15:00-05:00,55.29999923706055,1499.9345703125,46.5,46.59999847412109,70.0,79.0999984741211,0.0,0.4273519814014435,6033.5,47
2020-05-05 10:30:00-05:00,55.09999847412109,1490.7559814453125,46.5,46.5,70.0,79.0999984741211,0.0,0.4259583652019501,6044.5,47
2020-05-05 10:45:00-05:00,55.20000076293945,1494.2252197265625,46.5,46.5,70.0,79.0999984741211,0.0,0.4216232001781463,6041.75,47
2020-05-05 11:00:00-05:00,55.09999847412109,1473.0185546875,46.5,46.5,70.0,79.0999984741211,0.0,0.4276931881904602,6036.25,47
2020-05-05 11:15:00-05:00,55.20000076293945,1475.4658203125,46.5,46.5,70.0,79.0999984741211,0.0,0.4276615381240845,6041.75,47
2020-05-05 11:30:03-05:00,55.20000076293945,1487.7001953125,46.5,46.5,70.0,79.0999984741211,0.0,0.4248167872428894,6061.0,47
2020-05-05 11:45:00-05:00,55.20000076293945,1489.3314208984375,46.5,46.5,70.0,79.0999984741211,0.0,0.4230085909366607,6063.75,47
2020-05-05 12:00:00-05:00,55.20000076293945,1496.6719970703125,46.5,46.5,70.0,79.0999984741211,0.0,0.4216020703315735,6044.5,47
2020-05-05 12:15:00-05:00,55.20000076293945,1495.040771484375,46.5,46.5,70.0,79.0999984741211,0.0,0.422730952501297,6052.75,47
2020-05-05 12:30:00-05:00,55.09999847412109,1434.82470703125,46.5,46.70000076293945,66.0,78.9000015258789,0.0,0.4007458090782165,6050.0,47
2020-05-05 12:45:00-05:00,55.20000076293945,1481.0816650390625,46.5,46.59999847412109,69.0,79.0,0.0,0.4186129868030548,6052.75,47
2020-05-05 13:00:00-05:00,55.09999847412109,1456.6875,46.5,46.59999847412109,69.0,78.9000015258789,0.0,0.425623208284378,6055.5,47
2020-05-05 13:15:00-05:00,55.09999847412109,1468.9873046875,46.5,46.5,70.0,79.0999984741211,0.0,0.4315898418426513,6058.25,47
2020-05-05 13:30:00-05:00,55.09999847412109,1447.125,46.5,46.59999847412109,68.0,78.80000305175781,0.0,0.4277446568012237,6058.25,47
2020-05-05 13:45:00-05:00,55.09999847412109,1442.34375,46.5,46.59999847412109,68.0,78.80000305175781,0.0,0.4256960153579712,6069.25,47
2020-05-05 14:00:00-05:00,55.09999847412109,1464.1497802734375,46.5,46.5,68.0,78.80000305175781,0.0,0.4207219779491424,6033.5,47
2020-05-05 14:15:00-05:00,55.09999847412109,1451.109375,46.5,46.59999847412109,68.0,78.80000305175781,0.0,0.4238136708736419,6058.25,47
2020-05-05 14:30:00-05:00,55.0,1448.71875,46.5,46.5,68.0,78.69999694824219,0.0,0.4224422574043274,6039.0,47
2020-05-05 14:45:00-05:00,55.0,1465.7623291015625,46.5,46.400001525878906,69.0,78.80000305175781,0.0,0.4223058521747589,6063.75,47
2020-05-05 15:00:00-05:00,55.09999847412109,1493.408935546875,46.5,46.400001525878906,69.0,78.9000015258789,0.0,0.4178359806537628,6028.0,47
2020-05-05 15:15:00-05:00,55.09999847412109,1472.2122802734375,46.5,46.5,68.0,78.80000305175781,0.0,0.4190971553325653,6052.75,47
2020-05-05 15:30:00-05:00,55.09999847412109,1468.1810302734375,46.5,46.5,68.0,78.69999694824219,0.0,0.4188856780529022,6050.0,47
2020-05-05 15:45:00-05:00,55.0,1467.374755859375,46.5,46.400001525878906,68.0,78.69999694824219,0.0,0.4177528619766235,6058.25,47
2020-05-05 16:00:00-05:00,55.09999847412109,1465.7623291015625,46.5,46.5,68.0,78.80000305175781,0.0,0.4154834449291229,6047.25,47
2020-05-05 16:15:00-05:00,55.0,1446.328125,46.5,46.5,68.0,78.69999694824219,0.0,0.4210662841796875,6041.75,47
2020-05-05 16:30:00-05:00,54.900001525878906,1451.109375,46.5,46.5,68.0,78.5999984741211,0.0,0.4210571646690368,6044.5,47
2020-05-05 16:45:00-05:00,55.0,1447.125,46.5,46.5,68.0,78.5,0.0,0.4208344221115112,6058.25,47
2020-05-05 17:00:00-05:00,55.0,1440.75,46.5,46.5,68.0,78.5,0.0,0.4213083386421203,6044.5,47
2020-05-05 17:15:00-05:00,55.0,1453.5,46.5,46.5,68.0,78.5999984741211,0.0,0.4017887711524963,6028.0,47
2020-05-05 17:30:00-05:00,55.0,1435.61279296875,46.5,46.59999847412109,68.0,78.5999984741211,0.0,0.413064032793045,6030.75,47
2020-05-05 17:45:00-05:00,55.09999847412109,1458.5059814453125,46.5,46.5,68.0,78.5,0.0,0.4141224026679992,6047.25,47
2020-05-05 18:00:00-05:00,55.0,1426.9503173828125,46.5,46.59999847412109,68.0,78.5,0.0,0.4302882850170135,6058.25,47
2020-05-05 18:15:00-05:00,55.20000076293945,1480.3594970703125,46.5,46.5,69.0,78.5999984741211,0.0,0.4201682209968567,6030.75,47
2020-05-05 18:30:00-05:00,55.09999847412109,1468.9873046875,46.5,46.5,67.0,78.4000015258789,0.0,0.4200172424316406,6030.75,47
2020-05-05 18:45:00-05:00,55.0,1382.062255859375,46.5,46.900001525878906,67.0,78.19999694824219,0.0,0.4218333959579468,6028.0,47
2020-05-05 19:00:00-05:00,55.09999847412109,1463.0625,46.5,46.59999847412109,68.0,78.5,0.0,0.4176171422004699,6047.25,47
2020-05-05 19:15:00-05:00,55.20000076293945,1481.887939453125,46.5,46.59999847412109,68.0,78.5,0.0,0.4143363237380981,6036.25,47
2020-05-05 19:30:00-05:00,55.20000076293945,1466.5692138671875,46.5,46.59999847412109,68.0,78.4000015258789,0.0,0.4179823100566864,6055.5,47
2020-05-05 19:45:00-05:00,55.20000076293945,1471.40673828125,46.5,46.59999847412109,69.0,78.5,0.0,0.4206858575344085,6036.25,47
2020-05-05 20:00:00-05:00,55.20000076293945,1479.46923828125,46.5,46.59999847412109,69.0,78.5,0.0,0.4190692007541656,6050.0,47
2020-05-05 20:15:00-05:00,55.5,1539.4222412109375,46.5,46.59999847412109,71.0,78.80000305175781,0.0,0.4209371507167816,6036.25,47
2020-05-05 20:30:27-05:00,55.5,1538.5877685546875,46.5,46.59999847412109,71.0,78.9000015258789,0.0,0.4231152832508087,6058.25,47
2020-05-05 20:45:00-05:00,55.5,1544.90625,46.5,46.5,71.0,79.0,0.0,0.4181483387947082,6050.0,47
2020-05-05 21:00:00-05:00,55.5,1542.375,46.5,46.5,71.0,78.80000305175781,0.0,0.4201312959194183,6044.5,47
2020-05-05 21:15:00-05:00,55.5,1528.5753173828125,46.5,46.59999847412109,71.0,78.9000015258789,0.0,0.4226157367229461,6063.75,47
2020-05-05 21:30:00-05:00,55.59999847412109,1555.875,46.5,46.59999847412109,71.0,78.80000305175781,0.0,0.4171286225318908,6069.25,47
2020-05-05 21:45:00-05:00,55.5,1553.34375,46.5,46.5,71.0,78.80000305175781,0.0,0.4178083539009094,6044.5,47
2020-05-05 22:00:00-05:00,55.59999847412109,1555.03125,46.5,46.59999847412109,71.0,78.80000305175781,0.0,0.4147826731204986,6061.0,47
2020-05-05 22:15:00-05:00,55.70000076293945,1553.34375,46.5,46.70000076293945,72.0,78.9000015258789,0.0,0.4197396636009216,6058.25,47
2020-05-05 22:30:00-05:00,55.70000076293945,1569.75048828125,46.5,46.59999847412109,72.0,79.0999984741211,0.0,0.4191749095916748,6061.0,47
2020-05-05 22:45:00-05:00,55.900001525878906,1612.097412109375,46.5,46.59999847412109,73.0,79.0999984741211,0.0,0.4193294942378998,6066.5,47
2020-05-05 23:00:00-05:00,55.79999923706055,1609.4251708984375,46.5,46.70000076293945,73.0,79.19999694824219,0.0,0.4279019236564636,6058.25,47
2020-05-05 23:15:00-05:00,56.0,1641.76904296875,46.5,46.59999847412109,75.0,79.4000015258789,0.0,0.4263693392276764,6063.75,47
2020-05-05 23:30:00-05:00,55.900001525878906,1652.3441162109375,46.5,46.5,75.0,79.4000015258789,0.0,0.4212197661399841,6072.0,47
2020-05-05 23:45:00-05:00,56.20000076293945,1848.6004638671875,46.5,46.59999847412109,84.0,80.4000015258789,0.0,0.4446607232093811,6102.25,47
2020-05-06 00:00:00-05:00,56.0,1830.234375,46.5,46.5,80.0,80.30000305175781,0.0,0.4256285429000854,6061.0,47
2020-05-06 00:15:00-05:00,56.09999847412109,1846.7998046875,46.5,46.5,84.0,80.5,0.0,0.4413039088249206,6069.25,47
2020-05-06 00:30:00-05:00,55.70000076293945,1611.178466796875,46.5,46.79999923706055,76.0,79.4000015258789,0.0,0.43942990899086,6063.75,47
2020-05-06 00:45:00-05:00,56.09999847412109,1718.90625,46.5,46.59999847412109,77.0,79.9000015258789,0.0,0.4246886670589447,6050.0,47
2020-05-06 01:00:00-05:00,56.20000076293945,1757.700439453125,46.5,46.59999847412109,79.0,80.0999984741211,0.0,0.432383120059967,6074.75,47
2020-05-06 01:15:00-05:00,56.20000076293945,1758.6004638671875,46.5,46.59999847412109,79.0,80.19999694824219,0.0,0.4332990944385528,6061.0,47
2020-05-06 01:30:00-05:00,56.20000076293945,1753.200439453125,46.5,46.59999847412109,79.0,80.30000305175781,0.0,0.4363448619842529,6069.25,47
2020-05-06 01:45:00-05:00,56.29999923706055,1766.6998291015625,46.5,46.70000076293945,79.0,80.30000305175781,0.0,0.433576762676239,6058.25,47
2020-05-06 02:00:00-05:00,56.29999923706055,1776.9189453125,46.5,46.59999847412109,81.0,80.5,0.0,0.4423387050628662,6069.25,47
2020-05-06 02:15:00-05:00,56.29999923706055,1779.6470947265625,46.5,46.59999847412109,81.0,80.5,0.0,0.4433463215827942,6061.0,47
2020-05-06 02:30:00-05:00,56.20000076293945,1780.556396484375,46.5,46.5,81.0,80.5999984741211,0.0,0.4408734142780304,6044.5,47
2020-05-06 02:45:00-05:00,56.20000076293945,1807.200439453125,46.5,46.59999847412109,81.0,80.5,0.0,0.4365868866443634,6047.25,47
2020-05-06 03:00:00-05:00,56.20000076293945,1796.4005126953125,46.5,46.59999847412109,81.0,80.5999984741211,0.0,0.4403249621391296,6055.5,47
2020-05-06 03:15:00-05:00,56.20000076293945,1784.700439453125,46.5,46.59999847412109,81.0,80.5999984741211,0.0,0.4420909881591797,6055.5,47
2020-05-06 03:30:00-05:00,56.0,1863.8997802734373,46.5,46.400001525878906,84.0,81.0,0.0,0.4469124376773834,6047.25,47
2020-05-06 03:45:00-05:00,55.900001525878906,1816.1163330078125,46.5,46.59999847412109,82.0,80.69999694824219,0.0,0.4382979273796081,6055.5,47
2020-05-06 04:00:00-05:00,55.900001525878906,1809.1412353515625,46.5,46.59999847412109,82.0,80.80000305175781,0.0,0.4405405223369598,6061.0,47
2020-05-06 04:15:00-05:00,55.79999923706055,1778.4752197265625,46.5,46.59999847412109,81.0,80.80000305175781,0.0,0.4447630047798157,6036.25,47
2020-05-06 04:30:00-05:00,55.900001525878906,1751.859375,46.5,46.400001525878906,81.0,80.80000305175781,0.0,0.4475245177745819,6066.5,47
2020-05-06 04:45:00-05:00,56.09999847412109,1781.0997314453125,46.5,46.5,79.0,80.5,0.0,0.4328786134719848,6050.0,47
2020-05-06 05:00:00-05:00,56.20000076293945,1798.200439453125,46.5,46.59999847412109,80.0,80.5,0.0,0.4337669909000397,6047.25,47
2020-05-06 05:15:00-05:00,56.0,1791.9375,46.5,46.5,80.0,80.4000015258789,0.0,0.4341669380664825,6039.0,47
2020-05-06 05:30:00-05:00,56.0,1789.265625,46.5,46.5,80.0,80.5,0.0,0.434256374835968,6044.5,47
2020-05-06 05:45:00-05:00,56.0,1757.212890625,46.5,46.59999847412109,79.0,80.5,0.0,0.4387629926204681,6041.75,47
2020-05-06 06:00:00-05:00,56.0,1779.244140625,46.5,46.59999847412109,80.0,80.30000305175781,0.0,0.4372643232345581,6066.5,47
2020-05-06 06:15:00-05:00,56.09999847412109,1787.3997802734375,46.5,46.5,80.0,80.30000305175781,0.0,0.434150218963623,6044.5,47
2020-05-06 06:30:00-05:00,56.0,1801.7998046875,46.5,46.400001525878906,80.0,80.30000305175781,0.0,0.4317904710769653,6052.75,47
2020-05-06 06:45:00-05:00,56.0,1790.999755859375,46.5,46.400001525878906,79.0,80.30000305175781,0.0,0.4349525868892669,6036.25,47
2020-05-06 07:00:00-05:00,55.900001525878906,1627.7255859375,46.5,47.09999847412109,75.0,79.5999984741211,0.0,0.4269761443138122,6063.75,47
2020-05-06 07:15:00-05:00,55.79999923706055,1701.712646484375,46.5,46.59999847412109,77.0,80.0,0.0,0.4289796054363251,6047.25,47
2020-05-06 07:30:00-05:00,55.70000076293945,1698.2626953125,46.5,46.5,77.0,79.80000305175781,0.0,0.4298510551452636,6055.5,47
2020-05-06 07:45:00-05:00,55.59999847412109,1626.75,46.5,46.59999847412109,75.0,79.5999984741211,0.0,0.4303058385848999,6044.5,47
2020-05-06 08:00:00-05:00,55.70000076293945,1643.9722900390625,46.5,46.59999847412109,75.0,79.69999694824219,0.0,0.4257979393005371,6069.25,47
2020-05-06 08:15:00-05:00,55.59999847412109,1646.531005859375,46.5,46.5,75.0,79.5,0.0,0.4214922189712524,6058.25,47
2020-05-06 08:30:00-05:00,55.59999847412109,1623.375,46.5,46.59999847412109,75.0,79.69999694824219,0.0,0.4287364184856415,6044.5,47
2020-05-06 08:45:00-05:00,55.5,1627.59375,46.5,46.5,74.0,79.5999984741211,0.0,0.4270107448101043,6063.75,47
2020-05-06 09:00:00-05:00,55.400001525878906,1580.7005615234375,46.5,46.59999847412109,72.0,79.19999694824219,0.0,0.4206995368003845,6063.75,47
2020-05-06 09:15:00-05:00,55.29999923706055,1557.8438720703125,46.5,46.59999847412109,72.0,79.30000305175781,0.0,0.4262301325798034,6063.75,47
2020-05-06 09:30:00-05:00,55.400001525878906,1581.525634765625,46.5,46.59999847412109,72.0,79.19999694824219,0.0,0.4192154705524444,6066.5,47
2020-05-06 09:45:00-05:00,55.29999923706055,1588.1248779296875,46.5,46.5,72.0,79.19999694824219,0.0,0.4174734652042389,6080.25,47
2020-05-06 10:00:00-05:00,55.29999923706055,1571.7095947265625,46.5,46.59999847412109,72.0,79.19999694824219,0.0,0.4211974143981933,6077.5,47
2020-05-06 10:15:00-05:00,55.29999923706055,1566.6749267578125,46.5,46.5,71.0,79.0999984741211,0.0,0.4212743639945984,6061.0,47
2020-05-06 10:30:00-05:00,55.29999923706055,1545.6094970703125,46.5,46.59999847412109,70.0,78.80000305175781,0.0,0.414723128080368,6074.75,47
2020-05-06 10:45:00-05:00,55.09999847412109,1451.249755859375,46.5,46.5,68.0,78.5999984741211,0.0,0.4196383059024811,6074.75,47
2020-05-06 11:00:00-05:00,55.20000076293945,1462.5379638671875,46.5,46.59999847412109,68.0,78.69999694824219,0.0,0.4177669286727905,6072.0,47
2020-05-06 11:15:00-05:00,55.09999847412109,1454.4747314453125,46.5,46.5,68.0,78.69999694824219,0.0,0.4200829267501831,6094.0,47
2020-05-06 11:30:00-05:00,55.29999923706055,1463.2314453125,46.5,46.59999847412109,68.0,78.5999984741211,0.0,0.417568951845169,6091.25,47
2020-05-06 11:45:00-05:00,55.09999847412109,1462.5372314453125,46.5,46.5,68.0,78.69999694824219,0.0,0.4163996577262878,6083.0,47
2020-05-06 12:00:00-05:00,55.20000076293945,1473.8345947265625,46.5,46.5,68.0,78.69999694824219,0.0,0.4159218370914459,6083.0,47
2020-05-06 12:15:00-05:00,55.09999847412109,1445.6060791015625,46.5,46.5,68.0,78.5999984741211,0.0,0.4205848276615143,6085.75,47
2020-05-06 12:30:00-05:00,55.09999847412109,1448.0247802734375,46.5,46.5,68.0,78.80000305175781,0.0,0.422644704580307,6080.25,47
2020-05-06 12:45:00-05:00,55.09999847412109,1452.8623046875,46.5,46.5,68.0,78.69999694824219,0.0,0.4191725552082062,6083.0,47
2020-05-06 13:00:00-05:00,55.09999847412109,1408.875,46.5,46.59999847412109,67.0,78.5,0.0,0.4201934039592743,6072.0,47
2020-05-06 13:15:00-05:00,55.20000076293945,1426.2567138671875,46.5,46.59999847412109,67.0,78.5,0.0,0.4199804961681366,6066.5,47
2020-05-06 13:30:24-05:00,55.29999923706055,1437.947021484375,46.5,46.59999847412109,67.0,78.4000015258789,0.0,0.4130889177322387,6074.75,47
2020-05-06 13:45:00-05:00,55.20000076293945,1427.869140625,46.5,46.59999847412109,67.0,78.4000015258789,0.0,0.4174051880836487,6069.25,47
2020-05-06 14:00:00-05:00,55.29999923706055,1448.5501708984375,46.5,46.59999847412109,67.0,78.5,0.0,0.4093748331069946,6074.75,47
2020-05-06 14:15:00-05:00,55.29999923706055,1442.8408203125,46.5,46.59999847412109,67.0,78.5,0.0,0.4103016853332519,6069.25,47
2020-05-06 14:30:00-05:00,55.29999923706055,1447.7344970703125,46.5,46.59999847412109,67.0,78.4000015258789,0.0,0.4109869599342346,6063.75,47
2020-05-06 14:45:00-05:00,55.09999847412109,1411.265625,46.5,46.59999847412109,67.0,78.5,0.0,0.4194816350936889,6094.0,47
2020-05-06 15:00:00-05:00,55.20000076293945,1420.6129150390625,46.5,46.59999847412109,67.0,78.4000015258789,0.0,0.4223529100418091,6063.75,47
2020-05-06 15:15:00-05:00,55.20000076293945,1437.1314697265625,46.5,46.5,67.0,78.30000305175781,0.0,0.4105400443077087,6066.5,47
2020-05-06 15:30:00-05:00,55.29999923706055,1436.3157958984375,46.5,46.59999847412109,67.0,78.4000015258789,0.0,0.4149505198001861,6077.5,47
2020-05-06 15:45:00-05:00,55.09999847412109,1394.53125,46.5,46.59999847412109,67.0,78.4000015258789,0.0,0.4273837506771087,6058.25,47
2020-05-06 16:00:00-05:00,55.09999847412109,1410.1309814453125,46.5,46.5,67.0,78.4000015258789,0.0,0.4191100001335144,6058.25,47
2020-05-06 16:15:00-05:00,55.20000076293945,1414.9691162109375,46.5,46.59999847412109,67.0,78.30000305175781,0.0,0.4134365916252136,6063.75,47
2020-05-06 16:30:00-05:00,55.20000076293945,1392.9375,46.5,46.70000076293945,67.0,78.19999694824219,0.0,0.4228473901748657,6069.25,47
2020-05-06 16:45:00-05:00,55.20000076293945,1417.387939453125,46.5,46.59999847412109,67.0,78.30000305175781,0.0,0.4141421020030975,6063.75,47
2020-05-06 17:00:00-05:00,55.29999923706055,1421.634521484375,46.5,46.59999847412109,67.0,78.4000015258789,0.0,0.4143118262290954,6063.75,47
2020-05-06 17:15:00-05:00,55.20000076293945,1421.419189453125,46.5,46.59999847412109,67.0,78.30000305175781,0.0,0.4171886742115021,6074.75,47
2020-05-06 17:30:00-05:00,55.29999923706055,1426.5283203125,46.5,46.59999847412109,67.0,78.4000015258789,0.0,0.4177975356578827,6055.5,47
2020-05-06 17:45:00-05:00,55.20000076293945,1425.450439453125,46.5,46.59999847412109,67.0,78.30000305175781,0.0,0.4153073132038116,6063.75,47
2020-05-06 18:00:00-05:00,55.0,1413.65625,46.5,46.5,67.0,78.19999694824219,0.0,0.4159426987171173,6047.25,47
2020-05-06 18:15:00-05:00,55.29999923706055,1458.5999755859375,46.5,46.5,68.0,78.4000015258789,0.0,0.4209516048431396,6074.75,47
2020-05-06 18:30:00-05:00,55.20000076293945,1436.3157958984375,46.5,46.5,68.0,78.30000305175781,0.0,0.4274826049804687,6063.75,47
2020-05-06 18:45:00-05:00,55.29999923706055,1430.6064453125,46.5,46.59999847412109,67.0,78.19999694824219,0.0,0.4159075319766998,6069.25,47
2020-05-06 19:00:00-05:00,55.29999923706055,1437.947021484375,46.5,46.59999847412109,67.0,78.19999694824219,0.0,0.4103071987628937,6061.0,47
2020-05-06 19:15:00-05:00,55.29999923706055,1437.1314697265625,46.5,46.59999847412109,68.0,78.19999694824219,0.0,0.4314149618148803,6066.5,47
2020-05-06 19:30:00-05:00,55.29999923706055,1458.5999755859375,46.5,46.5,67.0,78.19999694824219,0.0,0.4010695219039917,6058.25,47
2020-05-06 19:45:00-05:00,55.20000076293945,1433.0533447265625,46.5,46.5,67.0,78.0999984741211,0.0,0.4047302305698395,6072.0,47
2020-05-06 20:00:00-05:00,55.400001525878906,1450.3505859375,46.5,46.59999847412109,67.0,78.19999694824219,0.0,0.4123141169548034,6066.5,47
2020-05-06 20:15:00-05:00,55.29999923706055,1442.9249267578125,46.5,46.5,67.0,78.19999694824219,0.0,0.4116638302803039,6061.0,47
2020-05-06 20:30:00-05:00,55.29999923706055,1447.7344970703125,46.5,46.59999847412109,67.0,78.19999694824219,0.0,0.4096055030822754,6063.75,47
2020-05-06 20:45:00-05:00,55.29999923706055,1428.9752197265625,46.5,46.59999847412109,67.0,78.19999694824219,0.0,0.4240801334381103,6055.5,47
2020-05-06 21:00:00-05:00,55.29999923706055,1461.074951171875,46.5,46.5,67.0,78.0999984741211,0.0,0.409287691116333,6066.5,47
2020-05-06 21:15:00-05:00,55.29999923706055,1441.2095947265625,46.5,46.59999847412109,67.0,78.30000305175781,0.0,0.416316956281662,6055.5,47
2020-05-06 21:30:00-05:00,55.400001525878906,1490.194091796875,46.5,46.5,68.0,78.5,0.0,0.4160531759262085,6047.25,47
2020-05-06 21:45:00-05:00,55.5,1486.022216796875,46.5,46.59999847412109,69.0,78.4000015258789,0.0,0.4158753454685211,6069.25,47
2020-05-06 22:00:00-05:00,55.5,1471.7999267578125,46.5,46.70000076293945,69.0,78.5,0.0,0.4178557097911834,6066.5,47
2020-05-06 22:15:00-05:00,55.5,1523.6810302734375,46.5,46.5,69.0,78.69999694824219,0.0,0.4141286611557007,6069.25,47
2020-05-06 22:30:00-05:00,55.70000076293945,1538.7001953125,46.5,46.5,69.0,78.69999694824219,0.0,0.4107362926006317,6094.0,47
2020-05-06 22:45:00-05:00,55.70000076293945,1532.212890625,46.5,46.59999847412109,70.0,78.5999984741211,0.0,0.4124753177165985,6072.0,47
2020-05-06 23:00:00-05:00,55.79999923706055,1580.8404541015625,46.5,46.70000076293945,71.0,78.9000015258789,0.0,0.4168668687343597,6077.5,47
2020-05-06 23:15:00-05:00,55.79999923706055,1571.4560546875,46.5,46.70000076293945,72.0,78.9000015258789,0.0,0.4187199473381042,6088.5,47
2020-05-06 23:30:00-05:00,55.79999923706055,1573.1622314453125,46.5,46.70000076293945,71.0,78.9000015258789,0.0,0.4169945120811462,6094.0,47
2020-05-06 23:45:00-05:00,55.70000076293945,1593.637939453125,46.5,46.59999847412109,72.0,79.0999984741211,0.0,0.4197942316532135,6077.5,47
2020-05-07 00:00:00-05:00,55.59999847412109,1578.65625,46.5,46.59999847412109,73.0,79.0999984741211,0.0,0.4237781465053558,6080.25,47
2020-05-07 00:15:00-05:00,55.70000076293945,1614.966064453125,46.5,46.59999847412109,73.0,79.0999984741211,0.0,0.4148693978786468,6091.25,47
2020-05-07 00:30:00-05:00,55.79999923706055,1597.9029541015625,46.5,46.70000076293945,73.0,79.19999694824219,0.0,0.4211770296096802,6096.75,47
2020-05-07 00:45:00-05:00,55.70000076293945,1602.169189453125,46.5,46.59999847412109,73.0,79.19999694824219,0.0,0.4194313585758209,6105.0,47
2020-05-07 01:00:00-05:00,55.79999923706055,1628.6624755859375,46.5,46.5,74.0,79.4000015258789,0.0,0.4242745339870453,6088.5,47
2020-05-07 01:15:00-05:00,55.79999923706055,1619.775146484375,46.5,46.59999847412109,75.0,79.4000015258789,0.0,0.4278371632099151,6105.0,47
2020-05-07 01:30:00-05:00,55.79999923706055,1653.074951171875,46.5,46.5,75.0,79.5,0.0,0.4180088639259338,6116.0,47
2020-05-07 01:45:00-05:00,55.900001525878906,1636.1627197265625,46.5,46.70000076293945,75.0,79.5,0.0,0.4241631925106048,6121.5,47
2020-05-07 02:00:00-05:00,56.0,1681.42529296875,46.5,46.59999847412109,76.0,79.5999984741211,0.0,0.4228555262088775,6118.75,47
2020-05-07 02:15:00-05:00,55.900001525878906,1670.850341796875,46.5,46.5,76.0,79.69999694824219,0.0,0.4273273348808288,6105.0,47
2020-05-07 02:30:00-05:00,56.09999847412109,1710.8997802734375,46.5,46.5,78.0,79.9000015258789,0.0,0.4336899220943451,6105.0,47
2020-05-07 02:45:00-05:00,56.20000076293945,1744.200439453125,46.5,46.59999847412109,78.0,80.0,0.0,0.4254098236560821,6096.75,47
2020-05-07 03:00:00-05:00,56.20000076293945,1745.1004638671875,46.5,46.59999847412109,78.0,80.0999984741211,0.0,0.4303477108478546,6088.5,47
2020-05-07 03:15:00-05:00,56.09999847412109,1734.2998046875,46.5,46.5,78.0,80.0,0.0,0.4318745732307434,6069.25,47
2020-05-07 03:30:00-05:00,56.20000076293945,1729.8004150390625,46.5,46.59999847412109,78.0,80.0,0.0,0.4324198365211487,6107.75,47
2020-05-07 03:45:00-05:00,56.0,1713.5625,46.5,46.5,78.0,80.0999984741211,0.0,0.4347667396068573,6096.75,47
2020-05-07 04:00:00-05:00,55.900001525878906,1721.08154296875,46.5,46.5,78.0,80.0999984741211,0.0,0.4340294003486633,6088.5,47
2020-05-07 04:15:00-05:00,55.900001525878906,1710.506591796875,46.5,46.5,78.0,80.0999984741211,0.0,0.4343742430210113,6099.5,47
2020-05-07 04:30:00-05:00,55.79999923706055,1685.334228515625,46.5,46.5,78.0,80.19999694824219,0.0,0.4420488178730011,6074.75,47
2020-05-07 04:45:00-05:00,56.0,1719.319091796875,46.5,46.59999847412109,78.0,80.30000305175781,0.0,0.4315662086009979,6094.0,47
2020-05-07 05:00:00-05:00,56.0,1754.569091796875,46.5,46.59999847412109,79.0,80.30000305175781,0.0,0.4325848519802093,6080.25,47
2020-05-07 05:15:00-05:00,55.900001525878906,1733.2880859375,46.5,46.59999847412109,79.0,80.4000015258789,0.0,0.4355883002281189,6094.0,47
2020-05-07 05:30:00-05:00,56.0,1749.2816162109375,46.5,46.59999847412109,79.0,80.30000305175781,0.0,0.4327490627765655,6088.5,47
2020-05-07 05:45:00-05:00,55.79999923706055,1700.8502197265625,46.5,46.59999847412109,78.0,80.19999694824219,0.0,0.4380162358283996,6085.75,47
2020-05-07 06:00:00-05:00,55.900001525878906,1735.0318603515625,46.5,46.59999847412109,78.0,80.19999694824219,0.0,0.4305396378040313,6091.25,47
2020-05-07 06:15:00-05:00,56.09999847412109,1761.65625,46.5,46.59999847412109,81.0,80.30000305175781,0.0,0.4410622119903564,6096.75,47
2020-05-07 06:30:00-05:00,56.09999847412109,1757.203125,46.5,46.59999847412109,79.0,80.19999694824219,0.0,0.4364891052246094,6088.5,47
2020-05-07 06:45:00-05:00,56.09999847412109,1767.0,46.5,46.59999847412109,80.0,80.30000305175781,0.0,0.4391624331474304,6085.75,47
2020-05-07 07:00:00-05:00,56.09999847412109,1773.234375,46.5,46.59999847412109,80.0,80.30000305175781,0.0,0.4370544552803039,6088.5,47
2020-05-07 07:15:00-05:00,56.0,1771.453125,46.5,46.5,80.0,80.30000305175781,0.0,0.4374939501285553,6085.75,47
2020-05-07 07:30:00-05:00,56.09999847412109,1769.671875,46.5,46.59999847412109,79.0,80.30000305175781,0.0,0.4311533868312835,6091.25,47
2020-05-07 07:45:00-05:00,56.0,1744.8753662109375,46.5,46.59999847412109,79.0,80.19999694824219,0.0,0.4355612099170685,6061.0,47
2020-05-07 08:00:00-05:00,56.09999847412109,1764.328125,46.5,46.59999847412109,79.0,80.0999984741211,0.0,0.4330260157585144,6088.5,47
2020-05-07 08:15:00-05:00,55.900001525878906,1745.756591796875,46.5,46.5,79.0,80.0,0.0,0.435341328382492,6088.5,47
2020-05-07 08:30:00-05:00,55.900001525878906,1755.421875,46.5,46.400001525878906,78.0,80.0,0.0,0.4289567172527313,6091.25,47
2020-05-07 08:45:00-05:00,55.79999923706055,1693.087646484375,46.5,46.59999847412109,76.0,79.69999694824219,0.0,0.4258491992950439,6085.75,47
2020-05-07 09:00:00-05:00,55.79999923706055,1676.390380859375,46.5,46.70000076293945,76.0,79.80000305175781,0.0,0.4300907552242279,6088.5,47
2020-05-07 09:15:00-05:00,55.79999923706055,1701.028076171875,46.5,46.5,76.0,79.9000015258789,0.0,0.4268007278442383,6096.75,47
2020-05-07 09:30:00-05:00,55.79999923706055,1681.0126953125,46.5,46.59999847412109,76.0,79.9000015258789,0.0,0.4300978779792785,6074.75,47
2020-05-07 09:45:00-05:00,55.79999923706055,1693.9501953125,46.5,46.59999847412109,76.0,80.0,0.0,0.4274033606052398,6094.0,47
2020-05-07 10:00:00-05:00,55.79999923706055,1677.562744140625,46.5,46.59999847412109,76.0,79.5999984741211,0.0,0.4303862750530243,6088.5,47
2020-05-07 10:15:04-05:00,55.79999923706055,1674.1126708984375,46.5,46.59999847412109,76.0,79.80000305175781,0.0,0.4300785660743713,6105.0,47
2020-05-07 10:30:00-05:00,55.59999847412109,1632.8714599609375,46.5,46.70000076293945,75.0,79.5,0.0,0.4256305694580078,6094.0,47
2020-05-07 10:45:00-05:00,55.70000076293945,1648.6875,46.5,46.70000076293945,75.0,79.5999984741211,0.0,0.427006334066391,6083.0,47
2020-05-07 11:00:00-05:00,55.59999847412109,1644.46875,46.5,46.59999847412109,75.0,79.5,0.0,0.4262774884700775,6085.75,47
2020-05-07 11:15:00-05:00,55.5,1622.0252685546875,46.5,46.59999847412109,72.0,79.4000015258789,0.0,0.4149133861064911,6088.5,47
2020-05-07 11:30:00-05:00,55.59999847412109,1658.4747314453125,46.5,46.5,75.0,79.5,0.0,0.4190597534179687,6077.5,47
2020-05-07 11:45:00-05:00,55.5,1582.312744140625,46.5,46.79999923706055,71.0,79.0999984741211,0.0,0.4095271229743957,6102.25,47
2020-05-07 12:00:00-05:00,55.5,1621.19091796875,46.5,46.59999847412109,74.0,79.30000305175781,0.0,0.4256130456924438,6118.75,47
2020-05-07 12:15:00-05:00,55.29999923706055,1599.6749267578125,46.5,46.5,73.0,79.30000305175781,0.0,0.4257114827632904,6116.0,47
2020-05-07 12:30:00-05:00,55.5,1606.1722412109375,46.5,46.59999847412109,73.0,79.4000015258789,0.0,0.4264797866344452,6099.5,47
2020-05-07 12:45:00-05:00,55.400001525878906,1611.178466796875,46.5,46.5,73.0,79.4000015258789,0.0,0.4245339632034302,6099.5,47
2020-05-07 13:00:00-05:00,55.5,1601.4375,46.5,46.5,73.0,79.30000305175781,0.0,0.424618512392044,6116.0,47
2020-05-07 13:15:00-05:00,55.400001525878906,1612.40625,46.5,46.400001525878906,73.0,79.30000305175781,0.0,0.422350138425827,6102.25,47
2020-05-07 13:30:00-05:00,55.5,1593.6566162109375,46.5,46.59999847412109,73.0,79.4000015258789,0.0,0.4273191690444946,6096.75,47
2020-05-07 13:45:00-05:00,55.5,1594.6875,46.5,46.5,73.0,79.4000015258789,0.0,0.4257887601852417,6105.0,47
2020-05-07 14:00:00-05:00,55.5,1595.53125,46.5,46.5,73.0,79.4000015258789,0.0,0.4236833453178406,6110.5,47
2020-05-07 14:15:00-05:00,55.29999923706055,1567.4998779296875,46.5,46.5,72.0,79.19999694824219,0.0,0.4216906130313873,6118.75,47
2020-05-07 14:30:00-05:00,55.5,1585.3128662109375,46.5,46.59999847412109,72.0,79.19999694824219,0.0,0.4226295053958893,6099.5,47
2020-05-07 14:45:00-05:00,55.5,1533.4873046875,46.5,46.900001525878906,70.0,79.0,0.0,0.408871978521347,6099.5,47
2020-05-07 15:00:00-05:00,55.5,1613.25,46.5,46.5,73.0,79.30000305175781,0.0,0.4165504276752472,6077.5,47
2020-05-07 15:15:00-05:00,55.5,1600.59375,46.5,46.5,73.0,79.30000305175781,0.0,0.4185946583747864,6094.0,47
2020-05-07 15:30:00-05:00,55.400001525878906,1589.4847412109375,46.5,46.5,72.0,79.19999694824219,0.0,0.4221493899822235,6105.0,47
2020-05-07 15:45:00-05:00,55.5,1598.90625,46.5,46.5,73.0,79.30000305175781,0.0,0.4227890074253082,6083.0,47
2020-05-07 16:00:00-05:00,55.29999923706055,1575.2996826171875,46.5,46.400001525878906,72.0,79.19999694824219,0.0,0.4215070903301239,6094.0,47
2020-05-07 16:15:00-05:00,55.400001525878906,1580.3065185546875,46.5,46.5,72.0,79.19999694824219,0.0,0.4239683747291565,6102.25,47
2020-05-07 16:30:00-05:00,55.400001525878906,1578.6378173828125,46.5,46.5,72.0,79.19999694824219,0.0,0.4231496155261993,6080.25,47
2020-05-07 16:45:00-05:00,55.400001525878906,1543.978271484375,46.5,46.70000076293945,71.0,78.9000015258789,0.0,0.4242287576198578,6080.25,47
2020-05-07 17:00:00-05:00,55.400001525878906,1543.1627197265625,46.5,46.70000076293945,71.0,79.0999984741211,0.0,0.4251009821891784,6083.0,47
2020-05-07 17:15:00-05:00,55.29999923706055,1555.949951171875,46.5,46.5,71.0,79.0,0.0,0.4209646880626678,6069.25,47
2020-05-07 17:30:00-05:00,55.400001525878906,1569.150634765625,46.5,46.59999847412109,72.0,79.0999984741211,0.0,0.4199724197387695,6080.25,47
2020-05-07 17:45:00-05:00,55.29999923706055,1539.0845947265625,46.5,46.59999847412109,71.0,79.0999984741211,0.0,0.4262273907661438,6091.25,47
2020-05-07 18:00:00-05:00,55.29999923706055,1567.6314697265625,46.5,46.59999847412109,71.0,79.0,0.0,0.4197415113449096,6077.5,47
2020-05-07 18:15:00-05:00,55.5,1584.4783935546875,46.5,46.59999847412109,72.0,79.0999984741211,0.0,0.4234832227230072,6080.25,47
2020-05-07 18:30:00-05:00,55.5,1583.64404296875,46.5,46.59999847412109,73.0,79.0999984741211,0.0,0.4249692261219024,6083.0,47
2020-05-07 18:45:00-05:00,55.5,1579.47216796875,46.5,46.59999847412109,73.0,79.0999984741211,0.0,0.4254585802555084,6077.5,47
2020-05-07 19:00:00-05:00,55.5,1613.25,46.5,46.5,73.0,79.0999984741211,0.0,0.4177901744842529,6085.75,47
2020-05-07 19:15:00-05:00,55.29999923706055,1591.9871826171875,46.5,46.400001525878906,73.0,79.0999984741211,0.0,0.4221139550209045,6063.75,47
2020-05-07 19:30:00-05:00,55.5,1589.625,46.5,46.5,73.0,79.19999694824219,0.0,0.4208539724349975,6072.0,47
2020-05-07 19:45:00-05:00,55.400001525878906,1553.4755859375,46.5,46.59999847412109,71.0,78.80000305175781,0.0,0.4190603494644165,6083.0,47
2020-05-07 20:00:00-05:00,55.29999923706055,1541.099853515625,46.5,46.5,71.0,78.80000305175781,0.0,0.4172344803810119,6085.75,47
2020-05-07 20:15:00-05:00,55.29999923706055,1545.224853515625,46.5,46.5,70.0,78.80000305175781,0.0,0.4154735207557678,6074.75,47
2020-05-07 20:30:00-05:00,55.29999923706055,1531.743896484375,46.5,46.59999847412109,70.0,78.80000305175781,0.0,0.4197829663753509,6072.0,47
2020-05-07 20:45:00-05:00,55.29999923706055,1545.224853515625,46.5,46.5,70.0,78.69999694824219,0.0,0.4135320484638214,6063.75,47
2020-05-07 21:00:00-05:00,55.29999923706055,1473.0185546875,46.5,46.70000076293945,69.0,78.5,0.0,0.4195466637611389,6091.25,47
2020-05-07 21:15:00-05:00,55.5,1535.2503662109375,46.5,46.59999847412109,70.0,78.5999984741211,0.0,0.4136133193969726,6058.25,47
2020-05-07 21:30:00-05:00,55.5,1524.4034423828125,46.5,46.59999847412109,70.0,78.5999984741211,0.0,0.4145884215831756,6088.5,47
2020-05-07 21:45:00-05:00,55.5,1533.09375,46.5,46.5,70.0,78.5999984741211,0.0,0.411586046218872,6063.75,47
2020-05-07 22:00:00-05:00,55.400001525878906,1527.740966796875,46.5,46.5,70.0,78.5999984741211,0.0,0.4136826992034912,6077.5,47
2020-05-07 22:15:00-05:00,55.5,1538.5877685546875,46.5,46.59999847412109,70.0,78.69999694824219,0.0,0.4127161502838135,6083.0,47
2020-05-07 22:30:00-05:00,55.59999847412109,1560.09375,46.5,46.59999847412109,70.0,78.9000015258789,0.0,0.4108727574348449,6061.0,47
2020-05-07 22:45:00-05:00,55.5,1530.2440185546875,46.5,46.59999847412109,70.0,78.80000305175781,0.0,0.4182339608669281,6061.0,47
2020-05-07 23:00:00-05:00,55.59999847412109,1564.3125,46.5,46.59999847412109,70.0,78.80000305175781,0.0,0.409764677286148,6096.75,47
2020-05-07 23:15:00-05:00,55.59999847412109,1555.875,46.5,46.59999847412109,71.0,78.80000305175781,0.0,0.4126295447349548,6080.25,47
2020-05-07 23:30:00-05:00,55.59999847412109,1562.625,46.5,46.59999847412109,71.0,78.9000015258789,0.0,0.4172466099262237,6083.0,47
2020-05-07 23:45:00-05:00,55.59999847412109,1569.375,46.5,46.59999847412109,71.0,78.9000015258789,0.0,0.4135404229164123,6102.25,47
2020-05-08 00:00:00-05:00,55.5,1555.03125,46.5,46.5,71.0,78.80000305175781,0.0,0.4147826731204986,6083.0,47
2020-05-08 00:15:00-05:00,55.59999847412109,1561.78125,46.5,46.59999847412109,71.0,78.9000015258789,0.0,0.4142705500125885,6074.75,47
2020-05-08 00:30:00-05:00,55.59999847412109,1560.9375,46.5,46.59999847412109,71.0,78.9000015258789,0.0,0.4157757759094238,6091.25,47
2020-05-08 00:45:00-05:00,55.79999923706055,1587.6654052734375,46.5,46.70000076293945,71.0,79.0,0.0,0.4106658697128296,6069.25,47
2020-05-08 01:00:00-05:00,55.70000076293945,1586.81298828125,46.5,46.59999847412109,72.0,79.19999694824219,0.0,0.4222299754619598,6077.5,47
2020-05-08 01:15:00-05:00,55.79999923706055,1604.2501220703125,46.5,46.59999847412109,72.0,79.19999694824219,0.0,0.4163939356803894,6094.0,47
2020-05-08 01:30:00-05:00,55.70000076293945,1582.54736328125,46.5,46.59999847412109,72.0,79.30000305175781,0.0,0.4221042692661285,6088.5,47
2020-05-08 01:45:00-05:00,55.59999847412109,1568.53125,46.5,46.59999847412109,72.0,79.30000305175781,0.0,0.4252385795116424,6094.0,47
2020-05-08 02:00:00-05:00,55.79999923706055,1605.1126708984375,46.5,46.59999847412109,73.0,79.30000305175781,0.0,0.4205312132835388,6080.25,47
2020-05-08 02:15:00-05:00,55.79999923706055,1596.4876708984375,46.5,46.59999847412109,73.0,79.4000015258789,0.0,0.4215503931045532,6088.5,47
2020-05-08 02:30:00-05:00,55.900001525878906,1616.456787109375,46.5,46.59999847412109,75.0,79.5999984741211,0.0,0.4318086504936218,6099.5,47
2020-05-08 02:45:00-05:00,56.0,1640.8878173828125,46.5,46.59999847412109,74.0,79.5,0.0,0.4186757802963257,6099.5,47
2020-05-08 03:00:00-05:00,55.79999923706055,1613.840576171875,46.5,46.5,73.0,79.5,0.0,0.421974778175354,6099.5,47
2020-05-08 03:15:04-05:00,55.79999923706055,1619.9437255859375,46.5,46.5,73.0,79.5,0.0,0.4203849732875824,6113.25,47
2020-05-08 03:30:00-05:00,55.79999923706055,1622.559326171875,46.5,46.5,73.0,79.5999984741211,0.0,0.4215562343597412,6096.75,47
2020-05-08 03:45:00-05:00,55.70000076293945,1560.09375,46.5,46.70000076293945,70.0,79.30000305175781,0.0,0.4076678156852722,6099.5,47
2020-05-08 04:00:00-05:00,55.59999847412109,1566.0,46.5,46.59999847412109,72.0,79.5,0.0,0.4252873659133911,6102.25,47
2020-05-08 04:15:00-05:00,55.59999847412109,1569.749755859375,46.5,46.5,72.0,79.30000305175781,0.0,0.4229973554611206,6074.75,47
2020-05-08 04:30:00-05:00,55.70000076293945,1584.2535400390625,46.5,46.59999847412109,72.0,79.4000015258789,0.0,0.4235433042049408,6083.0,47
2020-05-08 04:45:00-05:00,55.59999847412109,1568.53125,46.5,46.59999847412109,72.0,79.30000305175781,0.0,0.4246010482311249,6083.0,47
2020-05-08 05:00:00-05:00,55.59999847412109,1562.625,46.5,46.59999847412109,72.0,79.4000015258789,0.0,0.4255659580230713,6113.25,47
2020-05-08 05:15:00-05:00,55.5,1557.5625,46.5,46.5,71.0,79.30000305175781,0.0,0.4237390160560608,6099.5,47
2020-05-08 05:30:00-05:00,55.59999847412109,1566.84375,46.5,46.59999847412109,71.0,79.30000305175781,0.0,0.4212289750576019,6091.25,47
2020-05-08 05:45:00-05:00,55.59999847412109,1586.25,46.5,46.59999847412109,72.0,79.19999694824219,0.0,0.417336493730545,6077.5,47
2020-05-08 06:00:00-05:00,55.400001525878906,1584.4783935546875,46.5,46.5,72.0,79.0999984741211,0.0,0.4184342324733734,6096.75,47
2020-05-08 06:15:00-05:00,55.59999847412109,1575.28125,46.5,46.59999847412109,73.0,79.19999694824219,0.0,0.4259556829929352,6102.25,47
2020-05-08 06:30:00-05:00,55.5,1587.9375,46.5,46.5,72.0,79.0999984741211,0.0,0.4194119870662689,6083.0,47
2020-05-08 06:45:00-05:00,55.5,1516.2470703125,46.5,46.79999923706055,71.0,78.9000015258789,0.0,0.4240733683109283,6083.0,47
2020-05-08 07:00:00-05:00,55.400001525878906,1546.8756103515625,46.5,46.59999847412109,71.0,79.0999984741211,0.0,0.4214947819709778,6099.5,47
2020-05-08 07:15:00-05:00,55.400001525878906,1551.9378662109375,46.5,46.5,71.0,78.9000015258789,0.0,0.4175424873828888,6088.5,47
2020-05-08 07:30:00-05:00,55.29999923706055,1478.1370849609375,46.5,46.900001525878906,69.0,78.5999984741211,0.0,0.4221529960632324,6102.25,47
2020-05-08 07:45:00-05:00,55.29999923706055,1526.8502197265625,46.5,46.59999847412109,70.0,78.80000305175781,0.0,0.4191635847091675,6085.75,47
2020-05-08 08:00:00-05:00,55.29999923706055,1540.27490234375,46.5,46.5,70.0,78.69999694824219,0.0,0.4161594808101654,6080.25,47
2020-05-08 08:15:00-05:00,55.20000076293945,1522.7720947265625,46.5,46.5,70.0,78.69999694824219,0.0,0.4196294248104095,6094.0,47
2020-05-08 08:30:00-05:00,55.20000076293945,1521.2999267578125,46.5,46.400001525878906,70.0,78.5,0.0,0.4167488515377044,6091.25,47
2020-05-08 08:45:00-05:00,55.20000076293945,1499.9345703125,46.5,46.5,70.0,78.5,0.0,0.4200183153152466,6094.0,47
2020-05-08 09:00:00-05:00,55.09999847412109,1518.6932373046875,46.5,46.400001525878906,69.0,78.4000015258789,0.0,0.4121964871883392,6096.75,47
2020-05-08 09:15:00-05:00,55.20000076293945,1487.53173828125,46.5,46.59999847412109,69.0,78.30000305175781,0.0,0.4181423485279083,6105.0,47
2020-05-08 09:30:00-05:00,55.09999847412109,1489.9498291015625,46.5,46.5,69.0,78.4000015258789,0.0,0.4174637198448181,6102.25,47
2020-05-08 09:45:00-05:00,55.20000076293945,1460.9254150390625,46.5,46.59999847412109,67.0,78.0999984741211,0.0,0.4106985926628113,6094.0,47
2020-05-08 10:00:00-05:00,55.29999923706055,1462.415771484375,46.5,46.59999847412109,68.0,78.30000305175781,0.0,0.4068610370159149,6099.5,47
2020-05-08 10:15:00-05:00,55.400001525878906,1480.1815185546875,46.5,46.5,68.0,78.5,0.0,0.4168407618999481,6006.0,47
2020-05-08 10:30:00-05:00,55.29999923706055,1451.1749267578125,46.5,46.5,67.0,78.30000305175781,0.0,0.4113907814025879,6011.5,47
2020-05-08 10:45:00-05:00,55.29999923706055,1416.5810546875,46.5,46.70000076293945,67.0,78.19999694824219,0.0,0.4115542769432068,6014.25,47
2020-05-08 11:00:00-05:00,55.29999923706055,1430.6064453125,46.5,46.59999847412109,67.0,78.30000305175781,0.0,0.4075194895267486,6036.25,47
2020-05-08 11:15:00-05:00,55.20000076293945,1422.2254638671875,46.5,46.59999847412109,67.0,78.0999984741211,0.0,0.4113271832466125,6008.75,47
2020-05-08 11:30:00-05:00,55.20000076293945,1408.5191650390625,46.5,46.59999847412109,67.0,78.0999984741211,0.0,0.416039764881134,6017.0,47
2020-05-08 11:45:00-05:00,55.20000076293945,1433.868896484375,46.5,46.5,67.0,78.0999984741211,0.0,0.4079870879650116,6030.75,47
2020-05-08 12:00:00-05:00,55.20000076293945,1408.5191650390625,46.5,46.59999847412109,67.0,78.0999984741211,0.0,0.4174596965312958,6003.25,47
2020-05-08 12:15:48-05:00,55.29999923706055,1434.6845703125,46.5,46.59999847412109,67.0,78.0999984741211,0.0,0.4112402200698852,6014.25,47
2020-05-08 12:30:00-05:00,55.20000076293945,1419.0003662109375,46.5,46.59999847412109,67.0,78.0999984741211,0.0,0.4115573167800903,6022.5,47
2020-05-08 12:45:00-05:00,55.20000076293945,1424.6441650390625,46.5,46.59999847412109,67.0,78.0999984741211,0.0,0.4113307893276214,6000.5,47
2020-05-08 13:00:00-05:00,55.09999847412109,1392.9375,46.5,46.59999847412109,67.0,78.19999694824219,0.0,0.4199757575988769,6008.75,47
2020-05-08 13:15:00-05:00,55.09999847412109,1384.96875,46.5,46.59999847412109,66.0,78.0999984741211,0.0,0.4187820255756378,6011.5,47
2020-05-08 13:30:00-05:00,55.09999847412109,1396.125,46.5,46.59999847412109,67.0,78.19999694824219,0.0,0.4183006584644317,6030.75,47
2020-05-08 13:45:00-05:00,55.09999847412109,1397.71875,46.5,46.59999847412109,66.0,78.0999984741211,0.0,0.4156773388385772,6033.5,47
2020-05-08 14:00:00-05:00,55.20000076293945,1385.9442138671875,46.5,46.59999847412109,67.0,78.19999694824219,0.0,0.4199303090572357,6025.25,47
2020-05-08 14:15:00-05:00,55.09999847412109,1405.2935791015625,46.5,46.5,65.0,78.0999984741211,0.0,0.4098787605762481,6033.5,47
2020-05-08 14:30:00-05:00,55.09999847412109,1414.968505859375,46.5,46.5,66.0,78.0999984741211,0.0,0.4070762097835541,6014.25,47
2020-05-08 14:45:00-05:00,55.09999847412109,1377.796875,46.5,46.59999847412109,66.0,78.0999984741211,0.0,0.4180587232112884,6011.5,47
2020-05-08 15:00:00-05:00,55.09999847412109,1394.006103515625,46.5,46.5,66.0,78.0,0.0,0.4117628931999206,6025.25,47
2020-05-08 15:15:00-05:00,55.09999847412109,1404.4873046875,46.5,46.5,66.0,78.0999984741211,0.0,0.4115380644798279,6033.5,47
2020-05-08 15:30:00-05:00,55.0,1362.375244140625,46.5,46.59999847412109,65.0,77.9000015258789,0.0,0.4125148355960846,6036.25,47
2020-05-08 15:45:00-05:00,55.0,1360.0128173828125,46.5,46.59999847412109,65.0,77.9000015258789,0.0,0.4124961197376251,6017.0,47
2020-05-08 16:00:00-05:00,55.0,1368.67529296875,46.5,46.59999847412109,65.0,77.80000305175781,0.0,0.4084241092205047,6033.5,47
2020-05-08 16:15:00-05:00,55.0,1360.0128173828125,46.5,46.59999847412109,65.0,77.80000305175781,0.0,0.4132314026355743,6025.25,47
2020-05-08 16:30:00-05:00,54.900001525878906,1343.8223876953125,46.5,46.59999847412109,65.0,77.69999694824219,0.0,0.4167217314243316,6028.0,47
2020-05-08 16:45:00-05:00,55.0,1382.850341796875,46.5,46.59999847412109,65.0,77.69999694824219,0.0,0.4056838154792785,6028.0,47
2020-05-08 17:00:00-05:00,55.0,1367.9437255859375,46.5,46.70000076293945,65.0,77.80000305175781,0.0,0.4101046025753021,6030.75,47
2020-05-08 17:15:00-05:00,54.900001525878906,1353.7127685546875,46.5,46.5,65.0,77.69999694824219,0.0,0.4121997058391571,6014.25,47
2020-05-08 17:30:00-05:00,55.09999847412109,1364.25,46.5,46.59999847412109,65.0,77.69999694824219,0.0,0.4060839414596557,6014.25,47
2020-05-08 17:45:00-05:00,55.09999847412109,1359.224609375,46.5,46.70000076293945,65.0,77.69999694824219,0.0,0.4083210229873657,5995.0,47
2020-05-08 18:00:00-05:00,55.09999847412109,1371.037109375,46.5,46.70000076293945,65.0,77.69999694824219,0.0,0.4091793000698089,6011.5,47
2020-05-08 18:15:00-05:00,55.29999923706055,1402.068603515625,46.5,46.70000076293945,66.0,77.9000015258789,0.0,0.4101083278656006,6017.0,47
2020-05-08 18:30:00-05:00,55.0,1392.140625,46.5,46.5,65.0,77.80000305175781,0.0,0.4115963578224182,6008.75,47
2020-05-08 18:45:00-05:00,55.09999847412109,1382.578125,46.5,46.59999847412109,65.0,77.80000305175781,0.0,0.4129965603351593,5992.25,47
2020-05-08 19:00:00-05:00,55.09999847412109,1388.15625,46.5,46.5,65.0,77.69999694824219,0.0,0.4113369882106781,6006.0,47
2020-05-08 19:15:00-05:00,55.20000076293945,1381.9129638671875,46.5,46.59999847412109,65.0,77.80000305175781,0.0,0.4124717116355896,6011.5,47
2020-05-08 19:30:00-05:00,55.29999923706055,1416.7408447265625,46.5,46.59999847412109,66.0,77.69999694824219,0.0,0.4044494032859802,6011.5,47
2020-05-08 19:45:00-05:00,55.29999923706055,1396.3502197265625,46.5,46.59999847412109,66.0,77.80000305175781,0.0,0.414652407169342,6000.5,47
2020-05-08 20:00:00-05:00,55.29999923706055,1399.6497802734375,46.5,46.70000076293945,66.0,77.80000305175781,0.0,0.4129604399204254,5997.75,47
2020-05-08 20:15:00-05:00,55.5,1461.8253173828125,46.5,46.59999847412109,67.0,78.0,0.0,0.4166024327278137,6011.5,47
2020-05-08 20:30:00-05:00,55.5,1397.71875,46.5,47.0,67.0,77.69999694824219,0.0,0.4149618744850158,6003.25,47
2020-05-08 20:45:00-05:00,55.59999847412109,1484.437255859375,46.5,46.5,68.0,78.0,0.0,0.4122774600982666,6000.5,47
2020-05-08 21:00:00-05:00,55.59999847412109,1479.318603515625,46.5,46.5,67.0,77.9000015258789,0.0,0.3954523503780365,5984.0,47
2020-05-08 21:15:00-05:00,55.59999847412109,1478.4654541015625,46.5,46.5,68.0,77.9000015258789,0.0,0.4071789383888244,5984.0,47
2020-05-08 21:30:00-05:00,55.59999847412109,1492.115478515625,46.5,46.5,68.0,77.80000305175781,0.0,0.4242298901081085,5986.75,47
2020-05-08 21:45:00-05:00,55.59999847412109,1488.702880859375,46.5,46.5,68.0,77.9000015258789,0.0,0.4023636877536773,6011.5,47
2020-05-08 22:00:00-05:00,55.59999847412109,1469.8125,46.5,46.59999847412109,68.0,77.80000305175781,0.0,0.4238635897636413,6006.0,47
2020-05-08 22:15:00-05:00,55.59999847412109,1461.375,46.5,46.59999847412109,68.0,77.80000305175781,0.0,0.4064665138721466,5984.0,47
2020-05-08 22:30:00-05:00,55.70000076293945,1517.1376953125,46.5,46.70000076293945,68.0,77.80000305175781,0.0,0.4022365212440491,5995.0,47
2020-05-08 22:45:00-05:00,55.79999923706055,1520.587646484375,46.5,46.59999847412109,69.0,78.0,0.0,0.4110253155231476,6000.5,47
2020-05-08 23:00:00-05:00,55.79999923706055,1503.2060546875,46.5,46.70000076293945,70.0,78.19999694824219,0.0,0.4137822687625885,6006.0,47
2020-05-08 23:15:00-05:00,55.79999923706055,1525.7626953125,46.5,46.59999847412109,69.0,78.19999694824219,0.0,0.4056987464427948,5995.0,47
2020-05-08 23:30:00-05:00,55.900001525878906,1569.3756103515625,46.5,46.59999847412109,71.0,78.4000015258789,0.0,0.4097170829772949,6006.0,47
2020-05-08 23:45:00-05:00,55.79999923706055,1556.8126220703125,46.5,46.59999847412109,71.0,78.30000305175781,0.0,0.4136657118797302,6019.75,47
2020-05-09 00:00:00-05:00,55.79999923706055,1556.8126220703125,46.5,46.59999847412109,71.0,78.4000015258789,0.0,0.4117386937141418,6017.0,47
2020-05-09 00:15:00-05:00,55.79999923706055,1548.1876220703125,46.5,46.59999847412109,71.0,78.4000015258789,0.0,0.414032518863678,5989.5,47
2020-05-09 00:30:00-05:00,55.900001525878906,1565.0162353515625,46.5,46.59999847412109,71.0,78.4000015258789,0.0,0.4108583629131317,6006.0,47
2020-05-09 00:45:00-05:00,55.900001525878906,1559.784912109375,46.5,46.59999847412109,71.0,78.5,0.0,0.4115952253341675,6019.75,47
2020-05-09 01:00:00-05:00,55.900001525878906,1579.8380126953125,46.5,46.59999847412109,71.0,78.5,0.0,0.4108016192913055,6025.25,47
2020-05-09 01:15:00-05:00,56.0,1594.1815185546875,46.5,46.59999847412109,72.0,78.5999984741211,0.0,0.410869151353836,6017.0,47
2020-05-09 01:30:00-05:00,56.0,1617.375,46.5,46.5,72.0,78.69999694824219,0.0,0.412396639585495,6014.25,47
2020-05-09 01:45:00-05:00,56.0,1599.4691162109375,46.5,46.59999847412109,73.0,78.80000305175781,0.0,0.4195142090320587,6025.25,47
2020-05-09 02:00:00-05:00,56.09999847412109,1666.359375,46.5,46.59999847412109,74.0,79.0,0.0,0.4164767861366272,6028.0,47
2020-05-09 02:15:00-05:00,56.0,1663.6875,46.5,46.5,75.0,79.0999984741211,0.0,0.4165445864200592,6039.0,47
2020-05-09 08:15:00-05:00,56.0,1659.234375,46.5,46.5,74.0,79.0999984741211,0.0,0.4164571464061737,6019.75,55
2020-05-09 08:30:00-05:00,56.0,1647.0565185546875,46.5,46.59999847412109,73.0,79.0,0.0,0.4146791398525238,6014.25,55
2020-05-09 08:45:00-05:00,56.0,1626.918701171875,46.5,46.70000076293945,74.0,79.0,0.0,0.4234999716281891,6028.0,55
2020-05-09 09:00:00-05:00,56.0,1630.4061279296875,46.5,46.70000076293945,75.0,78.9000015258789,0.0,0.4256608188152313,6011.5,55
2020-05-09 09:15:00-05:00,56.0,1656.5625,46.5,46.5,75.0,78.9000015258789,0.0,0.4207507967948913,6000.5,55
2020-05-09 09:30:00-05:00,55.79999923706055,1593.0377197265625,46.5,46.59999847412109,72.0,78.69999694824219,0.0,0.4180691838264465,6011.5,55
2020-05-09 09:45:00-05:00,55.79999923706055,1609.481201171875,46.5,46.5,72.0,78.69999694824219,0.0,0.4119339883327484,6011.5,55
2020-05-09 10:00:00-05:00,55.70000076293945,1571.4566650390625,46.5,46.59999847412109,72.0,78.5999984741211,0.0,0.4187197983264923,6022.5,55
2020-05-09 10:15:00-05:00,55.59999847412109,1575.7216796875,46.5,46.5,71.0,78.5999984741211,0.0,0.4156825542449951,6017.0,55
2020-05-09 10:30:00-05:00,55.59999847412109,1592.174560546875,46.5,46.400001525878906,71.0,78.5999984741211,0.0,0.4120151102542877,6025.25,55
2020-05-09 10:45:00-05:00,55.5,1528.5753173828125,46.5,46.59999847412109,70.0,78.30000305175781,0.0,0.4114942848682403,6014.25,55
2020-05-09 11:00:00-05:00,55.5,1533.0654296875,46.5,46.400001525878906,69.0,78.30000305175781,0.0,0.4083321988582611,6011.5,55
2020-05-09 11:15:00-05:00,55.400001525878906,1490.194091796875,46.5,46.5,68.0,78.19999694824219,0.0,0.4126979112625122,6000.5,55
2020-05-09 11:30:00-05:00,55.29999923706055,1480.8748779296875,46.5,46.5,68.0,78.19999694824219,0.0,0.4159703254699707,6022.5,55
2020-05-09 11:45:00-05:00,55.400001525878906,1487.69091796875,46.5,46.5,68.0,78.0999984741211,0.0,0.4080148637294769,5997.75,55
2020-05-09 12:00:00-05:00,55.5,1499.3721923828125,46.5,46.59999847412109,68.0,78.0999984741211,0.0,0.4141733348369598,6019.75,55
2020-05-09 12:15:00-05:00,55.5,1506.9375,46.5,46.5,68.0,78.0999984741211,0.0,0.4140848517417907,6011.5,55
2020-05-09 12:30:00-05:00,55.5,1489.359619140625,46.5,46.59999847412109,68.0,78.0999984741211,0.0,0.4035291373729706,6011.5,55
2020-05-09 12:45:00-05:00,55.400001525878906,1505.2127685546875,46.5,46.5,68.0,78.0999984741211,0.0,0.4145593345165252,6017.0,55
2020-05-09 13:00:00-05:00,55.5,1502.71875,46.5,46.5,68.0,78.0999984741211,0.0,0.3966144621372223,6008.75,55
2020-05-09 13:15:00-05:00,55.400001525878906,1476.0096435546875,46.5,46.5,68.0,78.0,0.0,0.4037913978099823,6008.75,55
2020-05-09 13:30:00-05:00,55.20000076293945,1465.199951171875,46.5,46.400001525878906,68.0,78.0,0.0,0.4122304320335388,6003.25,55
2020-05-09 13:45:00-05:00,55.29999923706055,1443.6563720703125,46.5,46.59999847412109,67.0,77.80000305175781,0.0,0.4107625782489776,6008.75,55
2020-05-09 14:00:00-05:00,55.29999923706055,1454.259521484375,46.5,46.59999847412109,67.0,77.9000015258789,0.0,0.4050171077251434,6008.75,55
2020-05-09 14:15:00-05:00,55.29999923706055,1446.103271484375,46.5,46.59999847412109,67.0,77.80000305175781,0.0,0.4045354127883911,6006.0,55
2020-05-09 14:30:00-05:00,55.20000076293945,1418.1942138671875,46.5,46.59999847412109,67.0,78.0,0.0,0.4124963879585266,6000.5,55
2020-05-09 14:45:00-05:00,55.20000076293945,1424.6441650390625,46.5,46.59999847412109,67.0,78.0,0.0,0.4141384959220886,6008.75,55
2020-05-09 15:00:00-05:00,55.09999847412109,1378.59375,46.5,46.59999847412109,65.0,77.9000015258789,0.0,0.4156409502029419,6008.75,55
2020-05-09 15:15:00-05:00,55.20000076293945,1398.0379638671875,46.5,46.59999847412109,67.0,77.80000305175781,0.0,0.4148671329021454,6008.75,55
2020-05-09 15:30:00-05:00,55.400001525878906,1415.9251708984375,46.5,46.70000076293945,66.0,77.69999694824219,0.0,0.4089199006557464,6019.75,55
2020-05-09 15:45:00-05:00,55.29999923706055,1422.4501953125,46.5,46.59999847412109,66.0,77.69999694824219,0.0,0.4070441424846649,6006.0,55
2020-05-09 16:00:00-05:00,55.29999923706055,1439.6248779296875,46.5,46.5,67.0,77.9000015258789,0.0,0.4091343581676483,6022.5,55
2020-05-09 16:15:00-05:00,55.29999923706055,1415.1094970703125,46.5,46.59999847412109,67.0,77.9000015258789,0.0,0.4126889109611511,6028.0,55
2020-05-09 16:30:00-05:00,55.400001525878906,1445.1378173828125,46.5,46.5,67.0,77.80000305175781,0.0,0.4068816006183624,6025.25,55
2020-05-09 16:45:00-05:00,55.29999923706055,1409.3248291015625,46.5,46.5,67.0,77.69999694824219,0.0,0.4136732518672943,6028.0,55
2020-05-09 17:00:00-05:00,55.29999923706055,1388.15625,46.5,46.79999923706055,65.0,77.5999984741211,0.0,0.4055739343166351,6017.0,55
2020-05-09 17:15:00-05:00,55.29999923706055,1404.5064697265625,46.5,46.59999847412109,66.0,77.80000305175781,0.0,0.4143804311752319,6036.25,55
2020-05-09 17:30:00-05:00,55.20000076293945,1405.294189453125,46.5,46.59999847412109,66.0,77.69999694824219,0.0,0.4127249717712402,6014.25,55
2020-05-09 17:45:00-05:00,55.29999923706055,1424.0814208984375,46.5,46.59999847412109,66.0,77.80000305175781,0.0,0.4100888967514038,6033.5,55
2020-05-09 18:00:00-05:00,55.29999923706055,1420.0032958984375,46.5,46.59999847412109,66.0,77.69999694824219,0.0,0.4098581969738006,6014.25,55
2020-05-09 18:15:00-05:00,55.29999923706055,1414.2939453125,46.5,46.59999847412109,66.0,77.69999694824219,0.0,0.4108057022094726,6022.5,55
2020-05-09 18:30:00-05:00,55.29999923706055,1435.4998779296875,46.5,46.5,66.0,77.69999694824219,0.0,0.4047370553016662,6011.5,55
2020-05-09 18:45:00-05:00,55.29999923706055,1405.322021484375,46.5,46.59999847412109,66.0,77.80000305175781,0.0,0.4105820655822754,6030.75,55
2020-05-09 19:00:00-05:00,55.29999923706055,1404.5064697265625,46.5,46.59999847412109,66.0,77.69999694824219,0.0,0.4136684536933899,6025.25,55
2020-05-09 19:15:00-05:00,55.29999923706055,1420.8189697265625,46.5,46.59999847412109,66.0,77.69999694824219,0.0,0.4110305607318878,6025.25,55
2020-05-09 19:30:00-05:00,55.29999923706055,1421.634521484375,46.5,46.59999847412109,66.0,77.69999694824219,0.0,0.4079810976982116,6033.5,55
2020-05-09 19:45:00-05:00,55.29999923706055,1412.6627197265625,46.5,46.59999847412109,66.0,77.69999694824219,0.0,0.4112800657749176,6022.5,55
2020-05-09 20:00:00-05:00,55.400001525878906,1435.50048828125,46.5,46.59999847412109,66.0,77.5999984741211,0.0,0.406826764345169,6014.25,55
2020-05-09 20:15:00-05:00,55.20000076293945,1411.8470458984375,46.5,46.5,67.0,77.5999984741211,0.0,0.4150591194629669,6025.25,55
2020-05-09 20:30:00-05:00,55.29999923706055,1436.324951171875,46.5,46.5,67.0,77.69999694824219,0.0,0.4086818993091583,6017.0,55
2020-05-09 20:45:00-05:00,55.29999923706055,1433.868896484375,46.5,46.59999847412109,67.0,77.5999984741211,0.0,0.4079870879650116,6006.0,55
2020-05-09 21:00:00-05:00,55.20000076293945,1445.39990234375,46.5,46.400001525878906,67.0,77.5999984741211,0.0,0.4026567339897156,6028.0,55
2020-05-09 21:15:00-05:00,55.29999923706055,1422.4501953125,46.5,46.59999847412109,67.0,77.69999694824219,0.0,0.4112622141838074,6006.0,55
2020-05-09 21:30:00-05:00,55.400001525878906,1447.87548828125,46.5,46.59999847412109,67.0,77.5999984741211,0.0,0.4068029224872589,6011.5,55
2020-05-09 21:45:00-05:00,55.5,1466.83154296875,46.5,46.59999847412109,67.0,77.69999694824219,0.0,0.4035910069942474,6017.0,55
2020-05-09 22:00:00-05:00,55.5,1465.199951171875,46.5,46.70000076293945,67.0,77.69999694824219,0.0,0.4047229290008545,5978.5,55
2020-05-09 22:15:00-05:00,55.400001525878906,1442.1005859375,46.5,46.59999847412109,68.0,77.69999694824219,0.0,0.4139794409275055,6006.0,55
2020-05-09 22:30:00-05:00,55.5,1472.672119140625,46.5,46.59999847412109,68.0,77.69999694824219,0.0,0.4053855538368225,6011.5,55
2020-05-09 22:45:00-05:00,55.59999847412109,1485.84375,46.5,46.59999847412109,68.0,77.9000015258789,0.0,0.3755441904067993,5984.0,55
2020-05-09 23:00:00-05:00,55.59999847412109,1500.1875,46.5,46.59999847412109,69.0,77.9000015258789,0.0,0.4119485020637512,6008.75,55
2020-05-09 23:15:00-05:00,55.79999923706055,1551.9373779296875,46.5,46.5,70.0,78.0,0.0,0.4078772962093353,6003.25,55
2020-05-09 23:30:00-05:00,56.0,1558.05029296875,46.5,46.59999847412109,70.0,78.0999984741211,0.0,0.407560646533966,5997.75,55
2020-05-09 23:45:00-05:00,56.09999847412109,1584.421875,46.5,46.59999847412109,71.0,78.19999694824219,0.0,0.4096131324768066,5995.0,55
2020-05-10 00:00:00-05:00,56.0,1604.756591796875,46.5,46.59999847412109,71.0,78.0999984741211,0.0,0.4056690037250519,5992.25,55
2020-05-10 00:15:00-05:00,55.900001525878906,1593.7880859375,46.5,46.59999847412109,72.0,78.19999694824219,0.0,0.4141077399253845,5989.5,55
2020-05-10 00:30:00-05:00,55.79999923706055,1580.1002197265625,46.5,46.59999847412109,71.0,78.19999694824219,0.0,0.4094676971435547,6000.5,55
2020-05-10 00:45:00-05:00,55.79999923706055,1582.6876220703125,46.5,46.59999847412109,71.0,78.19999694824219,0.0,0.4094301164150238,6025.25,55
2020-05-10 01:00:00-05:00,55.79999923706055,1599.0186767578125,46.5,46.5,71.0,78.0999984741211,0.0,0.4052485525608063,6003.25,55
2020-05-10 01:15:00-05:00,55.900001525878906,1592.0443115234375,46.5,46.59999847412109,71.0,78.19999694824219,0.0,0.410164475440979,6006.0,55
2020-05-10 01:30:00-05:00,55.900001525878906,1596.4036865234375,46.5,46.59999847412109,71.0,78.19999694824219,0.0,0.4059123694896698,6014.25,55
2020-05-10 01:45:00-05:00,55.900001525878906,1585.0693359375,46.5,46.59999847412109,71.0,78.19999694824219,0.0,0.4094458222389221,5986.75,55
2020-05-10 02:00:07-05:00,55.900001525878906,1605.994384765625,46.5,46.59999847412109,71.0,78.19999694824219,0.0,0.4041109979152679,6014.25,55
2020-05-10 02:15:00-05:00,56.0,1610.9246826171875,46.5,46.70000076293945,73.0,78.4000015258789,0.0,0.4121856391429901,6014.25,55
2020-05-10 02:30:00-05:00,55.900001525878906,1619.73779296875,46.5,46.5,72.0,78.4000015258789,0.0,0.409325510263443,5992.25,55
2020-05-10 02:45:00-05:00,55.900001525878906,1597.2755126953125,46.5,46.59999847412109,72.0,78.5,0.0,0.416333943605423,6006.0,55
2020-05-10 03:00:00-05:00,56.09999847412109,1633.837158203125,46.5,46.70000076293945,74.0,78.80000305175781,0.0,0.4229307770729065,6003.25,55
2020-05-10 03:15:00-05:00,56.09999847412109,1647.055908203125,46.5,46.70000076293945,74.0,78.9000015258789,0.0,0.4189293086528778,5940.0,55
2020-05-10 03:30:00-05:00,56.09999847412109,1680.609375,46.5,46.59999847412109,74.0,78.69999694824219,0.0,0.4093753099441528,6052.75,55
2020-05-10 03:45:00-05:00,56.0,1648.819091796875,46.5,46.59999847412109,74.0,78.5999984741211,0.0,0.4190878272056579,6074.75,55
2020-05-10 04:00:00-05:00,56.20000076293945,1678.50048828125,46.5,46.59999847412109,75.0,78.9000015258789,0.0,0.4164431393146515,5967.5,55
2020-05-10 04:15:00-05:00,56.09999847412109,1678.828125,46.5,46.59999847412109,75.0,78.9000015258789,0.0,0.419935792684555,5984.0,55
2020-05-10 04:30:00-05:00,56.29999923706055,1710.5345458984375,46.5,46.59999847412109,76.0,78.80000305175781,0.0,0.4139057099819183,6058.25,55
2020-05-10 04:45:00-05:00,56.29999923706055,1729.08740234375,46.5,46.5,76.0,79.0,0.0,0.4192963242530823,6055.5,55
2020-05-10 05:00:00-05:00,56.400001525878906,1723.265869140625,46.5,46.70000076293945,77.0,79.0999984741211,0.0,0.4253551363945007,6052.75,55
2020-05-10 05:15:00-05:00,56.5,1760.324951171875,46.5,46.70000076293945,78.0,79.19999694824219,0.0,0.4220811724662781,6058.25,55
2020-05-10 05:30:00-05:00,56.5,1791.2816162109375,46.5,46.59999847412109,79.0,79.30000305175781,0.0,0.4220441877841949,6066.5,55
2020-05-10 05:45:00-05:00,56.5,1782.928466796875,46.5,46.59999847412109,79.0,79.30000305175781,0.0,0.4240215122699737,6085.75,55
2020-05-10 06:00:00-05:00,56.5,1791.5625,46.5,46.5,80.0,79.4000015258789,0.0,0.4314669370651245,6077.5,55
2020-05-10 06:15:00-05:00,56.70000076293945,1825.575439453125,46.5,46.59999847412109,80.0,79.5999984741211,0.0,0.4245236814022064,6083.0,55
2020-05-10 06:30:00-05:00,56.70000076293945,1844.512939453125,46.5,46.59999847412109,81.0,79.69999694824219,0.0,0.4282973408699035,6069.25,55
2020-05-10 06:45:00-05:00,56.70000076293945,1833.1505126953125,46.5,46.59999847412109,81.0,79.69999694824219,0.0,0.431497573852539,6066.5,55
2020-05-10 07:00:00-05:00,56.79999923706055,1836.937255859375,46.5,46.70000076293945,82.0,79.69999694824219,0.0,0.4316968321800232,6063.75,55
2020-05-10 07:15:00-05:00,56.79999923706055,1859.906494140625,46.5,46.59999847412109,82.0,79.80000305175781,0.0,0.4295914769172668,6052.75,55
2020-05-10 07:30:00-05:00,56.79999923706055,1868.5126953125,46.5,46.59999847412109,83.0,79.9000015258789,0.0,0.4345702230930328,6072.0,55
2020-05-10 07:45:00-05:00,56.79999923706055,1870.4251708984373,46.5,46.59999847412109,84.0,79.9000015258789,0.0,0.4341259002685547,6055.5,55
2020-05-10 08:00:00-05:00,56.900001525878906,1886.8319091796875,46.5,46.59999847412109,84.0,80.0,0.0,0.4335309267044067,6063.75,55
2020-05-10 08:15:00-05:00,56.79999923706055,1879.9876708984373,46.5,46.59999847412109,84.0,80.0,0.0,0.4340454041957855,6058.25,55
2020-05-10 08:30:00-05:00,56.900001525878906,1897.4537353515625,46.5,46.59999847412109,84.0,80.0,0.0,0.4337391555309295,6044.5,55
2020-05-10 08:45:00-05:00,56.900001525878906,1888.593994140625,46.5,46.70000076293945,85.0,80.0,0.0,0.4426573514938354,6063.75,55
2020-05-10 09:00:00-05:00,56.900001525878906,1908.0755615234373,46.5,46.59999847412109,85.0,80.0,0.0,0.4365655183792114,6061.0,55
2020-05-10 09:15:00-05:00,57.0,1910.025390625,46.5,46.59999847412109,85.0,80.0999984741211,0.0,0.4371669590473175,6069.25,55
2020-05-10 09:30:00-05:00,56.79999923706055,1854.9278564453125,46.5,46.70000076293945,84.0,79.80000305175781,0.0,0.4426048099994659,6061.0,55
2020-05-10 09:45:00-05:00,57.09999847412109,1780.359375,46.5,47.59999847412109,76.0,79.5,0.0,0.3993575870990753,5406.5,55
2020-05-10 10:00:00-05:00,57.09999847412109,2040.609375,46.5,46.59999847412109,90.0,80.9000015258789,0.0,0.450845718383789,5857.5,55
2020-05-10 10:15:00-05:00,57.29999923706055,2077.47216796875,46.5,46.59999847412109,93.0,81.0999984741211,0.0,0.4543983936309814,5865.75,55
2020-05-10 10:30:00-05:00,57.0,2007.525390625,46.5,46.59999847412109,90.0,80.80000305175781,0.0,0.4518000185489654,5863.0,55
2020-05-10 10:45:00-05:00,57.0,1999.725341796875,46.5,46.59999847412109,90.0,80.80000305175781,0.0,0.4510619342327118,5843.75,55
2020-05-10 11:00:00-05:00,56.900001525878906,1942.0411376953125,46.5,46.79999923706055,88.0,80.5,0.0,0.4521016478538513,5849.25,55
2020-05-10 11:15:00-05:00,56.79999923706055,1963.181396484375,46.5,46.59999847412109,87.0,80.5999984741211,0.0,0.4436676204204559,5832.75,55
2020-05-10 11:30:00-05:00,56.70000076293945,1923.75,46.5,46.70000076293945,86.0,80.30000305175781,0.0,0.4428849816322326,5835.5,55
2020-05-10 11:45:00-05:00,56.70000076293945,1948.669189453125,46.5,46.59999847412109,87.0,80.5,0.0,0.4474848806858063,5827.25,55
2020-05-10 12:00:00-05:00,56.70000076293945,1912.68798828125,46.5,46.59999847412109,85.0,80.30000305175781,0.0,0.4365583956241607,5832.75,55
2020-05-10 12:15:00-05:00,56.79999923706055,1893.749755859375,46.5,46.70000076293945,85.0,80.30000305175781,0.0,0.4472607970237732,5832.75,55
2020-05-10 12:30:00-05:00,56.70000076293945,1901.325439453125,46.5,46.59999847412109,85.0,80.30000305175781,0.0,0.4444268047809601,5827.25,55
2020-05-10 12:45:00-05:00,56.70000076293945,1918.2376708984373,46.5,46.5,85.0,80.30000305175781,0.0,0.4405085146427154,5830.0,55
2020-05-10 13:00:00-05:00,56.79999923706055,1929.712646484375,46.5,46.59999847412109,85.0,80.4000015258789,0.0,0.4384072422981262,5838.25,55
2020-05-10 13:15:00-05:00,56.70000076293945,1915.368896484375,46.5,46.5,85.0,80.30000305175781,0.0,0.4390799105167389,5843.75,55
2020-05-10 13:30:00-05:00,56.59999847412109,1916.324462890625,46.5,46.400001525878906,85.0,80.30000305175781,0.0,0.4409482777118683,5830.0,55
2020-05-10 13:45:00-05:00,56.70000076293945,1908.9005126953125,46.5,46.59999847412109,84.0,80.0999984741211,0.0,0.4306143820285797,5849.25,55
2020-05-10 14:00:00-05:00,56.5,1858.125,46.5,46.5,84.0,80.0,0.0,0.4402287304401397,5827.25,55
2020-05-10 14:15:00-05:00,56.59999847412109,1868.4375,46.5,46.59999847412109,84.0,80.0999984741211,0.0,0.4377989768981933,5819.0,55
2020-05-10 14:30:00-05:00,56.5,1843.256591796875,46.5,46.59999847412109,83.0,80.0,0.0,0.4378120899200439,5830.0,55
2020-05-10 14:45:00-05:00,56.5,1862.8125,46.5,46.5,83.0,80.0,0.0,0.4326790869235992,5832.75,55
2020-05-10 15:00:00-05:00,56.400001525878906,1828.3131103515625,46.5,46.59999847412109,81.0,79.69999694824219,0.0,0.4315453469753265,5830.0,55
2020-05-10 15:15:00-05:00,56.29999923706055,1804.2001953125,46.5,46.59999847412109,81.0,79.9000015258789,0.0,0.435650110244751,5832.75,55
2020-05-10 15:30:00-05:00,56.29999923706055,1799.6533203125,46.5,46.59999847412109,81.0,79.80000305175781,0.0,0.4361951351165771,5835.5,55
2020-05-10 15:45:00-05:00,56.29999923706055,1808.7470703125,46.5,46.59999847412109,81.0,79.9000015258789,0.0,0.4334492087364197,5830.0,55
2020-05-10 16:00:00-05:00,56.400001525878906,1834.744384765625,46.5,46.59999847412109,81.0,79.9000015258789,0.0,0.4300326406955719,5832.75,55
2020-05-10 16:15:00-05:00,56.400001525878906,1839.338134765625,46.5,46.59999847412109,81.0,79.9000015258789,0.0,0.4289586544036865,5816.25,55
2020-05-10 16:30:00-05:00,56.29999923706055,1808.7470703125,46.5,46.59999847412109,81.0,79.9000015258789,0.0,0.4373193085193634,5835.5,55
2020-05-10 16:45:00-05:00,56.29999923706055,1836.5811767578125,46.5,46.5,81.0,79.9000015258789,0.0,0.4279690980911255,5838.25,55
2020-05-10 17:00:00-05:00,56.29999923706055,1801.4720458984373,46.5,46.59999847412109,81.0,79.9000015258789,0.0,0.4368649423122406,5852.0,55
2020-05-10 17:15:00-05:00,56.29999923706055,1817.287353515625,46.5,46.5,81.0,79.80000305175781,0.0,0.4303116798400879,5827.25,55
2020-05-10 17:30:00-05:00,56.29999923706055,1818.750244140625,46.5,46.59999847412109,81.0,79.69999694824219,0.0,0.4316150546073913,5830.0,55
2020-05-10 17:45:00-05:00,56.29999923706055,1798.743896484375,46.5,46.59999847412109,81.0,79.69999694824219,0.0,0.4369716048240661,5830.0,55
2020-05-10 18:00:00-05:00,56.29999923706055,1822.3876953125,46.5,46.59999847412109,81.0,79.80000305175781,0.0,0.4318510293960571,5838.25,55
2020-05-10 18:15:00-05:00,56.29999923706055,1807.837646484375,46.5,46.59999847412109,81.0,79.69999694824219,0.0,0.4336672723293304,5841.0,55
2020-05-10 18:30:00-05:00,56.20000076293945,1801.4720458984373,46.5,46.5,80.0,79.69999694824219,0.0,0.4302037358283996,5835.5,55
2020-05-10 18:45:00-05:00,56.09999847412109,1795.499755859375,46.5,46.5,80.0,79.80000305175781,0.0,0.4338625073432922,5852.0,55
2020-05-10 19:00:04-05:00,56.20000076293945,1801.800537109375,46.5,46.59999847412109,80.0,79.69999694824219,0.0,0.4306803047657013,5832.75,55
2020-05-10 19:15:00-05:00,56.09999847412109,1757.203125,46.5,46.59999847412109,79.0,79.5999984741211,0.0,0.4359200000762939,5838.25,55
2020-05-10 19:30:00-05:00,56.20000076293945,1784.700439453125,46.5,46.59999847412109,79.0,79.5999984741211,0.0,0.4286433756351471,5824.5,55
2020-05-10 19:45:00-05:00,56.20000076293945,1780.200439453125,46.5,46.59999847412109,80.0,79.69999694824219,0.0,0.4330973029136657,5827.25,55
2020-05-10 20:00:00-05:00,56.20000076293945,1785.6004638671875,46.5,46.59999847412109,80.0,79.69999694824219,0.0,0.4340276718139648,5827.25,55
2020-05-10 20:15:00-05:00,56.20000076293945,1790.1004638671875,46.5,46.59999847412109,80.0,79.69999694824219,0.0,0.4323779642581939,5827.25,55
2020-05-10 20:30:00-05:00,56.20000076293945,1791.9005126953125,46.5,46.59999847412109,80.0,79.5999984741211,0.0,0.4313855469226837,5830.0,55
2020-05-10 20:45:00-05:00,56.29999923706055,1822.499755859375,46.5,46.70000076293945,80.0,79.69999694824219,0.0,0.4257888197898865,5827.25,55
2020-05-10 21:00:00-05:00,56.09999847412109,1845.8997802734373,46.5,46.5,82.0,79.80000305175781,0.0,0.4323095083236694,5843.75,55
2020-05-10 21:15:00-05:00,56.400001525878906,1873.3319091796875,46.5,46.59999847412109,83.0,80.0,0.0,0.4350537061691284,5832.75,55
2020-05-10 21:30:00-05:00,56.29999923706055,1876.08740234375,46.5,46.5,83.0,80.0,0.0,0.433348685503006,5838.25,55
2020-05-10 21:45:00-05:00,56.29999923706055,1850.578369140625,46.5,46.59999847412109,83.0,79.9000015258789,0.0,0.43878173828125,5841.0,55
2020-05-10 22:00:00-05:00,56.29999923706055,1854.2158203125,46.5,46.59999847412109,82.0,79.9000015258789,0.0,0.4341458082199096,5832.75,55
2020-05-10 22:15:00-05:00,56.5,1891.51904296875,46.5,46.59999847412109,84.0,80.0,0.0,0.437214732170105,5813.5,55
2020-05-10 22:30:00-05:00,56.5,1898.0159912109373,46.5,46.59999847412109,84.0,80.0,0.0,0.4330838024616241,5838.25,55
2020-05-10 22:45:00-05:00,56.59999847412109,1913.4375,46.5,46.59999847412109,84.0,80.0,0.0,0.4342969059944153,5830.0,55
2020-05-10 23:00:00-05:00,56.5,1911.009765625,46.5,46.59999847412109,85.0,80.0,0.0,0.4411280453205108,5852.0,55
2020-05-10 23:15:00-05:00,56.900001525878906,1994.98193359375,46.5,46.59999847412109,88.0,80.30000305175781,0.0,0.4411067366600036,5805.25,55
2020-05-10 23:30:00-05:00,56.79999923706055,1956.4876708984373,46.5,46.59999847412109,88.0,80.30000305175781,0.0,0.4472300112247467,5827.25,55
2020-05-10 23:45:00-05:00,56.79999923706055,1967.962646484375,46.5,46.59999847412109,88.0,80.4000015258789,0.0,0.4461466670036316,5835.5,55
2020-05-11 00:00:00-05:00,56.900001525878906,2004.600341796875,46.5,46.5,89.0,80.4000015258789,0.0,0.4414845108985901,5838.25,55
2020-05-11 00:15:00-05:00,56.900001525878906,1998.7503662109373,46.5,46.5,89.0,80.4000015258789,0.0,0.4412757158279419,5832.75,55
2020-05-11 00:30:00-05:00,56.900001525878906,1911.9381103515625,46.5,46.59999847412109,88.0,80.5999984741211,0.0,0.4592198729515075,5560.5,55
2020-05-11 00:45:00-05:00,56.29999923706055,1875.5997314453125,46.5,46.70000076293945,83.0,79.9000015258789,0.0,0.4345276653766632,5841.0,55
2020-05-11 01:00:00-05:00,56.70000076293945,1984.6505126953125,46.5,46.59999847412109,88.0,80.30000305175781,0.0,0.4439068734645843,5852.0,55
2020-05-11 01:15:00-05:00,56.400001525878906,1949.0628662109373,46.5,46.5,85.0,80.0999984741211,0.0,0.4345678091049194,5846.5,55
2020-05-11 01:30:00-05:00,56.29999923706055,1921.106201171875,46.5,46.5,85.0,80.0,0.0,0.4362070262432098,5846.5,55
2020-05-11 01:45:00-05:00,56.29999923706055,1920.1873779296875,46.5,46.5,85.0,80.0999984741211,0.0,0.4374572932720184,5843.75,55
2020-05-11 02:00:00-05:00,56.09999847412109,1905.14013671875,46.5,46.400001525878906,84.0,80.0,0.0,0.4372381865978241,5827.25,55
2020-05-11 02:15:00-05:00,56.29999923706055,1918.781494140625,46.5,46.59999847412109,85.0,80.0,0.0,0.4356931746006012,5841.0,55
2020-05-11 03:45:00-05:00,56.5,1952.775390625,46.5,46.59999847412109,87.0,80.30000305175781,0.0,0.4450076520442962,5857.5,57
2020-05-11 04:00:42-05:00,56.59999847412109,1982.8125,46.5,46.59999847412109,87.0,80.4000015258789,0.0,0.4392750263214111,5841.0,57
2020-05-11 04:15:00-05:00,56.59999847412109,2000.1090087890625,46.5,46.70000076293945,89.0,80.5999984741211,0.0,0.4434758424758911,5863.0,57
2020-05-11 04:30:00-05:00,56.70000076293945,2018.738037109375,46.5,46.59999847412109,90.0,80.80000305175781,0.0,0.4512720108032226,5863.0,57
2020-05-11 04:45:00-05:00,56.70000076293945,2038.6224365234373,46.5,46.59999847412109,92.0,80.69999694824219,0.0,0.4522661864757538,5854.75,57
2020-05-11 05:00:00-05:00,56.59999847412109,2036.7279052734373,46.5,46.5,92.0,81.0,0.0,0.4546508193016052,5860.25,57
2020-05-11 05:15:00-05:00,56.70000076293945,2052.11279296875,46.5,46.5,92.0,81.0,0.0,0.4527041614055633,5863.0,57
2020-05-11 05:30:00-05:00,56.79999923706055,2061.67529296875,46.5,46.59999847412109,92.0,81.0,0.0,0.4539997279644012,5854.75,57
2020-05-11 05:45:00-05:00,56.79999923706055,2068.368896484375,46.5,46.59999847412109,93.0,81.19999694824219,0.0,0.4588156342506408,5854.75,57
2020-05-11 06:00:00-05:00,56.900001525878906,2068.368896484375,46.5,46.70000076293945,94.0,81.19999694824219,0.0,0.461232990026474,5865.75,57
2020-05-11 06:15:00-05:00,57.0,2090.578857421875,46.5,46.59999847412109,95.0,81.30000305175781,0.0,0.4654213190078735,5846.5,57
2020-05-11 06:30:00-05:00,56.900001525878906,2078.9912109375,46.5,46.59999847412109,95.0,81.5,0.0,0.4670534431934356,5838.25,57
2020-05-11 06:45:00-05:00,56.79999923706055,2053.06884765625,46.5,46.59999847412109,95.0,81.30000305175781,0.0,0.4714893102645874,5841.0,57
2020-05-11 07:00:00-05:00,56.79999923706055,2089.6123046875,46.5,46.5,94.0,81.4000015258789,0.0,0.4598939120769501,5841.0,57
2020-05-11 07:15:00-05:00,56.79999923706055,2065.500244140625,46.5,46.59999847412109,95.0,81.4000015258789,0.0,0.4681674540042877,5849.25,57
2020-05-11 07:30:00-05:00,56.70000076293945,2075.1279296875,46.5,46.400001525878906,94.0,81.4000015258789,0.0,0.4626220762729645,5843.75,57
2020-05-11 07:45:00-05:00,56.59999847412109,2035.781005859375,46.5,46.5,91.0,81.19999694824219,0.0,0.4489677548408508,5846.5,57
2020-05-11 08:00:00-05:00,56.5,2004.375,46.5,46.5,90.0,81.19999694824219,0.0,0.457998126745224,5846.5,57
2020-05-11 08:15:00-05:00,56.5,2003.4375,46.5,46.5,90.0,81.30000305175781,0.0,0.4552175998687744,5863.0,57
2020-05-11 08:30:00-05:00,56.5,1995.9375,46.5,46.5,90.0,81.30000305175781,0.0,0.4594332277774811,5838.25,57
2020-05-11 08:45:00-05:00,56.400001525878906,1986.1878662109373,46.5,46.5,90.0,81.30000305175781,0.0,0.4616884589195251,5846.5,57
2020-05-11 09:00:00-05:00,56.400001525878906,1995.0,46.5,46.400001525878906,89.0,81.19999694824219,0.0,0.4546366035938263,5835.5,57
2020-05-11 09:15:00-05:00,56.20000076293945,1914.234619140625,46.5,46.5,87.0,80.69999694824219,0.0,0.4513553380966186,5846.5,57
2020-05-11 09:30:00-05:00,56.09999847412109,1881.890625,46.5,46.59999847412109,85.0,80.5999984741211,0.0,0.4484851360321045,5841.0,57
2020-05-11 09:45:00-05:00,56.0,1648.2001953125,46.5,47.79999923706055,71.0,78.4000015258789,0.0,0.3913359642028808,6627.5,57
2020-05-11 10:00:00-05:00,55.900001525878906,1815.3753662109373,46.5,46.5,81.0,79.9000015258789,0.0,0.4362733960151672,6077.5,57
2020-05-11 10:15:00-05:00,56.20000076293945,1866.947021484375,46.5,46.5,82.0,80.0,0.0,0.43172088265419,6088.5,57
2020-05-11 10:30:00-05:00,55.900001525878906,1775.13818359375,46.5,46.59999847412109,80.0,79.5999984741211,0.0,0.4354590475559234,6080.25,57
2020-05-11 10:45:00-05:00,55.900001525878906,1715.5126953125,46.5,46.70000076293945,79.0,79.5,0.0,0.440101683139801,5942.75,57
2020-05-11 11:00:00-05:00,55.70000076293945,1701.98486328125,46.5,46.59999847412109,77.0,79.5,0.0,0.4289109706878662,5945.5,57
2020-05-11 11:15:00-05:00,55.5,1651.228515625,46.5,46.59999847412109,75.0,79.19999694824219,0.0,0.425137996673584,5942.75,57
2020-05-11 11:30:00-05:00,55.5,1683.21533203125,46.5,46.400001525878906,75.0,79.19999694824219,0.0,0.4176530539989471,5945.5,57
2020-05-11 11:45:00-05:00,55.5,1662.1875,46.5,46.5,75.0,79.0999984741211,0.0,0.4223350286483764,5948.25,57
2020-05-11 12:00:00-05:00,55.400001525878906,1613.7005615234375,46.5,46.59999847412109,73.0,78.9000015258789,0.0,0.4232507646083832,5953.75,57
2020-05-11 12:15:00-05:00,55.400001525878906,1618.650634765625,46.5,46.59999847412109,73.0,78.9000015258789,0.0,0.4194852113723755,5937.25,57
2020-05-11 12:30:00-05:00,55.29999923706055,1599.4964599609375,46.5,46.400001525878906,70.0,78.69999694824219,0.0,0.3957495391368866,5967.5,57
2020-05-11 12:45:00-05:00,55.5,1595.3253173828125,46.5,46.59999847412109,72.0,78.69999694824219,0.0,0.4124550521373749,5945.5,57
2020-05-11 13:00:00-05:00,55.29999923706055,1559.4752197265625,46.5,46.59999847412109,71.0,78.5999984741211,0.0,0.4219368100166321,5953.75,57
2020-05-11 13:15:00-05:00,55.29999923706055,1559.4752197265625,46.5,46.59999847412109,71.0,78.5,0.0,0.4193718433380127,5948.25,57
2020-05-11 13:30:00-05:00,55.29999923706055,1581.52490234375,46.5,46.5,71.0,78.5,0.0,0.412260353565216,5981.25,57
2020-05-11 13:45:00-05:00,55.20000076293945,1555.1248779296875,46.5,46.400001525878906,69.0,78.4000015258789,0.0,0.4012539386749267,5942.75,57
2020-05-11 14:00:00-05:00,55.20000076293945,1503.703125,46.5,46.70000076293945,70.0,78.0999984741211,0.0,0.4169706106185913,5956.5,57
2020-05-11 14:15:00-05:00,55.20000076293945,1523.0067138671875,46.5,46.59999847412109,69.0,78.19999694824219,0.0,0.411029040813446,5973.0,57
2020-05-11 14:30:00-05:00,55.29999923706055,1533.3751220703125,46.5,46.59999847412109,70.0,78.30000305175781,0.0,0.4134669899940491,5962.0,57
2020-05-11 14:45:00-05:00,55.09999847412109,1502.109375,46.5,46.59999847412109,70.0,78.19999694824219,0.0,0.4194101989269256,5970.25,57
2020-05-11 15:00:00-05:00,55.09999847412109,1468.9873046875,46.5,46.5,68.0,78.0,0.0,0.4152520596981048,5953.75,57
2020-05-11 15:15:00-05:00,55.29999923706055,1499.8499755859375,46.5,46.5,68.0,78.0,0.0,0.4067073464393616,5945.5,57
2020-05-11 15:30:00-05:00,55.400001525878906,1499.0255126953125,46.5,46.59999847412109,68.0,78.0,0.0,0.4069310426712036,5978.5,57
2020-05-11 15:45:00-05:00,55.29999923706055,1503.14990234375,46.5,46.5,68.0,78.0,0.0,0.4071450233459472,5962.0,57
2020-05-11 16:00:00-05:00,55.20000076293945,1467.37548828125,46.5,46.59999847412109,68.0,77.9000015258789,0.0,0.4150266945362091,5986.75,57
2020-05-11 16:15:00-05:00,55.20000076293945,1485.2532958984375,46.5,46.5,68.0,77.80000305175781,0.0,0.4140707850456238,5970.25,57
2020-05-11 16:30:00-05:00,55.29999923706055,1468.9873046875,46.5,46.70000076293945,65.0,77.69999694824219,0.0,0.3866609334945678,5967.5,57
2020-05-11 16:45:00-05:00,55.20000076293945,1478.728271484375,46.5,46.5,67.0,77.69999694824219,0.0,0.4016965329647064,5973.0,57
2020-05-11 17:00:00-05:00,55.20000076293945,1455.28173828125,46.5,46.59999847412109,67.0,77.69999694824219,0.0,0.3806822896003723,5940.0,57
2020-05-11 17:15:00-05:00,55.20000076293945,1463.34423828125,46.5,46.59999847412109,68.0,77.9000015258789,0.0,0.4093363583087921,5940.0,57
2020-05-11 17:30:00-05:00,55.09999847412109,1456.8935546875,46.5,46.5,68.0,77.9000015258789,0.0,0.4248766005039215,5929.0,57
2020-05-11 17:45:00-05:00,55.20000076293945,1469.7564697265625,46.5,46.5,67.0,77.80000305175781,0.0,0.4191170632839203,5926.25,57
2020-05-11 18:00:00-05:00,55.20000076293945,1454.4754638671875,46.5,46.59999847412109,67.0,77.80000305175781,0.0,0.4242079257965088,5948.25,57
2020-05-11 18:15:00-05:00,55.09999847412109,1452.0560302734375,46.5,46.5,68.0,77.80000305175781,0.0,0.4132072031497955,5945.5,57
2020-05-11 18:30:00-05:00,55.20000076293945,1459.31298828125,46.5,46.59999847412109,67.0,77.5999984741211,0.0,0.4022440612316131,5962.0,57
2020-05-11 18:45:00-05:00,55.29999923706055,1487.4749755859375,46.5,46.5,67.0,77.69999694824219,0.0,0.3966453373432159,5945.5,57
2020-05-11 19:00:00-05:00,55.09999847412109,1451.249755859375,46.5,46.5,67.0,77.69999694824219,0.0,0.4093023836612701,5951.0,57
2020-05-11 19:15:00-05:00,55.09999847412109,1444.7998046875,46.5,46.5,67.0,77.69999694824219,0.0,0.4104374945163727,5956.5,57
2020-05-11 19:30:00-05:00,55.0,1433.250244140625,46.5,46.59999847412109,66.0,77.4000015258789,0.0,0.4018837511539459,5964.75,57
2020-05-11 19:45:00-05:00,55.09999847412109,1446.328125,46.5,46.59999847412109,67.0,77.4000015258789,0.0,0.4017069041728973,5953.75,57
2020-05-11 20:00:00-05:00,55.20000076293945,1447.125,46.5,46.70000076293945,67.0,77.5,0.0,0.4035587906837463,5962.0,57
2020-05-11 20:15:00-05:00,55.20000076293945,1459.31298828125,46.5,46.59999847412109,67.0,77.5,0.0,0.4022440612316131,5953.75,57
2020-05-11 20:30:00-05:00,55.20000076293945,1449.637939453125,46.5,46.59999847412109,67.0,77.5,0.0,0.4021693766117096,5964.75,57
2020-05-11 20:45:00-05:00,55.09999847412109,1431.984375,46.5,46.59999847412109,67.0,77.4000015258789,0.0,0.4113173484802246,5953.75,57
2020-05-11 21:00:36-05:00,55.09999847412109,1439.15625,46.5,46.59999847412109,67.0,77.5,0.0,0.4092675745487213,5962.0,57
2020-05-11 21:15:00-05:00,55.09999847412109,1443.9375,46.5,46.59999847412109,67.0,77.4000015258789,0.0,0.4065272808074951,5970.25,57
2020-05-11 21:30:00-05:00,55.0,1453.5,46.5,46.5,67.0,77.4000015258789,0.0,0.4024767875671386,6041.75,57
2020-05-11 21:45:00-05:00,55.0,1430.8878173828125,46.5,46.59999847412109,66.0,77.30000305175781,0.0,0.4046438932418823,6028.0,57
2020-05-11 22:00:00-05:00,55.20000076293945,1449.637939453125,46.5,46.59999847412109,67.0,77.4000015258789,0.0,0.4056185185909271,6033.5,57
2020-05-11 22:15:00-05:00,55.20000076293945,1451.25048828125,46.5,46.59999847412109,67.0,77.4000015258789,0.0,0.4086131155490875,6063.75,57
2020-05-11 22:30:00-05:00,55.09999847412109,1447.125,46.5,46.59999847412109,67.0,77.5,0.0,0.4063228666782379,5978.5,57
2020-05-11 22:45:00-05:00,55.09999847412109,1465.453125,46.5,46.59999847412109,67.0,77.5999984741211,0.0,0.4046529829502105,5995.0,57
2020-05-11 23:00:00-05:00,55.29999923706055,1508.099853515625,46.5,46.5,68.0,77.5999984741211,0.0,0.4038194119930267,5973.0,57
2020-05-11 23:15:00-05:00,55.29999923706055,1492.4249267578125,46.5,46.5,68.0,77.5999984741211,0.0,0.4100708663463592,5970.25,57
2020-05-11 23:30:00-05:00,55.29999923706055,1498.199951171875,46.5,46.5,68.0,77.5999984741211,0.0,0.4064877927303314,6000.5,57
2020-05-11 23:45:00-05:00,55.400001525878906,1513.8756103515625,46.5,46.59999847412109,68.0,77.5,0.0,0.4088843166828155,5995.0,57
2020-05-12 00:00:00-05:00,55.5,1548.600341796875,46.5,46.59999847412109,70.0,77.69999694824219,0.0,0.4035902619361877,5992.25,57
2020-05-12 00:15:00-05:00,55.5,1574.4375,46.5,46.5,70.0,77.80000305175781,0.0,0.405224084854126,5989.5,57
2020-05-12 00:30:00-05:00,55.5,1559.25,46.5,46.5,70.0,77.80000305175781,0.0,0.4085297286510467,5984.0,57
2020-05-12 00:45:00-05:00,55.5,1559.25,46.5,46.5,70.0,77.5,0.0,0.4021163880825043,5989.5,57
2020-05-12 01:00:00-05:00,55.5,1547.7659912109375,46.5,46.59999847412109,70.0,77.5999984741211,0.0,0.4050999879837036,6000.5,57
2020-05-12 01:15:00-05:00,55.29999923706055,1527.89990234375,46.5,46.5,70.0,77.5999984741211,0.0,0.412330687046051,6008.75,57
2020-05-12 01:30:00-05:00,55.400001525878906,1552.772216796875,46.5,46.5,69.0,77.5,0.0,0.4005738794803619,5992.25,57
2020-05-12 01:45:00-05:00,55.29999923706055,1513.8748779296875,46.5,46.5,68.0,77.5,0.0,0.4075634181499481,6011.5,57
2020-05-12 02:00:00-05:00,55.29999923706055,1499.118896484375,46.5,46.59999847412109,68.0,77.4000015258789,0.0,0.4049045145511627,5995.0,57
2020-05-12 02:15:00-05:00,55.29999923706055,1504.0126953125,46.5,46.59999847412109,68.0,77.4000015258789,0.0,0.4022572338581085,6006.0,57
2020-05-12 02:30:00-05:00,55.5,1507.27490234375,46.5,46.70000076293945,68.0,77.4000015258789,0.0,0.3967424929141998,5992.25,57
2020-05-12 02:45:00-05:00,55.400001525878906,1536.9190673828125,46.5,46.5,68.0,77.30000305175781,0.0,0.4216227233409881,5986.75,57
2020-05-12 03:00:00-05:00,55.400001525878906,1525.425537109375,46.5,46.59999847412109,68.0,77.4000015258789,0.0,0.3867773115634918,6006.0,57
2020-05-12 03:15:00-05:00,55.29999923706055,1506.4595947265625,46.5,46.59999847412109,67.0,77.19999694824219,0.0,0.3943019807338714,6006.0,57
2020-05-12 03:30:00-05:00,55.29999923706055,1517.9998779296875,46.5,46.5,68.0,77.19999694824219,0.0,0.3939394354820251,6017.0,57
2020-05-12 03:45:00-05:00,55.29999923706055,1476.2813720703125,46.5,46.59999847412109,67.0,77.0999984741211,0.0,0.4037170708179474,6008.75,57
2020-05-12 04:00:00-05:00,55.59999847412109,1532.25,46.5,46.59999847412109,69.0,77.30000305175781,0.0,0.4105074107646942,6014.25,57
2020-05-12 04:15:00-05:00,55.5,1527.740966796875,46.5,46.59999847412109,68.0,77.4000015258789,0.0,0.4097553193569183,6006.0,57
2020-05-12 04:30:00-05:00,55.400001525878906,1507.2755126953125,46.5,46.59999847412109,68.0,77.19999694824219,0.0,0.4000595808029175,6028.0,57
2020-05-12 04:45:00-05:00,55.5,1532.7471923828125,46.5,46.59999847412109,69.0,77.5,0.0,0.3914539813995361,6025.25,57
2020-05-12 05:00:00-05:00,55.5,1528.5753173828125,46.5,46.59999847412109,69.0,77.5,0.0,0.3971017897129059,6030.75,57
2020-05-12 05:15:00-05:00,55.59999847412109,1530.5625,46.5,46.59999847412109,69.0,77.5999984741211,0.0,0.4083465933799743,6039.0,57
2020-05-12 05:30:00-05:00,55.5,1528.03125,46.5,46.5,69.0,77.5,0.0,0.4077141880989074,6028.0,57
2020-05-12 05:45:00-05:00,55.59999847412109,1532.25,46.5,46.59999847412109,69.0,77.5,0.0,0.4052863419055938,6044.5,57
2020-05-12 06:00:00-05:00,55.59999847412109,1531.40625,46.5,46.59999847412109,69.0,77.4000015258789,0.0,0.4048566520214081,6019.75,57
2020-05-12 06:15:00-05:00,55.59999847412109,1522.7340087890625,46.5,46.70000076293945,70.0,77.4000015258789,0.0,0.4058489501476288,6025.25,57
2020-05-12 06:30:00-05:00,55.70000076293945,1556.95361328125,46.5,46.59999847412109,70.0,77.5999984741211,0.0,0.4020672142505646,6041.75,57
2020-05-12 06:45:00-05:00,55.79999923706055,1578.965576171875,46.5,46.5,70.0,77.5,0.0,0.3983620703220367,6047.25,57
2020-05-12 07:00:00-05:00,55.59999847412109,1529.71875,46.5,46.59999847412109,70.0,77.5,0.0,0.4085718393325805,6044.5,57
2020-05-12 07:15:00-05:00,55.5,1527.1875,46.5,46.5,69.0,77.4000015258789,0.0,0.4020462334156036,6022.5,57
2020-05-12 07:30:00-05:00,55.70000076293945,1549.9127197265625,46.5,46.5,69.0,77.5,0.0,0.3967965245246887,6039.0,57
2020-05-12 07:45:00-05:00,55.5,1540.7435302734375,46.5,46.400001525878906,69.0,77.5,0.0,0.3985089063644409,6044.5,57
2020-05-12 08:00:00-05:00,55.5,1527.1875,46.5,46.5,69.0,77.5,0.0,0.4053202271461487,6039.0,57
2020-05-12 08:15:00-05:00,55.59999847412109,1522.7340087890625,46.5,46.70000076293945,68.0,77.4000015258789,0.0,0.3703864216804504,6066.5,57
2020-05-12 08:30:00-05:00,55.5,1522.125,46.5,46.5,68.0,77.4000015258789,0.0,0.3876160085201263,6058.25,57
2020-05-12 08:45:00-05:00,55.59999847412109,1526.34375,46.5,46.59999847412109,68.0,77.4000015258789,0.0,0.395061731338501,6058.25,57
2020-05-12 09:00:00-05:00,55.5,1514.390869140625,46.5,46.59999847412109,68.0,77.4000015258789,0.0,0.4140278398990631,6072.0,57
2020-05-12 09:15:00-05:00,55.59999847412109,1520.4375,46.5,46.59999847412109,68.0,77.30000305175781,0.0,0.4090927839279175,6063.75,57
2020-05-12 09:30:00-05:00,55.5,1529.71875,46.5,46.5,68.0,77.4000015258789,0.0,0.3961512446403503,6052.75,57
2020-05-12 09:45:00-05:00,55.5,1527.1875,46.5,46.5,68.0,77.30000305175781,0.0,0.4190710186958313,6058.25,57
2020-05-12 10:00:00-05:00,55.5,1545.0091552734375,46.5,46.400001525878906,68.0,77.30000305175781,0.0,0.3773440420627594,6055.5,57
2020-05-12 10:15:00-05:00,55.400001525878906,1501.03125,46.5,46.400001525878906,68.0,77.19999694824219,0.0,0.4137155711650848,6052.75,57
2020-05-12 10:30:00-05:00,55.5,1517.90625,46.5,46.5,68.0,77.19999694824219,0.0,0.3979165256023407,6066.5,57
2020-05-12 10:45:00-05:00,55.5,1495.2003173828125,46.5,46.59999847412109,68.0,77.19999694824219,0.0,0.4106473326683044,6072.0,57
2020-05-12 11:00:00-05:00,55.400001525878906,1512.84375,46.5,46.400001525878906,68.0,77.0999984741211,0.0,0.4250273704528808,6066.5,57
2020-05-12 11:15:00-05:00,55.20000076293945,1452.8629150390625,46.5,46.59999847412109,66.0,76.69999694824219,0.0,0.3950819969177246,6069.25,57
2020-05-12 11:30:00-05:00,55.20000076293945,1431.900390625,46.5,46.59999847412109,66.0,76.9000015258789,0.0,0.4029609858989715,6088.5,57
2020-05-12 11:45:00-05:00,55.29999923706055,1464.0469970703125,46.5,46.59999847412109,66.0,76.9000015258789,0.0,0.3961621522903442,6077.5,57
2020-05-12 12:00:00-05:00,55.29999923706055,1464.0469970703125,46.5,46.59999847412109,67.0,76.80000305175781,0.0,0.3975282311439514,6066.5,57
2020-05-12 12:15:00-05:00,55.20000076293945,1439.1566162109375,46.5,46.59999847412109,66.0,76.9000015258789,0.0,0.4002344012260437,6000.5,57
2020-05-12 12:30:00-05:00,55.20000076293945,1436.7379150390625,46.5,46.59999847412109,66.0,76.9000015258789,0.0,0.4023002386093139,6017.0,57
2020-05-12 12:45:00-05:00,55.09999847412109,1430.390625,46.5,46.59999847412109,66.0,76.9000015258789,0.0,0.4026871919631958,6022.5,57
2020-05-12 13:00:00-05:00,55.09999847412109,1451.249755859375,46.5,46.5,66.0,76.9000015258789,0.0,0.3982774019241333,6014.25,57
2020-05-12 13:15:00-05:00,55.09999847412109,1439.9622802734375,46.5,46.5,66.0,76.9000015258789,0.0,0.3986215591430664,6011.5,57
2020-05-12 13:30:00-05:00,55.09999847412109,1433.5123291015625,46.5,46.5,66.0,76.9000015258789,0.0,0.4011127054691314,5981.25,57
2020-05-12 13:45:00-05:00,55.20000076293945,1441.575439453125,46.5,46.59999847412109,66.0,76.9000015258789,0.0,0.3988691568374634,5970.25,57
2020-05-12 14:00:00-05:00,55.09999847412109,1434.3184814453125,46.5,46.5,65.0,76.9000015258789,0.0,0.3980984687805176,5975.75,57
2020-05-12 14:15:00-05:00,55.0,1434.3184814453125,46.5,46.400001525878906,65.0,76.80000305175781,0.0,0.399492859840393,5978.5,57
2020-05-12 14:30:00-05:00,55.0,1433.5123291015625,46.5,46.400001525878906,65.0,76.80000305175781,0.0,0.3976247608661651,5981.25,57
2020-05-12 14:45:00-05:00,55.0,1404.09375,46.5,46.5,65.0,76.69999694824219,0.0,0.4002581834793091,5995.0,57
2020-05-12 15:00:00-05:00,55.0,1427.203125,46.5,46.5,65.0,76.69999694824219,0.0,0.4000832140445709,5975.75,57
2020-05-12 15:15:00-05:00,55.09999847412109,1433.0526123046875,46.5,46.400001525878906,65.0,76.69999694824219,0.0,0.3949610888957977,5984.0,57
2020-05-12 15:30:00-05:00,55.09999847412109,1387.359375,46.5,46.59999847412109,65.0,76.69999694824219,0.0,0.3993197381496429,5989.5,57
2020-05-12 15:45:00-05:00,55.0,1384.42529296875,46.5,46.59999847412109,65.0,76.5999984741211,0.0,0.4008883833885193,5995.0,57
2020-05-12 16:00:00-05:00,55.20000076293945,1413.356689453125,46.5,46.59999847412109,65.0,76.5,0.0,0.3926821947097778,5997.75,57
2020-05-12 16:15:00-05:00,55.09999847412109,1402.5,46.5,46.59999847412109,65.0,76.5999984741211,0.0,0.3985739648342132,5992.25,57
2020-05-12 16:30:00-05:00,55.20000076293945,1413.356689453125,46.5,46.59999847412109,65.0,76.69999694824219,0.0,0.3962198793888092,5992.25,57
2020-05-12 16:45:00-05:00,55.20000076293945,1397.71875,46.5,46.70000076293945,65.0,76.5999984741211,0.0,0.3992219567298889,5986.75,57
2020-05-12 17:00:00-05:00,55.20000076293945,1420.6129150390625,46.5,46.59999847412109,65.0,76.5999984741211,0.0,0.3956038951873779,5986.75,57
2020-05-12 17:15:00-05:00,55.20000076293945,1415.775390625,46.5,46.59999847412109,65.0,76.5999984741211,0.0,0.3969556093215942,5984.0,57
2020-05-12 17:30:00-05:00,55.09999847412109,1413.4776611328125,46.5,46.400001525878906,65.0,76.5999984741211,0.0,0.397600919008255,5981.25,57
2020-05-12 17:45:03-05:00,55.20000076293945,1401.262939453125,46.5,46.59999847412109,65.0,76.5999984741211,0.0,0.4003531336784363,5992.25,57
2020-05-12 18:00:00-05:00,55.20000076293945,1367.8878173828125,46.5,46.79999923706055,65.0,76.5,0.0,0.4064660668373108,5992.25,57
2020-05-12 18:15:00-05:00,55.20000076293945,1411.0313720703125,46.5,46.5,65.0,76.5999984741211,0.0,0.3997076153755188,6000.5,57
2020-05-12 18:30:00-05:00,55.20000076293945,1427.3438720703125,46.5,46.5,65.0,76.80000305175781,0.0,0.3965407311916351,5986.75,57
2020-05-12 18:45:00-05:00,55.0,1404.4873046875,46.5,46.400001525878906,65.0,76.80000305175781,0.0,0.4022820293903351,5992.25,57
2020-05-12 19:00:00-05:00,55.09999847412109,1424.080810546875,46.5,46.400001525878906,65.0,76.9000015258789,0.0,0.3960449397563934,6003.25,57
2020-05-12 19:15:00-05:00,55.09999847412109,1400.4560546875,46.5,46.5,65.0,76.80000305175781,0.0,0.4012978374958038,6025.25,57
2020-05-12 19:30:00-05:00,55.09999847412109,1402.068603515625,46.5,46.5,64.0,76.69999694824219,0.0,0.3901378214359283,5989.5,57
2020-05-12 19:45:00-05:00,55.09999847412109,1387.359375,46.5,46.59999847412109,65.0,76.5999984741211,0.0,0.4022029340267181,6006.0,57
2020-05-12 20:00:00-05:00,55.20000076293945,1415.775390625,46.5,46.59999847412109,65.0,76.5999984741211,0.0,0.3955429792404175,6028.0,57
2020-05-12 20:15:00-05:00,55.20000076293945,1415.775390625,46.5,46.59999847412109,65.0,76.69999694824219,0.0,0.3955429792404175,6017.0,57
2020-05-12 20:30:00-05:00,55.09999847412109,1420.6123046875,46.5,46.5,65.0,76.69999694824219,0.0,0.3991236686706543,6028.0,57
2020-05-12 20:45:00-05:00,55.20000076293945,1421.419189453125,46.5,46.59999847412109,65.0,76.80000305175781,0.0,0.399600625038147,6022.5,57
2020-05-12 21:00:00-05:00,55.09999847412109,1398.037353515625,46.5,46.5,65.0,76.5999984741211,0.0,0.4041379988193512,6030.75,57
2020-05-12 21:15:00-05:00,55.20000076293945,1410.1317138671875,46.5,46.59999847412109,65.0,76.80000305175781,0.0,0.4027992486953735,6025.25,57
2020-05-12 21:30:00-05:00,55.20000076293945,1423.0316162109375,46.5,46.59999847412109,65.0,76.69999694824219,0.0,0.3998505771160126,6036.25,57
2020-05-12 21:45:00-05:00,55.09999847412109,1404.890625,46.5,46.59999847412109,65.0,76.69999694824219,0.0,0.4035901427268982,6047.25,57
2020-05-12 22:00:00-05:00,55.29999923706055,1437.9749755859375,46.5,46.5,65.0,76.69999694824219,0.0,0.3929136395454407,6047.25,57
2020-05-12 22:15:00-05:00,55.29999923706055,1433.0533447265625,46.5,46.59999847412109,66.0,76.80000305175781,0.0,0.399845540523529,6039.0,57
2020-05-12 22:30:00-05:00,55.09999847412109,1408.875,46.5,46.59999847412109,65.0,76.69999694824219,0.0,0.4045781195163727,6019.75,57
2020-05-12 22:45:00-05:00,55.09999847412109,1432.7060546875,46.5,46.5,65.0,76.69999694824219,0.0,0.3964525759220123,6028.0,57
2020-05-12 23:00:00-05:00,55.29999923706055,1458.337646484375,46.5,46.59999847412109,66.0,76.69999694824219,0.0,0.3942845463752746,6033.5,57
2020-05-12 23:15:00-05:00,55.20000076293945,1443.1878662109375,46.5,46.59999847412109,66.0,76.69999694824219,0.0,0.3970377147197723,6047.25,57
2020-05-12 23:30:00-05:00,55.29999923706055,1453.4439697265625,46.5,46.59999847412109,66.0,76.5999984741211,0.0,0.3983641564846039,6033.5,57
2020-05-12 23:45:00-05:00,55.29999923706055,1458.337646484375,46.5,46.59999847412109,67.0,76.69999694824219,0.0,0.3997702598571777,6039.0,57
2020-05-13 00:00:00-05:00,55.5,1510.218994140625,46.5,46.59999847412109,68.0,76.9000015258789,0.0,0.3959690630435943,6050.0,57
2020-05-13 00:15:00-05:00,55.400001525878906,1496.550537109375,46.5,46.59999847412109,68.0,76.80000305175781,0.0,0.4035947918891907,6041.75,57
2020-05-13 00:30:00-05:00,55.59999847412109,1501.8746337890625,46.5,46.70000076293945,68.0,76.9000015258789,0.0,0.3961715400218963,6036.25,57
2020-05-13 00:45:00-05:00,55.400001525878906,1504.800537109375,46.5,46.59999847412109,68.0,76.80000305175781,0.0,0.3993884921073913,6033.5,57
2020-05-13 01:00:00-05:00,55.400001525878906,1522.7347412109375,46.5,46.5,68.0,76.80000305175781,0.0,0.3933711946010589,6033.5,57
2020-05-13 01:15:00-05:00,55.400001525878906,1497.3756103515625,46.5,46.59999847412109,68.0,76.80000305175781,0.0,0.4040402472019195,6041.75,57
2020-05-13 01:30:00-05:00,55.5,1507.27490234375,46.5,46.70000076293945,68.0,76.9000015258789,0.0,0.3967424929141998,6055.5,57
2020-05-13 01:45:00-05:00,55.5,1537.3125,46.5,46.5,68.0,76.9000015258789,0.0,0.3811846971511841,6028.0,57
2020-05-13 02:00:00-05:00,55.400001525878906,1548.28125,46.5,46.400001525878906,68.0,76.9000015258789,0.0,0.3616913855075836,6072.0,57
2020-05-13 02:15:00-05:00,55.59999847412109,1531.0777587890625,46.5,46.70000076293945,68.0,76.9000015258789,0.0,0.3944933414459228,6044.5,57
2020-05-13 02:30:00-05:00,55.5,1515.225341796875,46.5,46.59999847412109,68.0,76.9000015258789,0.0,0.3702419698238373,6050.0,57
